datetime,open,high,low,close,volume,price_macd,price_macd_signal,price_macd_hist,price_xlpl_phase,price_cross,volume_macd,volume_macd_signal,volume_macd_hist,volume_xlpl_phase,volume_cross,hlbw_trend,hlbw_macd,hlbw_macd_signal,hlbw_xlpl_phase,hlbw_cross,prophet_yhat,prophet_xlpl_phase,prophet_phase,prophet_cross,prophet_duration,long_entry_signal,short_entry_signal,long_exit_signal,short_exit_signal,pos,entry_price,highest_price,lowest_price,scaling_position,scaling_level,avg_entry_price
2025-01-03 13:45:00+08:00,8896.0,8897.0,8879.0,8889.0,10023.0,-10.058981813157516,-14.053096614014642,3.994114800857126,2,0,-327.63933164694754,-403.23839444699087,75.59906280004333,2,1,24.07181311598113,2.592559964193704,0.0,2,0,0.0,0,0,0,0,0,0,False,True,0,0.0,0.0,0.0,0,0,0.0
2025-01-03 13:50:00+08:00,8889.0,8907.0,8889.0,8897.0,9951.0,-8.54988735472216,-12.218910503932038,3.6690231492098793,2,0,-212.88304625151613,-339.2386678421674,126.35562159065125,2,0,24.191521035432018,2.699297043383396,0.0,2,0,0.0,0,0,0,0,0,0,False,True,0,0.0,0.0,0.0,0,0,0.0
2025-01-03 13:55:00+08:00,8898.0,8916.0,8898.0,8914.0,8609.0,-5.148302704239541,-9.86225747000843,4.713954765768889,2,0,-298.2093537978926,-325.2979782745396,27.088624476647,2,0,30.948112456622027,3.5737734482655235,0.0,2,0,0.0,0,0,0,0,0,0,False,True,0,0.0,0.0,0.0,0,0,0.0
2025-01-03 14:00:00+08:00,8914.0,8924.0,8902.0,8921.0,7395.0,-1.756806727980802,-7.160664192986704,5.403857465005902,2,0,-506.1983930913084,-385.4832885925488,-120.71510449875962,4,-1,37.12937746113197,4.898890475976401,0.0,2,10,0.0,0,0,0,0,0,0,False,True,0,0.0,0.0,0.0,0,0,0.0
2025-01-03 14:05:00+08:00,8920.0,8929.0,8915.0,8922.0,7593.0,0.7937834105669026,-4.509526735112084,5.303310145678987,2,0,-616.7652469092045,-462.5441956786727,-154.22105123053183,4,0,41.43378908545243,6.266723543699566,0.0,2,0,0.0,0,0,0,0,0,0,False,True,0,0.0,0.0,0.0,0,0,0.0
2025-01-03 14:10:00+08:00,8922.0,8922.0,8909.0,8913.0,4831.0,1.4288216724635276,-2.530499351463244,3.9593210239267718,2,0,-1032.1697241544261,-652.3201421655402,-379.8495819888859,4,0,40.971299190579586,7.035442123384115,0.0,2,0,0.0,0,0,0,0,0,0,False,True,0,0.0,0.0,0.0,0,0,0.0
2025-01-03 14:15:00+08:00,8911.0,8922.0,8903.0,8920.0,6187.0,2.734255575638599,-0.7759972038756071,3.5102527795142064,2,0,-1130.4366407256002,-811.5970087212824,-318.8396320043179,4,0,46.32628564848962,8.100028568657223,0.0,2,10,0.0,0,0,0,0,0,0,False,True,0,0.0,0.0,0.0,0,0,0.0
2025-01-03 14:20:00+08:00,8919.0,8920.0,8905.0,8916.0,4048.0,3.086614739650031,0.5107729539113974,2.5758417857386338,2,0,-1447.2206483652599,-1023.3402690831894,-423.8803792820705,4,0,47.63932003285066,8.848650701689138,0.0,2,0,0.0,0,0,0,0,0,0,False,True,0,0.0,0.0,0.0,0,0,0.0
2025-01-03 14:25:00+08:00,8916.0,8919.0,8903.0,8906.0,3947.0,1.9989309019601933,1.0057866823672212,0.993144219592972,2,0,-1652.18654883006,-1232.7111902116021,-419.4753586184579,4,0,43.54243521828709,8.675786599227749,0.0,2,0,0.0,0,0,0,0,0,0,False,True,0,0.0,0.0,0.0,0,0,0.0
2025-01-03 14:30:00+08:00,8908.0,8908.0,8886.0,8890.0,7821.0,-0.8407211055073276,0.389295518411206,-1.2300166239185337,4,-1,-1269.5349112974236,-1244.8110076238981,-24.723903673525456,4,0,34.235782574653285,7.197623391145186,0.0,1,-1,0.0,0,0,0,0,0,0,True,False,0,0.0,0.0,0.0,0,0,0.0
2025-01-03 14:35:00+08:00,8890.0,8893.0,8871.0,8873.0,8366.0,-4.980329092384636,-1.4017189874030027,-3.5786101049816335,4,0,-904.1569713362906,-1131.0959717534747,226.93900041718416,2,1,22.45330149803986,4.508156401872633,0.0,4,0,0.0,0,0,0,0,0,0,True,False,0,0.0,0.0,0.0,0,0,0.0
2025-01-03 14:40:00+08:00,8873.0,8879.0,8871.0,8873.0,6085.0,-7.788037523770981,-3.5314293187892254,-4.256608204981756,4,0,-917.7304424109179,-1060.0111566548103,142.28071424389236,2,0,16.749609244297677,1.8030925305141956,0.0,4,0,0.0,0,0,0,0,0,0,True,False,0,0.0,0.0,0.0,0,0,0.0
2025-01-03 14:45:00+08:00,8872.0,8882.0,8871.0,8874.0,5537.0,-9.472680818678782,-5.513190512019011,-3.959490306659771,4,0,-977.3339108108021,-1032.3757166731928,55.041805862390675,2,0,15.255840720808552,-0.32691782199564656,0.0,4,0,0.0,0,0,0,0,0,0,True,False,0,0.0,0.0,0.0,0,0,0.0
2025-01-03 14:50:00+08:00,8874.0,8879.0,8871.0,8878.0,6416.0,-9.94944723993467,-6.992701785024678,-2.956745454909992,4,0,-886.8422744045729,-983.6824900275886,96.84021562301575,2,0,16.89262099548518,-1.6052286246416472,0.0,4,0,0.0,0,0,0,0,0,0,True,False,0,0.0,0.0,0.0,0,0,0.0
2025-01-03 14:55:00+08:00,8879.0,8887.0,8860.0,8878.0,13164.0,-10.074659123129095,-8.020872497275217,-2.0537866258538777,4,0,52.42221975187658,-638.2406217427341,690.6628414946107,2,0,18.091022254083015,-2.3206925485448195,0.0,4,0,0.0,0,0,0,0,0,0,True,False,0,0.0,0.0,0.0,0,0,0.0
2025-01-03 21:00:00+08:00,8870.0,8870.0,8796.0,8858.0,31403.0,-12.489338599449184,-9.511121712122193,-2.9782168873269903,4,-2,3028.256971784889,583.9048793211128,2444.3520924637764,2,0,27.126781237280255,-1.615585150572251,0.0,4,-100,0.0,0,0,0,0,0,0,True,False,0,0.0,0.0,0.0,0,0,0.0
2025-01-03 21:05:00+08:00,8858.0,8868.0,8845.0,8867.0,10756.0,-12.781338609025624,-10.601750887408324,-2.1795877216173007,4,0,2436.3871071720896,1201.3416415503107,1235.045465621779,2,0,34.92039891318994,-0.0984712000874488,0.0,3,1,0.0,0,0,0,0,0,0,True,True,0,0.0,0.0,0.0,0,0,0.0
2025-01-03 21:10:00+08:00,8868.0,8885.0,8866.0,8881.0,13431.0,-10.938418082876524,-10.714294678995882,-0.22412340388064145,4,0,2307.961477263687,1570.129832301286,737.831644962401,2,0,43.752876702064846,2.0930871111340323,0.0,2,100,0.0,0,0,0,0,0,0,True,True,0,0.0,0.0,0.0,0,0,0.0
2025-01-03 21:15:00+08:00,8883.0,8911.0,8880.0,8899.0,16690.0,-7.124157101390665,-9.517668061053206,2.3935109596625406,2,1,2582.447235094922,1907.3756901174038,675.071544977518,2,0,56.070723418614605,5.156711944550892,0.0,2,0,0.0,0,0,0,0,0,0,False,True,0,0.0,0.0,0.0,0,0,0.0
2025-01-03 21:20:00+08:00,8899.0,8905.0,8887.0,8893.0,8687.0,-5.051004922061111,-8.02868705511308,2.977682133051969,2,0,1704.6160082311108,1839.5651325736505,-134.9491243425398,1,-1,59.98147376138121,7.689960260788993,0.0,2,0,0.0,0,0,0,0,0,0,False,True,0,0.0,0.0,0.0,0,0,0.0
2025-01-03 21:25:00+08:00,8893.0,8899.0,8888.0,8893.0,6015.0,-3.4850951169682958,-6.513966838454258,3.028871721485962,2,0,711.5237060899926,1463.3947423305444,-751.8710362405518,4,0,62.52271716405689,9.629395596527573,0.0,2,0,0.0,0,0,0,0,0,0,False,True,0,0.0,0.0,0.0,0,0,0.0
2025-01-03 21:30:00+08:00,8893.0,8897.0,8859.0,8865.0,14707.0,-5.8649556013861,-6.297482392015886,0.43252679062978583,2,0,1101.5189881767565,1342.7883395629567,-241.26935138620024,4,0,55.59086766546339,9.910811011890452,0.0,2,0,0.0,0,0,0,0,0,0,False,True,0,0.0,0.0,0.0,0,0,0.0
2025-01-03 21:35:00+08:00,8863.0,8872.0,8856.0,8862.0,9637.0,-7.796170721794624,-6.796624551928614,-0.9995461698660097,4,-1,708.6778150483133,1131.2833033634229,-422.6054883151096,4,0,50.85237560914334,9.295521309477529,0.0,2,0,0.0,0,0,0,0,0,0,True,False,0,0.0,0.0,0.0,0,0,0.0
2025-01-03 21:40:00+08:00,8862.0,8882.0,8860.0,8867.0,9593.0,-8.355575348579805,-7.316246655560918,-1.039328693018887,4,0,411.7227822208697,891.3944637355876,-479.6716815147179,4,0,50.827374662462816,8.652737692842642,0.0,2,0,0.0,0,0,0,0,0,0,True,False,0,0.0,0.0,0.0,0,0,0.0
2025-01-03 21:45:00+08:00,8867.0,8867.0,8844.0,8854.0,11433.0,-10.223158412485645,-8.285169089020084,-1.9379893234655619,4,0,427.64129297315594,736.7357245090558,-309.09443153589984,4,0,46.03086054600684,7.410020733361691,0.0,1,-1,0.0,0,0,0,0,0,0,True,False,0,0.0,0.0,0.0,0,0,0.0
2025-01-03 21:50:00+08:00,8854.0,8870.0,8854.0,8869.0,7153.0,-9.416035190984985,-8.66187859889771,-0.7541565920872753,4,0,-113.65534924918029,453.2553815840315,-566.9107308332118,4,0,49.42853147577255,6.813668870598256,0.0,4,0,0.0,0,0,0,0,0,0,True,False,0,0.0,0.0,0.0,0,0,0.0
2025-01-03 21:55:00+08:00,8869.0,8882.0,8860.0,8879.0,7721.0,-7.378123305452391,-8.23300936461751,0.8548860591651195,2,1,-419.9415138435106,162.26443707734046,-582.2059509208511,4,0,55.92839100816366,7.07396501662533,0.0,4,0,0.0,0,0,0,0,0,0,False,True,0,0.0,0.0,0.0,0,0,0.0
2025-01-03 22:00:00+08:00,8879.0,8914.0,8879.0,8897.0,15036.0,-3.501798168515961,-6.654850439649639,3.153052271133678,2,0,302.19964929134585,208.87364424175362,93.32600504959223,3,1,66.60119153602717,8.446349787036354,0.0,2,1,0.0,0,0,0,0,6,0,False,True,0,8897.0,0.0,0.0,0,0,0.0
2025-01-03 22:05:00+08:00,8898.0,8902.0,8890.0,8902.0,7335.0,-0.06492736114341824,-4.457312678941387,4.392385317797968,2,0,-173.83599902339301,81.36123592661163,-255.19723495000466,4,-1,74.00073816560572,10.165447583382523,0.0,2,0,0.0,0,0,0,0,0,0,False,True,1,8897.0,0.0,0.0,0,0,0.0
2025-01-03 22:10:00+08:00,8900.0,8901.0,8887.0,8892.0,6511.0,1.0849158029213868,-2.6094189007342976,3.6943347036556844,2,0,-609.8469770737338,-149.05940907753285,-460.78756799620095,4,0,72.9794839201461,11.033249416715314,0.0,2,0,0.0,0,0,0,0,0,0,False,True,1,8897.0,0.0,0.0,0,0,0.0
2025-01-03 22:15:00+08:00,8893.0,8897.0,8885.0,8894.0,4772.0,2.1251870739870355,-1.0307326306789841,3.1559197046660197,2,0,-1124.5985055741676,-474.26274525362965,-650.3357603205379,4,0,72.33638663795301,11.333533903579337,0.0,2,0,0.0,0,0,0,0,0,0,False,True,1,8897.0,0.0,0.0,0,0,0.0
2025-01-03 22:20:00+08:00,8894.0,8912.0,8891.0,8907.0,5904.0,4.463195401192934,0.8010928545403553,3.6621025466525783,2,0,-1319.479205292383,-756.2021379184034,-563.2770673739797,4,0,77.2361602228705,11.919138471669285,0.0,2,0,0.0,0,0,0,0,0,0,False,True,1,8897.0,0.0,0.0,0,0,0.0
2025-01-03 22:25:00+08:00,8907.0,8924.0,8905.0,8915.0,12027.0,7.029698155314691,2.8775315997748443,4.152166555539846,2,0,-651.0605186845078,-721.2104494659285,70.14993078142072,3,1,83.26275040675667,12.844833579876422,0.0,2,10,0.0,0,0,0,0,0,0,False,True,1,8897.0,0.0,0.0,0,0,0.0
2025-01-03 22:30:00+08:00,8915.0,8919.0,8903.0,8909.0,7490.0,7.925074298591426,4.560230241130245,3.3648440574611804,2,0,-742.9499829913857,-728.4163694089166,-14.533613582469115,4,-1,83.70080546852085,13.278153109170844,0.0,2,0,0.0,0,0,0,0,0,0,False,True,1,8897.0,0.0,0.0,0,0,0.0
2025-01-03 22:35:00+08:00,8909.0,8911.0,8894.0,8910.0,5710.0,8.514596613316826,5.878668566203308,2.6359280471135182,2,0,-1017.9768614801687,-824.9572176362275,-193.01964384394125,4,0,83.67096384333433,13.300974088670571,0.0,2,0,0.0,0,0,0,0,0,0,False,True,1,8897.0,0.0,0.0,0,0,0.0
2025-01-03 22:40:00+08:00,8910.0,8919.0,8907.0,8907.0,5363.0,8.368171857333436,6.708638506839925,1.6595333504935113,2,0,-1234.08012651044,-961.3913097971626,-272.68881671327745,4,0,82.31641402656109,12.873641598214576,0.0,2,0,0.0,0,0,0,0,0,0,False,True,1,8897.0,0.0,0.0,0,0,0.0
2025-01-03 22:45:00+08:00,8908.0,8913.0,8901.0,8904.0,4653.0,7.70730310896397,7.041844382161975,0.6654587268019947,2,0,-1450.2640145765954,-1124.4612624658782,-325.80275211071717,4,0,80.2870872389737,12.036129100919297,0.0,4,-1,0.0,0,0,0,0,0,0,True,True,1,0.0,0.0,0.0,0,0,0.0
2025-01-03 22:50:00+08:00,8903.0,8912.0,8902.0,8906.0,4040.0,7.333283182091691,7.139410520953354,0.1938726611383368,2,0,-1649.5857164453628,-1299.6316423752048,-349.95407407015796,4,0,81.40241400512772,11.34216150425226,0.0,4,0,0.0,0,0,0,0,0,0,False,True,0,0.0,0.0,0.0,0,0,0.0
2025-01-03 22:55:00+08:00,8908.0,8918.0,8904.0,8918.0,5427.0,8.438708399347888,7.572851932368321,0.865856466979567,2,2,-1578.8177060026128,-1392.8008419635705,-186.01686403904228,4,0,87.25128010007782,11.37375313267691,0.0,4,0,0.0,0,0,0,0,0,0,False,True,0,0.0,0.0,0.0,0,0,0.0
2025-01-06 09:00:00+08:00,8912.0,8934.0,8903.0,8916.0,22164.0,8.784261610810063,7.977132789658671,0.8071288211513918,2,0,629.6392728012306,-718.8216806638679,1348.4609534650986,2,1,87.80744082451483,11.222750477514651,0.0,4,0,0.0,0,0,0,0,0,0,False,True,0,0.0,0.0,0.0,0,0,0.0
2025-01-06 09:05:00+08:00,8917.0,8942.0,8916.0,8934.0,13876.0,11.12752094021198,9.027902710677079,2.099618229534901,2,0,1117.9991865985994,-106.6497158069476,1224.648902405547,2,0,91.71193219647714,11.380759151669338,0.0,4,0,0.0,0,0,0,0,0,0,False,True,0,0.0,0.0,0.0,0,0,0.0
2025-01-06 09:10:00+08:00,8936.0,8948.0,8923.0,8939.0,11122.0,13.175825146139687,10.41097301712807,2.764852129011617,2,0,1088.4648348996707,291.8113058918784,796.6535290077923,2,0,93.57825086905314,11.485807963281133,0.0,4,0,0.0,0,0,0,0,0,0,False,True,0,0.0,0.0,0.0,0,0,0.0
2025-01-06 09:15:00+08:00,8938.0,8953.0,8937.0,8942.0,9573.0,14.719450988672179,11.847585527547198,2.8718654611249814,2,0,847.8330489795499,477.1154311938538,370.71761778569606,2,0,93.59543739026508,11.321691494112159,0.0,4,0,0.0,0,0,0,0,0,0,False,True,0,0.0,0.0,0.0,0,0,0.0
2025-01-06 09:20:00+08:00,8942.0,8947.0,8923.0,8927.0,7751.0,13.588826481856813,12.427796276328149,1.1610302055286645,2,0,429.2858015042402,461.2324102949973,-31.946608790757068,1,-1,88.05684619215151,10.2440781759868,0.0,4,0,0.0,0,0,0,0,0,0,False,True,0,0.0,0.0,0.0,0,0,0.0
2025-01-06 09:25:00+08:00,8927.0,8930.0,8912.0,8928.0,7883.0,12.63219195693091,12.495397221717676,0.13679473521323438,2,0,142.59937750506106,355.22718880359776,-212.6278112985367,1,0,85.229772795397,8.93412590830468,0.0,4,0,0.0,0,0,0,0,0,0,False,True,0,0.0,0.0,0.0,0,0,0.0
2025-01-06 09:30:00+08:00,8928.0,8931.0,8908.0,8915.0,6579.0,10.040666042130397,11.676556644068608,-1.6358906019382111,4,-1,-227.83536534510677,160.9517087139064,-388.7870740590132,4,0,79.5816156260981,7.121897309799053,0.0,4,0,0.0,0,0,0,0,0,0,True,False,0,0.0,0.0,0.0,0,0,0.0
2025-01-06 09:35:00+08:00,8916.0,8918.0,8906.0,8907.0,4814.0,6.988205192617897,10.112916081100101,-3.1247108884822037,4,0,-707.2139367614309,-127.81301716785467,-579.4009195935762,4,0,73.8701050744496,4.967379944761348,0.0,4,0,0.0,0,0,0,0,0,0,True,False,0,0.0,0.0,0.0,0,0,0.0
2025-01-06 09:40:00+08:00,8907.0,8917.0,8903.0,8911.0,4982.0,5.2002285732996825,8.474699732041124,-3.2744711587414415,4,0,-1008.4128261279839,-421.009711448146,-587.4031146798379,4,0,72.67385050706243,3.195131900356685,0.0,4,0,0.0,0,0,0,0,0,0,True,False,0,0.0,0.0,0.0,0,0,0.0
2025-01-06 09:45:00+08:00,8912.0,8922.0,8907.0,8919.0,3956.0,4.848041000286685,7.2654943352692705,-2.4174533349825857,4,0,-1329.2862280109011,-723.4834218925037,-605.8028061183975,4,0,75.4844822369333,2.2456448300371648,0.0,4,0,0.0,0,0,0,0,0,0,True,False,0,0.0,0.0,0.0,0,0,0.0
2025-01-06 09:50:00+08:00,8918.0,8924.0,8904.0,8911.0,4240.0,3.4816990561866987,6.003953765510647,-2.5222547093239482,4,0,-1491.0560264524274,-979.2746148065163,-511.78141164591113,4,0,74.44854500884193,1.39097489990138,0.0,4,0,0.0,0,0,0,0,0,0,True,False,0,0.0,0.0,0.0,0,0,0.0
2025-01-06 09:55:00+08:00,8912.0,8917.0,8886.0,8893.0,6935.0,0.1607968083990272,4.056019283864366,-3.8952224754653386,4,0,-1231.0665682285235,-1063.1083991607945,-167.95816906772893,4,0,67.25341038010347,-0.16403343912469381,0.0,4,-10,0.0,0,0,0,0,0,0,True,False,0,0.0,0.0,0.0,0,0,0.0
2025-01-06 10:00:00+08:00,8894.0,8894.0,8869.0,8879.0,13735.0,-3.957237274145882,1.3848389636575278,-5.3420762378034095,4,0,-158.76646851113946,-761.7741165666405,603.007648055501,2,1,58.34330686599232,-2.3977234284196385,0.0,4,0,0.0,0,0,0,0,0,0,True,False,0,0.0,0.0,0.0,0,0,0.0
2025-01-06 10:05:00+08:00,8879.0,8906.0,8878.0,8904.0,7871.0,-3.59667989677655,-0.27566734248113955,-3.32101255429541,4,0,-145.47962506996646,-556.4491256591145,410.9695005891481,2,0,62.907296838696,-3.3470279252343005,0.0,4,0,0.0,0,0,0,0,0,0,True,False,0,0.0,0.0,0.0,0,0,0.0
2025-01-06 10:10:00+08:00,8904.0,8906.0,8893.0,8905.0,4047.0,-3.1398428611501004,-1.2303858748847345,-1.9094569862653659,4,0,-618.6115478397369,-577.2280880185183,-41.383459821218594,1,-1,66.8382695269535,-3.4578673931409014,0.0,4,0,0.0,0,0,0,0,0,0,True,False,0,0.0,0.0,0.0,0,0,0.0
2025-01-06 10:30:00+08:00,8905.0,8907.0,8872.0,8877.0,9575.0,-6.307043528506256,-2.9222030004180852,-3.3848405280881706,4,-2,-236.59651752669106,-463.82358958364387,227.2270720569528,2,1,58.780647197071595,-4.486881932894249,0.0,4,0,0.0,0,0,0,0,0,0,True,False,0,0.0,0.0,0.0,0,0,0.0
2025-01-06 10:35:00+08:00,8877.0,8880.0,8868.0,8874.0,6100.0,-8.783503583517813,-4.875861736572265,-3.9076418469455483,4,0,-404.04758105635847,-444.0196614151459,39.97208035878742,2,0,40.45944163513043,-7.451452180717887,0.0,4,-10,0.0,0,0,0,0,0,0,True,False,0,0.0,0.0,0.0,0,0,0.0
2025-01-06 10:40:00+08:00,8875.0,8877.0,8855.0,8860.0,9513.0,-12.117941228398195,-7.289673480323572,-4.828267748074623,4,0,-80.00069702278688,-322.83536402631586,242.83466700352898,2,0,23.77181902416161,-11.502486819636502,0.0,4,0,0.0,0,0,0,0,0,0,True,False,0,0.0,0.0,0.0,0,0,0.0
2025-01-06 10:45:00+08:00,8859.0,8859.0,8839.0,8849.0,15576.0,-15.604676309860224,-10.061097461529293,-5.543578848330931,4,0,919.5855811119054,91.14248080180164,828.4431003101038,2,0,12.99773429853461,-15.473005961555877,0.0,4,0,0.0,0,0,0,0,0,0,True,False,0,0.0,0.0,0.0,0,0,0.0
2025-01-06 10:50:00+08:00,8850.0,8850.0,8803.0,8829.0,22656.0,-20.268051569730233,-13.463526563594286,-6.804525006135947,4,0,2502.6559300052704,894.9214018234218,1607.7345281818486,2,0,13.552170227612745,-17.841884619745805,0.0,4,0,0.0,0,0,0,0,0,0,True,False,0,0.0,0.0,0.0,0,0,0.0
2025-01-06 10:55:00+08:00,8829.0,8836.0,8821.0,8829.0,7454.0,-23.120536042069944,-16.682432711657874,-6.438103330412069,4,0,1633.2046740966616,1140.8909084062882,492.31376569037343,2,0,15.206602930504761,-18.91098495260765,0.0,4,0,0.0,0,0,0,0,0,0,True,False,0,0.0,0.0,0.0,0,0,0.0
2025-01-06 11:00:00+08:00,8829.0,8838.0,8807.0,8815.0,12609.0,-26.41613066269565,-19.926770611158624,-6.489360051537027,4,0,1641.3729414249137,1307.5896793901013,333.7832620348124,2,0,11.106613001012924,-19.785572051027373,0.0,4,0,0.0,0,0,0,0,0,0,True,False,0,0.0,0.0,0.0,0,0,0.0
2025-01-06 11:05:00+08:00,8817.0,8821.0,8785.0,8789.0,21007.0,-31.477690450223236,-23.776826925831102,-7.700863524392133,4,0,2678.764719720535,1764.5191757274642,914.2455439930709,2,0,5.608207978576104,-20.684598082216812,0.0,4,0,0.0,0,0,0,0,0,0,True,False,0,0.0,0.0,0.0,0,0,0.0
2025-01-06 11:10:00+08:00,8789.0,8799.0,8781.0,8793.0,9962.0,-33.86596658299459,-27.140209655732537,-6.725756927262051,4,0,1949.7498869692517,1826.3509162509733,123.3989707182784,2,0,5.533766335958354,-20.894508712550028,0.0,4,0,0.0,0,0,0,0,0,0,True,False,0,0.0,0.0,0.0,0,0,0.0
2025-01-06 11:15:00+08:00,8793.0,8808.0,8789.0,8807.0,7612.0,-33.051578876131316,-29.11045279250624,-3.9411260836250754,4,0,1096.9861866461506,1583.2269679903563,-486.24078134420574,4,-1,10.652909322718047,-19.94394206387738,0.0,4,0,0.0,0,0,0,0,0,0,True,False,0,0.0,0.0,0.0,0,0,0.0
2025-01-06 11:20:00+08:00,8806.0,8808.0,8793.0,8804.0,5681.0,-32.159635427058674,-30.126397520368148,-2.033237906690527,4,0,228.40564425455887,1131.5577439607537,-903.1520997061948,4,0,12.67069049344121,-18.59240711755621,0.0,3,0,0.0,0,0,0,0,0,0,True,False,0,0.0,0.0,0.0,0,0,0.0
2025-01-06 11:25:00+08:00,8804.0,8816.0,8796.0,8814.0,6240.0,-29.581590405925454,-29.944527088667588,0.3629366827421343,3,1,-316.79780350738656,648.6026844047547,-965.4004879121412,4,0,16.55682772740131,-16.751736945348693,0.0,2,0,0.0,0,0,0,0,0,0,False,True,0,0.0,0.0,0.0,0,0,0.0
2025-01-06 13:30:00+08:00,8809.0,8817.0,8788.0,8797.0,10461.0,-29.300887422106825,-29.730529993367387,0.4296425712605618,2,0,-157.38414331863532,380.1542040325141,-537.5383473511495,4,0,13.049319133044552,-15.552133097279434,0.0,2,0,0.0,0,0,0,0,0,0,False,True,0,0.0,0.0,0.0,0,0,0.0
2025-01-06 13:35:00+08:00,8797.0,8801.0,8785.0,8798.0,5695.0,-28.356499183566484,-29.273182490978368,0.9166833074118834,2,0,-647.147077271371,37.823777855447986,-684.9708551268191,4,0,10.959723682339991,-14.62499336802019,0.0,2,0,0.0,0,0,0,0,0,0,False,True,0,0.0,0.0,0.0,0,0,0.0
2025-01-06 13:40:00+08:00,8798.0,8811.0,8797.0,8805.0,5847.0,-26.20297059445511,-28.25035687080432,2.0473862763492114,2,0,-958.6600086058643,-294.1290240836921,-664.5309845221722,4,0,12.363835007317755,-13.47297362089199,0.0,2,0,0.0,0,0,0,0,0,0,False,True,0,0.0,0.0,0.0,0,0,0.0
2025-01-06 13:45:00+08:00,8805.0,8816.0,8797.0,8798.0,5814.0,-25.02175051238919,-27.17450871983856,2.15275820744937,2,0,-1161.9480544032567,-583.4021742881424,-578.5458801151143,4,0,11.11824132765361,-12.529104667590126,0.0,2,0,0.0,0,0,0,0,0,0,False,True,0,0.0,0.0,0.0,0,0,0.0
2025-01-06 13:50:00+08:00,8798.0,8829.0,8793.0,8824.0,9528.0,-20.359525114947246,-24.90326441269549,4.5437392977482425,2,0,-808.6784749247063,-658.3883699221957,-150.2901050025106,4,0,18.679432551284908,-10.646209389822653,0.0,2,0,0.0,0,0,0,0,0,0,False,True,0,0.0,0.0,0.0,0,0,0.0
2025-01-06 13:55:00+08:00,8824.0,8828.0,8814.0,8818.0,5983.0,-17.409626408734766,-22.405626483032982,4.996000074298216,2,0,-993.2086610277493,-769.9906570481091,-223.21800397964012,4,0,21.155681501824414,-8.79690535992616,0.0,2,0,0.0,0,0,0,0,0,0,False,True,0,0.0,0.0,0.0,0,0,0.0
2025-01-06 14:00:00+08:00,8817.0,8822.0,8799.0,8802.0,7425.0,-16.997316716189744,-20.603283834360578,3.6059671181708346,2,0,-918.9206986408435,-819.6201268244392,-99.30057181640427,4,0,16.60974157053558,-7.888559456695631,0.0,2,0,0.0,0,0,0,0,0,0,False,True,0,0.0,0.0,0.0,0,0,0.0
2025-01-06 14:05:00+08:00,8801.0,8807.0,8795.0,8797.0,5075.0,-16.982120904207477,-19.396336897954985,2.414215993747508,2,0,-1145.6747314779477,-928.3558992472782,-217.3188322306695,4,0,12.111444187688996,-7.65535703632246,0.0,2,0,0.0,0,0,0,0,0,0,False,True,0,0.0,0.0,0.0,0,0,0.0
2025-01-06 14:10:00+08:00,8797.0,8807.0,8776.0,8802.0,9976.0,-15.976924166996469,-18.25645489844757,2.2795307314511,2,0,-658.6795671042764,-838.5346223266353,179.85505522235883,3,1,12.98315437543712,-7.2208750857965125,0.0,2,0,0.0,0,0,0,0,0,0,False,True,0,0.0,0.0,0.0,0,0,0.0
2025-01-06 14:15:00+08:00,8803.0,8809.0,8796.0,8797.0,4774.0,-15.566370128204653,-17.359719992550474,1.7933498643458208,2,0,-962.6349009952974,-879.9793539992351,-82.6555469960623,4,-1,12.381828029415246,-6.851491697254238,0.0,2,0,0.0,0,0,0,0,0,0,False,True,0,0.0,0.0,0.0,0,0,0.0
2025-01-06 14:20:00+08:00,8796.0,8808.0,8793.0,8805.0,3610.0,-13.931628397569511,-16.21651259246684,2.28488419489733,2,0,-1304.020121302411,-1021.437720764277,-282.58240053813415,4,0,14.495553612975026,-6.1720398466088415,0.0,2,0,0.0,0,0,0,0,0,0,False,True,0,0.0,0.0,0.0,0,0,0.0
2025-01-06 14:25:00+08:00,8806.0,8808.0,8798.0,8802.0,3591.0,-12.866630054464622,-15.098809137284341,2.2321790828197194,2,0,-1518.8352898557869,-1187.1058792992992,-331.72941055648766,4,0,14.829040368558871,-5.525984945219987,0.0,2,0,0.0,0,0,0,0,0,0,False,True,0,0.0,0.0,0.0,0,0,0.0
2025-01-06 14:30:00+08:00,8803.0,8807.0,8794.0,8803.0,4703.0,-11.717952609677013,-13.971075736362295,2.2531231266852814,2,0,-1496.8444381271465,-1290.4311505662463,-206.41328756090024,4,0,15.124112584798239,-4.9163309259996275,0.0,2,0,0.0,0,0,0,0,0,0,False,True,0,0.0,0.0,0.0,0,0,0.0
2025-01-06 14:35:00+08:00,8802.0,8806.0,8795.0,8798.0,4314.0,-11.296412026962571,-13.078788806677975,1.7823767797154044,2,0,-1499.120236937364,-1360.0867372154096,-139.0334997219545,4,0,13.679886473732669,-4.54745100868125,0.0,2,0,0.0,0,0,0,0,0,0,False,True,0,0.0,0.0,0.0,0,0,0.0
2025-01-06 14:40:00+08:00,8799.0,8800.0,8793.0,8799.0,2818.0,-10.633684715026902,-12.263160211986849,1.6294754969599463,2,0,-1658.9563329140483,-1459.7761087437543,-199.18022417029397,4,0,13.137832626498723,-4.264761201275629,0.0,2,0,0.0,0,0,0,0,0,0,False,True,0,0.0,0.0,0.0,0,0,0.0
2025-01-06 14:45:00+08:00,8798.0,8802.0,8794.0,8798.0,3054.0,-10.069069404338734,-11.531162727058032,1.4620933227192978,2,0,-1706.332243601084,-1541.991579375737,-164.34066422534693,4,0,12.66151053151274,-4.024548630763794,0.0,2,0,0.0,0,0,0,0,0,0,False,True,0,0.0,0.0,0.0,0,0,0.0
2025-01-06 14:50:00+08:00,8799.0,8799.0,8779.0,8789.0,8083.0,-10.60181826284861,-11.221182777651427,0.6193645148028164,2,0,-1064.7160879658177,-1382.7003360527126,317.9842480868949,2,1,9.773114847218622,-4.15095820696753,0.0,2,0,0.0,0,0,0,0,0,0,False,True,0,0.0,0.0,0.0,0,0,0.0
2025-01-06 14:55:00+08:00,8790.0,8794.0,8779.0,8784.0,7810.0,-11.386681095467793,-11.275655018054932,-0.11102607741286086,1,-1,-625.3232277116176,-1130.0692245715907,504.74599685997305,2,0,6.8377793502263895,-4.531019407824264,0.0,2,0,0.0,0,0,0,0,0,0,True,False,0,0.0,0.0,0.0,0,0,0.0
2025-01-06 21:00:00+08:00,8849.0,8849.0,8812.0,8828.0,27677.0,-6.110363471874734,-9.553035135574145,3.442671663699411,2,1,2219.7701000083107,-13.450202599855174,2233.220302608166,2,0,21.254782618932005,-2.8728487174373214,0.0,2,0,0.0,0,0,0,0,0,0,False,True,0,0.0,0.0,0.0,0,0,0.0
2025-01-06 21:05:00+08:00,8829.0,8831.0,8809.0,8811.0,9854.0,-4.4269849499196425,-7.84384967948775,3.4168647295681076,2,0,1911.6208695631049,628.212471310459,1283.4083982526458,2,0,24.256526608267837,-1.2863423502959215,0.0,2,0,0.0,0,0,0,0,0,0,False,True,0,0.0,0.0,0.0,0,0,0.0
2025-01-06 21:10:00+08:00,8811.0,8822.0,8804.0,8813.0,8905.0,-2.8946189336384123,-6.193617365212525,3.2989984315741125,2,0,1533.7919290502941,930.0342739782105,603.7576550720836,2,0,25.238593626694602,-0.02156100676852546,0.0,2,0,0.0,0,0,0,0,0,0,False,True,0,0.0,0.0,0.0,0,0,0.0
2025-01-06 21:15:00+08:00,8813.0,8824.0,8811.0,8815.0,7125.0,-1.5009432720617042,-4.628906147737345,3.1279628756756406,2,0,1009.3411588587205,956.3673527423992,52.97380611632127,2,0,26.15147496816053,0.9762743128001254,0.0,2,0,0.0,0,0,0,0,0,0,False,True,0,0.0,0.0,0.0,0,0,0.0
2025-01-06 21:20:00+08:00,8815.0,8815.0,8807.0,8810.0,4462.0,-1.1236257995897176,-3.460346060477226,2.336720260887508,2,0,280.7619786520554,731.0850691982781,-450.3230905462227,1,-1,24.619465197094655,1.469324733965749,0.0,2,0,0.0,0,0,0,0,0,0,False,True,0,0.0,0.0,0.0,0,0,0.0
2025-01-06 21:25:00+08:00,8809.0,8814.0,8784.0,8790.0,12363.0,-3.374333489979108,-3.4318751255987787,0.05754163561967074,2,0,765.4919560103499,742.5607814360529,22.93117457429696,2,1,16.360472518022455,0.7424685848355779,0.0,2,100,0.0,0,0,0,0,4,0,False,True,0,8790.0,0.0,0.0,0,0,0.0
2025-01-06 21:30:00+08:00,8790.0,8796.0,8768.0,8793.0,17141.0,-4.506118517592768,-3.7904109167456546,-0.715707600847113,4,-1,1697.116727328621,1060.741285296221,636.3754420324001,2,0,16.280406849593454,0.19372396324452623,0.0,2,0,0.0,0,0,0,0,0,0,True,False,1,0.0,0.0,0.0,0,0,0.0
2025-01-06 21:35:00+08:00,8793.0,8798.0,8781.0,8785.0,9816.0,-6.223198115945706,-4.6018176069691235,-1.621380508976583,4,0,1386.628494569699,1169.3670889447803,217.26140562491855,2,0,13.88959545016726,-0.5115967044165721,0.0,4,-1,0.0,0,0,0,0,0,0,True,False,0,0.0,0.0,0.0,0,0,0.0
2025-01-06 21:40:00+08:00,8786.0,8788.0,8754.0,8763.0,19264.0,-10.093884198497108,-6.43327734308079,-3.660606855416318,4,0,2338.5960885216336,1559.163470337034,779.4326181845997,2,0,9.06894203458462,-1.6119181354040322,0.0,4,0,0.0,0,0,0,0,0,0,True,False,0,0.0,0.0,0.0,0,0,0.0
2025-01-06 21:45:00+08:00,8765.0,8776.0,8756.0,8769.0,11186.0,-11.842222607083386,-8.236909268811472,-3.6053133382719142,4,0,1933.1505130216683,1683.795636389351,249.3548766323172,2,0,8.797584667430451,-2.3773380553216885,0.0,4,0,0.0,0,0,0,0,0,0,True,False,0,0.0,0.0,0.0,0,0,0.0
2025-01-06 21:50:00+08:00,8771.0,8774.0,8761.0,8766.0,5715.0,-13.203142282429326,-9.893091154689111,-3.3100511277402145,4,0,912.2967577560994,1426.7021828065244,-514.405425050425,4,-1,9.02788350088113,-2.838793417944384,0.0,4,0,0.0,0,0,0,0,0,0,True,False,0,0.0,0.0,0.0,0,0,0.0
2025-01-06 21:55:00+08:00,8766.0,8772.0,8763.0,8770.0,3712.0,-13.373933920183845,-11.054415461461662,-2.3195184587221824,4,0,-79.48763243694339,924.9300631738768,-1004.4176956108201,4,0,11.178458993544204,-2.835129707107111,0.0,4,0,0.0,0,0,0,0,0,0,True,False,0,0.0,0.0,0.0,0,0,0.0
2025-01-06 22:00:00+08:00,8769.0,8782.0,8769.0,8777.0,7921.0,-12.321953935035708,-11.477523665875117,-0.8444302691605916,4,0,-241.51622929951554,536.0940193181843,-777.6102486176999,4,0,17.351166338034663,-2.004622806807186,0.0,3,1,0.0,0,0,0,0,0,0,True,True,0,0.0,0.0,0.0,0,0,0.0
2025-01-06 22:05:00+08:00,8778.0,8789.0,8774.0,8786.0,6559.0,-10.177384804410394,-11.044002617682356,0.8666178132719615,2,1,-523.0871506632484,183.28838317267855,-706.375533835927,4,0,26.993303697556513,-0.17232327817546889,0.0,2,0,0.0,0,0,0,0,0,0,False,True,0,0.0,0.0,0.0,0,0,0.0
2025-01-06 22:10:00+08:00,8786.0,8796.0,8784.0,8789.0,8655.0,-8.071666356023343,-10.052898788703308,1.981232432679965,2,0,-444.14431528460045,-25.792128699151874,-418.3521865854486,4,0,33.75830880941848,1.9684979616590645,0.0,2,0,0.0,0,0,0,0,0,0,False,True,0,0.0,0.0,0.0,0,0,0.0
2025-01-06 22:15:00+08:00,8790.0,8790.0,8775.0,8778.0,6863.0,-7.816089815612941,-9.307256555287719,1.491166739674778,2,0,-606.8570962387803,-219.53306060613173,-387.3240356326486,4,0,30.106009395766204,2.97913031913394,0.0,2,100,0.0,0,0,0,0,0,0,False,True,0,0.0,0.0,0.0,0,0,0.0
2025-01-06 22:20:00+08:00,8778.0,8790.0,8775.0,8779.0,5817.0,-7.343938165337022,-8.652882260155357,1.3089440948183348,2,0,-841.3420101540696,-426.8449963688307,-414.4970137852389,4,0,27.818443216762226,3.330364228127962,0.0,2,0,0.0,0,0,0,0,0,0,False,True,0,0.0,0.0,0.0,0,0,0.0
2025-01-06 22:25:00+08:00,8780.0,8786.0,8778.0,8783.0,2255.0,-6.348630187010713,-7.885138864140063,1.5365086771293504,2,0,-1440.7350741083528,-764.7235346914308,-676.011539416922,4,0,29.13699790266262,3.6810060599868777,0.0,2,0,0.0,0,0,0,0,0,0,False,True,0,0.0,0.0,0.0,0,0,0.0
2025-01-06 22:30:00+08:00,8782.0,8794.0,8771.0,8777.0,10504.0,-6.275562798466126,-7.348684591245973,1.0731217927798467,2,0,-784.632522753689,-771.3742899215157,-13.258232832173348,4,0,26.576821557702008,3.524434075079,0.0,2,0,0.0,0,0,0,0,0,0,False,True,0,0.0,0.0,0.0,0,0,0.0
2025-01-06 22:35:00+08:00,8778.0,8780.0,8762.0,8772.0,10591.0,-6.7259919020089,-7.1409352209221675,0.4149433189132674,2,0,-295.3030901653983,-612.7193448547065,317.4162546893082,2,1,22.058124390166263,2.7732675854368907,0.0,2,0,0.0,0,0,0,0,0,0,False,True,0,0.0,0.0,0.0,0,0,0.0
2025-01-06 22:40:00+08:00,8772.0,8777.0,8768.0,8775.0,3314.0,-6.5197086569532985,-6.933761937969993,0.41405328101669436,2,0,-868.7547357602052,-698.0742112924615,-170.68052446774368,4,-1,21.5061921492872,2.114884836682684,0.0,4,-1,0.0,0,0,0,0,0,0,True,True,0,0.0,0.0,0.0,0,0,0.0
2025-01-06 22:45:00+08:00,8776.0,8786.0,8776.0,8783.0,4203.0,-5.220482768172587,-6.362399334250955,1.1419165660783674,2,0,-1141.1385003154228,-845.8809001119942,-295.25760020342864,4,0,26.35408002882065,2.2336532025855114,0.0,4,0,0.0,0,0,0,0,0,0,False,True,0,0.0,0.0,0.0,0,0,0.0
2025-01-06 22:50:00+08:00,8784.0,8803.0,8781.0,8803.0,8109.0,-1.6556423823458317,-4.792896098841494,3.137253716495662,2,0,-812.6656515968098,-834.9021059686414,22.236454371831655,3,1,40.89310259713726,4.119216220059826,0.0,2,1,0.0,0,0,0,0,6,0,False,True,0,8803.0,0.0,0.0,0,0,0.0
2025-01-07 09:00:00+08:00,8763.0,8769.0,8702.0,8720.0,40772.0,-8.399728387947107,-4.900639571551882,-3.4990888163952247,4,-1,3942.1425151362528,873.4603672208974,3068.6821479153555,2,0,27.672055159434773,4.808245317413242,0.0,2,0,0.0,0,0,0,0,0,0,True,False,1,0.0,0.0,0.0,0,0,0.0
2025-01-07 09:05:00+08:00,8719.0,8721.0,8691.0,8713.0,17860.0,-15.11100442049792,-8.303699089908203,-6.807305330589717,4,0,3942.972150114878,1896.5228298496693,2046.4493202652086,2,0,18.14598772155388,2.747723582832112,0.0,4,-1,0.0,0,0,0,0,0,0,True,False,0,0.0,0.0,0.0,0,0,0.0
2025-01-07 09:10:00+08:00,8713.0,8724.0,8701.0,8701.0,11140.0,-21.037916245186352,-12.548281892234897,-8.489634352951455,4,0,3006.7326878481636,2266.470601028983,740.2620868191807,2,0,10.254435354811383,0.24573871326380115,0.0,4,0,0.0,0,0,0,0,0,0,True,False,0,0.0,0.0,0.0,0,0,0.0
2025-01-07 09:15:00+08:00,8701.0,8710.0,8696.0,8703.0,13925.0,-24.509291040872995,-16.534976891139262,-7.974314149733733,4,0,2637.869421198793,2390.133803846805,247.7356173519879,2,0,7.545665521241478,-1.8576408624236755,0.0,4,0,0.0,0,0,0,0,0,0,True,False,0,0.0,0.0,0.0,0,0,0.0
2025-01-07 09:20:00+08:00,8702.0,8729.0,8702.0,8728.0,9995.0,-23.258635355601655,-18.775810567647266,-4.482824787954389,4,0,1823.4744111555428,2201.1888274449857,-377.71441628944285,1,-1,15.732059764769039,-2.2648843616177103,0.0,4,0,0.0,0,0,0,0,0,0,True,False,0,0.0,0.0,0.0,0,0,0.0
2025-01-07 09:25:00+08:00,8729.0,8733.0,8719.0,8719.0,7570.0,-23.02915221146941,-20.193288239767202,-2.8358639717022065,4,0,903.7750913941363,1768.5992965320688,-864.8242051379325,4,0,17.609512611362387,-2.243745994755365,0.0,4,-100,0.0,0,0,0,0,0,0,True,False,0,0.0,0.0,0.0,0,0,0.0
2025-01-07 09:30:00+08:00,8719.0,8737.0,8696.0,8708.0,12041.0,-23.77706200985631,-21.38760846352699,-2.3894535463293174,4,0,805.25352188551,1447.4440548851587,-642.1905329996487,4,0,14.041931945917193,-2.618123548524494,0.0,4,0,0.0,0,0,0,0,0,0,True,False,0,0.0,0.0,0.0,0,0,0.0
2025-01-07 09:35:00+08:00,8708.0,8718.0,8693.0,8711.0,10789.0,-23.419562984301592,-22.0650562251374,-1.3545067591641917,4,0,560.1979636729484,1151.9451583528153,-591.7471946798669,4,0,12.875658121879288,-2.9711624076662098,0.0,4,0,0.0,0,0,0,0,0,0,True,False,0,0.0,0.0,0.0,0,0,0.0
2025-01-07 09:40:00+08:00,8710.0,8731.0,8710.0,8724.0,7661.0,-21.021547697406277,-21.717324460051717,0.6957767626454405,3,1,-21.56484565322171,760.7324604473615,-782.2973061005832,4,0,17.14301500047518,-2.6278082576384456,0.0,4,0,0.0,0,0,0,0,0,0,False,True,0,0.0,0.0,0.0,0,0,0.0
2025-01-07 09:45:00+08:00,8725.0,8729.0,8718.0,8727.0,5032.0,-18.508022756448554,-20.647470580172048,2.1394478237234935,2,0,-764.303512977729,252.38645192564326,-1016.6899649033724,4,0,20.753979308360105,-1.8789187435717984,0.0,3,1,0.0,0,0,0,0,0,0,False,True,0,0.0,0.0,0.0,0,0,0.0
2025-01-07 09:50:00+08:00,8726.0,8730.0,8715.0,8717.0,4094.0,-17.61692127031347,-19.636789110795117,2.0198678404816484,2,0,-1389.8168922273235,-294.93124389990516,-1094.8856483274183,4,0,18.856289158859042,-1.5624232886202094,0.0,2,0,0.0,0,0,0,0,0,0,False,True,0,0.0,0.0,0.0,0,0,0.0
2025-01-07 09:55:00+08:00,8717.0,8719.0,8705.0,8708.0,5406.0,-17.75990371343869,-19.010811865136148,1.250908151697459,2,0,-1633.8189915173161,-741.0160342679175,-892.8029572493987,4,0,14.21966735351695,-1.886671762212604,0.0,1,-1,0.0,0,0,0,0,0,0,True,True,0,0.0,0.0,0.0,0,0,0.0
2025-01-07 10:00:00+08:00,8706.0,8711.0,8690.0,8693.0,11229.0,-19.389094028489126,-19.136337957498075,-0.252756070991051,1,-1,-1031.6579955870475,-837.863681938026,-193.79431364902143,4,0,6.823757942462733,-3.0101590553692716,0.0,4,0,0.0,0,0,0,0,0,0,True,False,0,0.0,0.0,0.0,0,0,0.0
2025-01-07 10:05:00+08:00,8694.0,8700.0,8682.0,8690.0,12173.0,-20.506483447441497,-19.59291095007166,-0.913572497369838,4,0,-466.1093318205749,-713.8277790876189,247.71844726704398,3,1,4.7211835567903435,-4.0113896611305115,0.0,4,0,0.0,0,0,0,0,0,0,True,False,0,0.0,0.0,0.0,0,0,0.0
2025-01-07 10:10:00+08:00,8691.0,8695.0,8683.0,8685.0,5040.0,-21.493803837345695,-20.226513779027503,-1.267290058318192,4,0,-964.117763124983,-797.2353126878755,-166.88245043710742,4,-1,2.6664452995911008,-4.901722012245758,0.0,4,0,0.0,0,0,0,0,0,0,True,False,0,0.0,0.0,0.0,0,0,0.0
2025-01-07 10:30:00+08:00,8685.0,8696.0,8678.0,8694.0,8953.0,-20.591095443523955,-20.348264630963737,-0.24283081256021788,4,0,-797.2973925138067,-797.2597681527475,-0.037624361059215516,4,0,5.991024951542721,-5.005599710732493,0.0,4,0,0.0,0,0,0,0,0,0,True,False,0,0.0,0.0,0.0,0,0,0.0
2025-01-07 10:35:00+08:00,8693.0,8693.0,8670.0,8680.0,11054.0,-21.29819357969609,-20.665408192638363,-0.6327853870577265,4,-2,-396.20293620873053,-663.5447205413919,267.3417843326614,2,1,6.398477528194541,-4.915569646889439,0.0,4,0,0.0,0,0,0,0,0,0,True,False,0,0.0,0.0,0.0,0,0,0.0
2025-01-07 10:40:00+08:00,8679.0,8693.0,8674.0,8693.0,6952.0,-19.694414742645677,-20.34230352277805,0.6478887801323729,2,1,-626.5332501014436,-651.2577721642218,24.724522062778192,2,0,11.177213465813468,-4.135322946569977,0.0,3,0,0.0,0,0,0,0,0,0,False,True,0,0.0,0.0,0.0,0,0,0.0
2025-01-07 10:45:00+08:00,8693.0,8705.0,8676.0,8676.0,11737.0,-20.307907051541406,-20.331423024987952,0.023515973446546212,2,0,-167.76672182168295,-490.1594470286674,322.39272520698444,2,0,7.715296492151033,-3.9249765076631125,0.0,2,0,0.0,0,0,0,0,0,0,False,True,0,0.0,0.0,0.0,0,0,0.0
2025-01-07 10:50:00+08:00,8676.0,8684.0,8674.0,8678.0,6568.0,-20.055682144522507,-20.239799668742176,0.1841175242196691,2,0,-497.64789256252334,-492.60053896970567,-5.047353592817672,1,-1,6.155432586296586,-3.900202748332667,0.0,2,0,0.0,0,0,0,0,0,0,False,True,0,0.0,0.0,0.0,0,0,0.0
2025-01-07 10:55:00+08:00,8676.0,8679.0,8666.0,8675.0,7935.0,-19.834571472849348,-20.104844308569003,0.27027283571965555,2,0,-545.7816746722674,-510.39182682482885,-35.389847847438546,1,0,5.912571576432347,-3.8317026257818334,0.0,2,0,0.0,0,0,0,0,0,0,False,True,0,0.0,0.0,0.0,0,0,0.0
2025-01-07 11:00:00+08:00,8676.0,8688.0,8674.0,8679.0,6601.0,-18.751602203952643,-19.65417755580632,0.9025753518536774,2,0,-737.5188675329064,-586.1688964984351,-151.3499710344713,4,0,7.579285011008272,-3.4860421175326914,0.0,2,0,0.0,0,0,0,0,0,0,False,True,0,0.0,0.0,0.0,0,0,0.0
2025-01-07 11:05:00+08:00,8678.0,8687.0,8677.0,8683.0,3052.0,-17.08508363326837,-18.79847715451,1.7133935212416311,2,0,-1307.5037905854206,-826.6676797006079,-480.8361108848127,4,0,10.106040783050023,-2.864774575123052,0.0,2,0,0.0,0,0,0,0,0,0,False,True,0,0.0,0.0,0.0,0,0,0.0
2025-01-07 11:10:00+08:00,8682.0,8687.0,8670.0,8680.0,5160.0,-15.931862660188926,-17.843596557719962,1.911733897531036,2,0,-1413.1445923852816,-1022.103730198273,-391.04086218700866,4,0,10.216335378961421,-2.3364778335780763,0.0,2,0,0.0,0,0,0,0,0,0,False,True,0,0.0,0.0,0.0,0,0,0.0
2025-01-07 11:15:00+08:00,8680.0,8682.0,8666.0,8671.0,5750.0,-15.9256136363947,-17.204408881945234,1.2787952455505334,2,0,-1382.641369033001,-1142.225572271191,-240.41579676181004,4,0,6.536827255204823,-2.3822410973418755,0.0,2,0,0.0,0,0,0,0,0,0,False,True,0,0.0,0.0,0.0,0,0,0.0
2025-01-07 11:20:00+08:00,8670.0,8680.0,8662.0,8669.0,9139.0,-15.838235166400409,-16.749220548405727,0.9109853820053182,2,0,-901.6776635014658,-1062.1037643935235,160.42610089205778,3,1,5.11737189303466,-2.555911263283768,0.0,2,0,0.0,0,0,0,0,0,0,False,True,0,0.0,0.0,0.0,0,0,0.0
2025-01-07 11:25:00+08:00,8669.0,8675.0,8665.0,8670.0,5658.0,-15.315009128578822,-16.27172544475892,0.9567163161800991,2,0,-986.1256884400464,-1036.7833726226738,50.65768418262746,3,0,5.059011264818132,-2.638652896688688,0.0,2,0,0.0,0,0,0,0,0,0,False,True,0,0.0,0.0,0.0,0,0,0.0
2025-01-07 13:30:00+08:00,8675.0,8697.0,8672.0,8695.0,13486.0,-11.448262516090836,-14.664519829668324,3.216257313577488,2,0,-30.7155849533101,-701.4930878373397,670.7775028840296,2,0,14.576534956258268,-1.4274232350228129,0.0,2,0,0.0,0,0,0,0,0,0,False,True,0,0.0,0.0,0.0,0,0,0.0
2025-01-07 13:35:00+08:00,8695.0,8704.0,8691.0,8704.0,7435.0,-7.342425372793514,-12.224631795584305,4.882206422790791,2,0,-126.098023029248,-509.72449055586605,383.62646752661806,2,0,23.375139769772957,0.5681452002255458,0.0,2,0,0.0,0,0,0,0,0,0,False,True,0,0.0,0.0,0.0,0,0,0.0
2025-01-07 13:40:00+08:00,8705.0,8726.0,8705.0,8713.0,14163.0,-3.1551357432563236,-9.20233506185209,6.047199318595766,2,0,663.8653359944783,-118.48906675183332,782.3544027463116,2,0,30.758277283572696,2.906952731710554,0.0,2,100,0.0,0,0,0,0,0,0,False,True,0,0.0,0.0,0.0,0,0,0.0
2025-01-07 13:45:00+08:00,8713.0,8716.0,8705.0,8707.0,6529.0,-0.9038718420288205,-6.4370596302778,5.53318778824898,2,0,236.43936565519834,-0.03667951840058947,236.47604517359895,2,0,31.710918725022136,4.617723149870155,0.0,2,0,0.0,0,0,0,0,0,0,False,True,0,0.0,0.0,0.0,0,0,0.0
2025-01-07 13:50:00+08:00,8706.0,8712.0,8701.0,8704.0,5260.0,0.3184267060714774,-4.1860091170280835,4.504435823099561,2,0,-230.4323498136646,-76.67145420522102,-153.76089560844355,1,-1,30.25497589322265,5.546623484213153,0.0,2,0,0.0,0,0,0,0,0,0,False,True,0,0.0,0.0,0.0,0,0,0.0
2025-01-07 13:55:00+08:00,8705.0,8707.0,8693.0,8698.0,6098.0,0.40996037439799693,-2.654585777411569,3.064546151809566,2,0,-447.6801743353344,-200.21181460323055,-247.46835973210386,4,0,26.966577456335784,5.660597391985611,0.0,2,0,0.0,0,0,0,0,0,0,False,True,0,0.0,0.0,0.0,0,0,0.0
2025-01-07 14:00:00+08:00,8698.0,8702.0,8681.0,8683.0,8598.0,-1.4393200422509835,-2.250175507421194,0.8108554651702105,2,0,-273.50975633635517,-224.43804239518192,-49.07171394117324,4,0,19.550843561568797,4.67847695194461,0.0,2,0,0.0,0,0,0,0,0,0,False,True,0,0.0,0.0,0.0,0,0,0.0
2025-01-07 14:05:00+08:00,8684.0,8691.0,8681.0,8688.0,5164.0,-2.0750962831480138,-2.192168990126563,0.11707270697854932,2,0,-581.3791591766512,-343.40612016505486,-237.97303901159637,4,0,17.53503397644565,3.634333707183824,0.0,1,-1,0.0,0,0,0,0,0,0,True,True,0,0.0,0.0,0.0,0,0,0.0
2025-01-07 14:10:00+08:00,8687.0,8705.0,8687.0,8701.0,6563.0,-0.8276698953177402,-1.7375048075333,0.9098349122155598,2,0,-608.1363558503544,-431.6992085025237,-176.43714734783077,4,0,22.05020280984734,3.3890960191685906,0.0,4,0,0.0,0,0,0,0,0,0,False,True,0,0.0,0.0,0.0,0,0,0.0
2025-01-07 14:15:00+08:00,8701.0,8702.0,8694.0,8698.0,4155.0,-0.3131652286156168,-1.2627427318238578,0.949577503208241,2,0,-919.9111797767582,-594.5111195100565,-325.40006026670176,4,0,23.74777588288516,3.3401611275870735,0.0,4,0,0.0,0,0,0,0,0,0,False,True,0,0.0,0.0,0.0,0,0,0.0
2025-01-07 14:20:00+08:00,8697.0,8706.0,8697.0,8699.0,4354.0,0.1826322511460603,-0.780846674594651,0.9634789257407113,2,0,-1094.5969842776403,-761.2901504097315,-333.30683386790884,4,0,24.660597727350517,3.382289464796674,0.0,4,0,0.0,0,0,0,0,0,0,False,True,0,0.0,0.0,0.0,0,0,0.0
2025-01-07 14:25:00+08:00,8699.0,8717.0,8698.0,8717.0,7102.0,2.8131713978164044,0.4170497496722121,2.3961216481441925,2,0,-845.3907583318387,-789.3749914938368,-56.01576683800192,4,0,31.753453869041593,4.2361661001836275,0.0,2,1,0.0,0,0,0,0,0,0,False,True,0,0.0,0.0,0.0,0,0,0.0
2025-01-07 14:30:00+08:00,8717.0,8722.0,8711.0,8712.0,7323.0,3.970063057869993,1.6015171008542337,2.368545957015759,2,0,-624.1582726670185,-734.4268566012831,110.2685839342646,3,1,40.97790399817499,5.931679268258144,0.0,2,0,0.0,0,0,0,0,0,0,False,True,0,0.0,0.0,0.0,0,0,0.0
2025-01-07 14:35:00+08:00,8711.0,8730.0,8706.0,8726.0,8562.0,6.4783762624047085,3.2276566536450586,3.25071960875965,2,0,-297.9786062520143,-589.0830862675709,291.10448001555665,2,0,66.8960251274625,10.299311203795543,0.0,2,0,0.0,0,0,0,0,0,0,False,True,0,0.0,0.0,0.0,0,0,0.0
2025-01-07 14:40:00+08:00,8725.0,8741.0,8715.0,8720.0,10629.0,7.344538159357398,4.600416277351723,2.7441218820056754,2,0,200.30599007272576,-326.09122702155435,526.3972170942801,2,0,73.94022026390155,14.041228895838078,0.0,2,0,0.0,0,0,0,0,0,0,False,True,0,0.0,0.0,0.0,0,0,0.0
2025-01-07 14:45:00+08:00,8721.0,8730.0,8716.0,8725.0,7643.0,8.433922408417857,5.878970687568081,2.5549517208497754,2,0,167.60239980478218,-161.5726823063178,329.1750821111,2,0,78.63979743538128,16.949665456780245,0.0,2,0,0.0,0,0,0,0,0,0,False,True,0,0.0,0.0,0.0,0,0,0.0
2025-01-07 14:50:00+08:00,8726.0,8730.0,8720.0,8725.0,5644.0,9.02198740593667,6.927162020899792,2.094825385036878,2,0,-112.75485472023593,-145.29404072829732,32.53918600806139,2,0,80.32207505174495,18.852953521930388,0.0,2,0,0.0,0,0,0,0,0,0,False,True,0,0.0,0.0,0.0,0,0,0.0
2025-01-07 14:55:00+08:00,8724.0,8725.0,8707.0,8709.0,8462.0,7.21351909551413,7.023387476828153,0.19013161868597717,2,0,50.12209479134344,-80.20871644610978,130.33081123745322,2,0,69.33561739277926,18.389921214127895,0.0,2,0,0.0,0,0,0,0,0,0,False,True,0,0.0,0.0,0.0,0,0,0.0
2025-01-07 21:00:00+08:00,8709.0,8713.0,8679.0,8707.0,24117.0,5.534545134096334,6.52797605713179,-0.9934309230354561,4,-1,2151.5037877872383,663.5501954672648,1487.9535923199735,2,0,61.37607722877155,16.657505133485493,0.0,2,0,0.0,0,0,0,0,0,0,True,False,0,0.0,0.0,0.0,0,0,0.0
2025-01-07 21:05:00+08:00,8707.0,8723.0,8701.0,8717.0,13826.0,5.505740198052081,6.187895014546784,-0.6821548164947036,4,0,2278.0555133505586,1201.7267725111276,1076.328740839431,2,0,64.94250763669714,15.539686023826789,0.0,1,-1,0.0,0,0,0,0,0,0,True,False,0,0.0,0.0,0.0,0,0,0.0
2025-01-07 21:10:00+08:00,8718.0,8736.0,8718.0,8729.0,11727.0,6.892907785679199,6.423557593128138,0.4693501925510608,2,1,2052.222920103821,1485.1058067178064,567.1171133860144,2,0,76.249967042705,15.851687009848483,0.0,2,1,0.0,0,0,0,0,2,0,False,True,0,8729.0,0.0,0.0,0,0,0.0
2025-01-07 21:15:00+08:00,8728.0,8730.0,8713.0,8720.0,7452.0,6.580490225358517,6.476535671979193,0.10395455337932358,2,0,1307.0261827944887,1425.6649120542513,-118.63872925976261,1,-1,76.02232109601121,15.701701972196574,0.0,1,-1,0.0,0,0,0,0,0,0,True,True,1,0.0,0.0,0.0,0,0,0.0
2025-01-07 21:20:00+08:00,8720.0,8730.0,8717.0,8719.0,5722.0,6.094404703084365,6.349694077016594,-0.2552893739322295,4,-1,535.3748176897898,1128.9232863767747,-593.548468686985,4,0,74.02356514106337,15.014662855950867,0.0,4,0,0.0,0,0,0,0,0,0,True,False,0,0.0,0.0,0.0,0,0,0.0
2025-01-07 21:25:00+08:00,8719.0,8728.0,8715.0,8722.0,5281.0,6.004198684127914,6.234836991593358,-0.23063830746544411,4,0,-74.81087080552243,727.8437989693057,-802.6546697748281,4,0,74.9526969287755,14.344238381488246,0.0,4,0,0.0,0,0,0,0,0,0,True,False,0,0.0,0.0,0.0,0,0,0.0
2025-01-07 21:30:00+08:00,8723.0,8740.0,8708.0,8710.0,12338.0,4.289877093007817,5.58679323135073,-1.2969161383429126,4,0,393.31816052991235,616.2851989892223,-222.96703845930995,4,0,67.20773164716694,12.594883763995497,0.0,4,0,0.0,0,0,0,0,0,0,True,False,0,0.0,0.0,0.0,0,0,0.0
2025-01-07 21:35:00+08:00,8710.0,8717.0,8701.0,8704.0,8820.0,2.2307035999001528,4.468215169472376,-2.2375115695722236,4,0,267.7443442379681,500.11862614897467,-232.37428191100656,4,0,58.49183121646121,9.976978478439143,0.0,4,0,0.0,0,0,0,0,0,0,True,False,0,0.0,0.0,0.0,0,0,0.0
2025-01-07 21:40:00+08:00,8704.0,8711.0,8695.0,8696.0,6724.0,-0.2818227618081437,2.8845929839031177,-3.1664157457112614,4,0,-92.28540995610092,302.81274305796245,-395.09815301406337,4,0,48.72287246446759,6.6771197789026715,0.0,4,0,0.0,0,0,0,0,0,0,True,False,0,0.0,0.0,0.0,0,0,0.0
2025-01-07 21:45:00+08:00,8695.0,8706.0,8694.0,8705.0,5167.0,-0.9012242938933923,1.6222999301152132,-2.5235242240086055,4,0,-541.4419646260194,21.48221926149347,-562.9241838875129,4,0,50.47385294646584,4.441662443919817,0.0,4,0,0.0,0,0,0,0,0,0,True,False,0,0.0,0.0,0.0,0,0,0.0
2025-01-07 21:50:00+08:00,8705.0,8710.0,8698.0,8707.0,5011.0,-1.0639777029045945,0.7266733799801454,-1.79065108288474,4,0,-865.8849329344257,-274.2567195046736,-591.6282134297521,4,0,53.983207670002635,3.2150091007017068,0.0,4,0,0.0,0,0,0,0,0,0,True,False,0,0.0,0.0,0.0,0,0,0.0
2025-01-07 21:55:00+08:00,8706.0,8710.0,8701.0,8706.0,2821.0,-1.2823719516782148,0.05739738853973342,-1.3397693402179482,4,0,-1353.687352307722,-633.7676233136416,-719.9197289940804,4,0,55.209404632250994,2.434644668381182,0.0,4,0,0.0,0,0,0,0,0,0,True,False,0,0.0,0.0,0.0,0,0,0.0
2025-01-07 22:00:00+08:00,8707.0,8715.0,8691.0,8699.0,11796.0,-2.297836650051977,-0.727394051051206,-1.5704425990007709,4,0,-528.8467106699654,-598.7693181424207,69.9226074724553,3,1,50.67682800297716,1.2578754743759646,0.0,4,0,0.0,0,0,0,0,0,0,True,False,0,0.0,0.0,0.0,0,0,0.0
2025-01-07 22:05:00+08:00,8699.0,8705.0,8687.0,8695.0,6700.0,-3.471908067125696,-1.6421772635864573,-1.8297308035392388,4,-2,-584.2657234347889,-593.8631833587868,9.597459923997917,3,0,45.1794566352227,-0.29052882865247653,0.0,4,0,0.0,0,0,0,0,0,0,True,False,0,0.0,0.0,0.0,0,0,0.0
2025-01-07 22:10:00+08:00,8695.0,8700.0,8693.0,8695.0,4381.0,-4.224592465785463,-2.5029075417163438,-1.7216849240691192,4,0,-905.4617902935815,-697.7546357006544,-207.70715459292717,4,-1,42.53622097461373,-1.6832459742639827,0.0,4,0,0.0,0,0,0,0,0,0,True,False,0,0.0,0.0,0.0,0,0,0.0
2025-01-07 22:15:00+08:00,8694.0,8698.0,8682.0,8687.0,6963.0,-5.680690826085993,-3.562080514932237,-2.1186103111537555,4,-2,-784.4983158114037,-726.7316656490779,-57.766650162325845,4,0,36.01803334434503,-3.441479083247785,0.0,4,-10,0.0,0,0,0,0,0,0,True,False,0,0.0,0.0,0.0,0,0,0.0
2025-01-07 22:20:00+08:00,8687.0,8691.0,8680.0,8685.0,5648.0,-6.839499701432942,-4.654863101548111,-2.184636599884831,4,0,-849.6509817940514,-767.6545407987167,-81.99644099533475,4,0,31.25190065857604,-5.241110374693157,0.0,4,0,0.0,0,0,0,0,0,0,True,False,0,0.0,0.0,0.0,0,0,0.0
2025-01-07 22:25:00+08:00,8685.0,8689.0,8673.0,8681.0,7268.0,-8.01772556936885,-5.775668402867005,-2.2420571665018443,4,0,-671.667363656923,-735.4933065536095,63.825942896686456,3,1,26.472480714448714,-6.997510479600223,0.0,4,0,0.0,0,0,0,0,0,0,True,False,0,0.0,0.0,0.0,0,0,0.0
2025-01-07 22:30:00+08:00,8680.0,8694.0,8678.0,8685.0,8738.0,-8.169359588298903,-6.573576554984595,-1.5957830333143077,4,0,-345.67994224145605,-605.5594693789118,259.87952713745574,2,0,27.153353673174138,-8.005551267545968,0.0,4,0,0.0,0,0,0,0,0,0,True,False,0,0.0,0.0,0.0,0,0,0.0
2025-01-07 22:35:00+08:00,8685.0,8696.0,8682.0,8694.0,5735.0,-6.9608598799786705,-6.703191571446512,-0.2576683085321587,4,0,-490.13932009664586,-566.9403714621612,76.80105136551538,2,0,34.44845716194924,-7.625337139554283,0.0,4,0,0.0,0,0,0,0,0,0,True,False,0,0.0,0.0,0.0,0,0,0.0
2025-01-07 22:40:00+08:00,8694.0,8696.0,8685.0,8688.0,3411.0,-6.725074056932499,-6.710941884523625,-0.014132172408873878,4,0,-876.6787247547682,-670.2084974172558,-206.47022733751237,4,-1,32.90315866632298,-7.376377889835204,0.0,4,0,0.0,0,0,0,0,0,0,True,False,0,0.0,0.0,0.0,0,0,0.0
2025-01-07 22:45:00+08:00,8688.0,8703.0,8682.0,8694.0,7413.0,-5.654942424524052,-6.359321206720979,0.704378782196927,2,1,-621.9591636642945,-654.1572035872259,32.19803992293146,3,1,32.21075892844925,-7.13475689543985,0.0,4,0,0.0,0,0,0,0,0,0,False,True,0,0.0,0.0,0.0,0,0,0.0
2025-01-07 22:50:00+08:00,8694.0,8697.0,8682.0,8686.0,3909.0,-5.798134685157493,-6.172606340270969,0.37447165511347613,2,0,-874.6189711631168,-727.7790416534943,-146.8399295096225,4,-1,24.862291560608227,-7.753921886882502,0.0,4,0,0.0,0,0,0,0,0,0,False,True,0,0.0,0.0,0.0,0,0,0.0
2025-01-07 22:55:00+08:00,8686.0,8703.0,8685.0,8703.0,5767.0,-3.6172586396933184,-5.320908203970801,1.703649564277483,2,0,-797.9559550292006,-751.2632377089463,-46.692717320254246,4,0,34.65532212482199,-6.776251489161922,0.0,3,1,0.0,0,0,0,0,0,0,False,True,0,0.0,0.0,0.0,0,0,0.0
2025-01-08 09:00:00+08:00,8739.0,8754.0,8719.0,8739.0,29028.0,2.5655262402815424,-2.692059706549958,5.257585946831501,2,0,2226.6082577365923,241.24285657103462,1985.3654011655576,2,1,61.732395751484404,-2.4902709104899543,0.0,2,0,0.0,0,0,0,0,0,0,False,True,0,0.0,0.0,0.0,0,0,0.0
2025-01-08 09:05:00+08:00,8740.0,8748.0,8726.0,8739.0,11211.0,6.862174096200761,0.4928033637825999,6.369370732418161,2,0,2045.422501414212,842.5607173082778,1202.8617841059342,2,0,76.10699729272949,2.4182119220721674,0.0,2,0,0.0,0,0,0,0,0,0,False,True,0,0.0,0.0,0.0,0,0,0.0
2025-01-08 09:10:00+08:00,8739.0,8746.0,8727.0,8735.0,6580.0,9.232374699216962,3.4059004992337116,5.826474199983251,2,0,1286.510850800687,990.4316289061492,296.0792218945378,2,0,78.64368384093382,6.144566204161663,0.0,2,100,0.0,0,0,0,0,0,0,False,True,0,0.0,0.0,0.0,0,0,0.0
2025-01-08 09:15:00+08:00,8735.0,8741.0,8718.0,8724.0,9738.0,9.308115333129535,5.37327138424018,3.9348439488893554,2,0,1126.1785231521899,1035.5263671329758,90.65215601921409,2,0,70.82023046886827,7.6431845188830465,0.0,2,0,0.0,0,0,0,0,0,0,False,True,0,0.0,0.0,0.0,0,0,0.0
2025-01-08 09:20:00+08:00,8723.0,8741.0,8719.0,8721.0,9696.0,8.783532028928676,6.51006121888984,2.2734708100388357,2,0,984.0930300571163,1018.1768105942298,-34.08378053711351,1,-1,63.833176734794876,7.637064826741508,0.0,2,0,0.0,0,0,0,0,0,0,False,True,0,0.0,0.0,0.0,0,0,0.0
2025-01-08 09:25:00+08:00,8723.0,8724.0,8713.0,8722.0,8294.0,8.355262126255184,7.124962319705613,1.2302998065495707,2,0,685.4084038773635,907.2443453532327,-221.83594147586916,4,0,61.22007042055904,7.137133959338968,0.0,2,0,0.0,0,0,0,0,0,0,False,True,0,0.0,0.0,0.0,0,0,0.0
2025-01-08 09:30:00+08:00,8721.0,8726.0,8714.0,8718.0,5390.0,7.3689404246633785,7.20599215739323,0.16294826727014833,2,0,91.94564497899046,635.4618434381764,-543.516198459186,4,0,57.68716044526897,6.176256020765628,0.0,2,0,0.0,0,0,0,0,0,0,False,True,0,0.0,0.0,0.0,0,0,0.0
2025-01-08 09:35:00+08:00,8718.0,8721.0,8703.0,8704.0,7162.0,4.741854847214199,6.3850610669368555,-1.6432062197226562,4,-1,-102.39333296773657,389.6962934916977,-492.08962645943427,4,0,46.382538820575206,3.944196159794167,0.0,4,-1,0.0,0,0,0,0,0,0,True,False,0,0.0,0.0,0.0,0,0,0.0
2025-01-08 09:40:00+08:00,8704.0,8720.0,8701.0,8718.0,6368.0,4.570614176194795,5.780620131693948,-1.2100059554991534,4,0,-338.0093037952347,147.08536560559486,-485.09466940082956,4,0,49.982334889800704,2.7406394205862696,0.0,4,0,0.0,0,0,0,0,0,0,True,False,0,0.0,0.0,0.0,0,0,0.0
2025-01-08 09:45:00+08:00,8717.0,8719.0,8710.0,8715.0,3497.0,3.9728949828840996,5.178773732817318,-1.205878749933218,4,0,-861.188986215443,-188.99991513533422,-672.1890710801088,4,0,51.191170430648185,2.0025507047274758,0.0,4,0,0.0,0,0,0,0,0,0,True,False,0,0.0,0.0,0.0,0,0,0.0
2025-01-08 09:50:00+08:00,8715.0,8732.0,8710.0,8724.0,6265.0,4.611184720124584,4.990267548075445,-0.3790828279508611,4,0,-859.6311677054582,-412.5360550315372,-447.095112673921,4,0,57.78094207023888,2.2704098904206305,0.0,4,0,0.0,0,0,0,0,0,0,True,False,0,0.0,0.0,0.0,0,0,0.0
2025-01-08 09:55:00+08:00,8724.0,8730.0,8714.0,8715.0,4911.0,3.8188520586991217,4.599351436302514,-0.7804993776033919,4,0,-1011.8630091996401,-611.9182990614248,-399.9447101382153,4,0,55.25519420335402,2.0966729815175853,0.0,4,0,0.0,0,0,0,0,0,0,True,False,0,0.0,0.0,0.0,0,0,0.0
2025-01-08 10:00:00+08:00,8715.0,8715.0,8683.0,8689.0,14085.0,-0.1215266662529757,3.0250049038241573,-3.146531570077133,4,0,67.20066252800916,-385.4051660136738,452.60582854168297,2,1,35.31791473475508,-0.5841190989264504,0.0,4,-10,0.0,0,0,0,0,0,0,True,False,0,0.0,0.0,0.0,0,0,0.0
2025-01-08 10:05:00+08:00,8690.0,8694.0,8681.0,8686.0,7237.0,-3.272946435487029,0.9249591466934914,-4.19790558218052,4,0,-44.46482114396713,-271.64662659294373,227.1818054489766,2,0,22.188383695291037,-4.117427362508614,0.0,4,-100,0.0,0,0,0,0,0,0,True,False,0,0.0,0.0,0.0,0,0,0.0
2025-01-08 10:10:00+08:00,8685.0,8689.0,8666.0,8676.0,14750.0,-6.691315410860625,-1.6144877017846082,-5.076827709076017,4,0,831.8846329042844,96.2430459675673,735.6415869367172,2,0,14.222666737027364,-7.51978248783368,0.0,4,0,0.0,0,0,0,0,0,0,True,False,0,0.0,0.0,0.0,0,0,0.0
2025-01-08 10:30:00+08:00,8676.0,8683.0,8668.0,8674.0,7986.0,-9.209210978277042,-4.146619736842897,-5.062591241434145,4,0,572.1509203302812,255.01047254342578,317.1404477868555,2,0,9.956339965404116,-10.294159285311203,0.0,4,0,0.0,0,0,0,0,0,0,True,False,0,0.0,0.0,0.0,0,0,0.0
2025-01-08 10:35:00+08:00,8673.0,8676.0,8651.0,8673.0,18068.0,-10.91325653644526,-6.402704438785038,-4.510552097660223,4,0,1657.3951605727398,722.4574944117115,934.9376661610282,2,0,15.363164863156262,-11.358247709353812,0.0,4,0,0.0,0,0,0,0,0,0,True,False,0,0.0,0.0,0.0,0,0,0.0
2025-01-08 10:40:00+08:00,8673.0,8673.0,8657.0,8658.0,5444.0,-13.786458046992266,-8.864622123529063,-4.9218359234632025,4,-2,782.9393032884163,742.5867364616969,40.35256682671945,2,0,10.944679687933025,-12.436908913118831,0.0,4,0,0.0,0,0,0,0,0,0,True,False,0,0.0,0.0,0.0,0,0,0.0
2025-01-08 10:45:00+08:00,8658.0,8661.0,8646.0,8655.0,10048.0,-15.897470863474155,-11.209381215413694,-4.68808964806046,4,0,735.576502013113,740.1604982744744,-4.583996261361449,1,-1,8.858107156164145,-13.207202324674132,0.0,4,0,0.0,0,0,0,0,0,0,True,False,0,0.0,0.0,0.0,0,0,0.0
2025-01-08 10:50:00+08:00,8655.0,8668.0,8646.0,8657.0,7416.0,-16.792282872758733,-13.070445448893974,-3.721837423864759,4,0,352.4475739911777,610.8443122422491,-258.3967382510714,4,0,9.204323860610609,-13.407604264094388,0.0,4,0,0.0,0,0,0,0,0,0,True,False,0,0.0,0.0,0.0,0,0,0.0
2025-01-08 10:55:00+08:00,8656.0,8676.0,8653.0,8673.0,6365.0,-15.03457095318663,-13.72499030195604,-1.3095806512305899,4,0,-58.161804163084525,387.7059526419406,-445.8677568050251,4,0,17.903306244462865,-12.158460642637284,0.0,4,0,0.0,0,0,0,0,0,0,True,False,0,0.0,0.0,0.0,0,0,0.0
2025-01-08 11:00:00+08:00,8672.0,8672.0,8654.0,8657.0,5888.0,-15.511184789787876,-14.320231470191192,-1.1909533195966837,4,0,-406.4588858677289,122.86967962921813,-529.328565496947,4,0,14.613599958713959,-11.434583419932398,0.0,3,1,0.0,0,0,0,0,0,0,True,True,0,0.0,0.0,0.0,0,0,0.0
2025-01-08 11:05:00+08:00,8656.0,8657.0,8636.0,8653.0,10973.0,-16.026404494745293,-14.888989865407591,-1.1374146293377017,4,0,2.7296143895655405,82.70567603510415,-79.9760616455386,4,0,14.212231029831067,-10.738236357263457,0.0,2,0,0.0,0,0,0,0,0,0,True,False,0,0.0,0.0,0.0,0,0,0.0
2025-01-08 11:10:00+08:00,8654.0,8661.0,8653.0,8654.0,5717.0,-15.922905713465298,-15.23375436425748,-0.6891513492078172,4,0,-376.76453202713583,-70.50055654925069,-306.26397547788514,4,0,14.752947395358767,-9.961371184050119,0.0,2,0,0.0,0,0,0,0,0,0,True,False,0,0.0,0.0,0.0,0,0,0.0
2025-01-08 11:15:00+08:00,8654.0,8657.0,8647.0,8654.0,4782.0,-15.512952608616615,-15.326798965044658,-0.18615364357195752,4,0,-754.6377642277448,-298.6459133380019,-455.9918508897429,4,0,15.096922009730104,-9.171649742367206,0.0,2,0,0.0,0,0,0,0,0,0,True,False,0,0.0,0.0,0.0,0,0,0.0
2025-01-08 11:20:00+08:00,8653.0,8654.0,8641.0,8648.0,5727.0,-15.658078048869356,-15.437229759649911,-0.220848289219445,4,0,-884.586931183514,-494.04597589127786,-390.54095529223616,4,0,12.41075031092872,-8.78994644408359,0.0,2,0,0.0,0,0,0,0,0,0,True,False,0,0.0,0.0,0.0,0,0,0.0
2025-01-08 11:25:00+08:00,8647.0,8647.0,8616.0,8622.0,12277.0,-18.73020547458873,-16.534707643685305,-2.195497830903424,4,-2,-125.51665552101258,-371.2247605330512,245.70810501203863,3,1,7.614702198002433,-8.954124550713031,0.0,2,0,0.0,0,0,0,0,0,0,True,False,0,0.0,0.0,0.0,0,0,0.0
2025-01-08 13:30:00+08:00,8616.0,8633.0,8611.0,8620.0,17419.0,-20.749628982301147,-17.93953554239964,-2.8100934399015074,4,0,1064.1605406111994,107.13393920225474,957.0266014089447,2,0,6.253876227537516,-9.050620644457048,0.0,2,0,0.0,0,0,0,0,0,0,True,False,0,0.0,0.0,0.0,0,0,0.0
2025-01-08 13:35:00+08:00,8620.0,8642.0,8618.0,8640.0,11396.0,-19.19136191886355,-18.35621712137299,-0.8351447974905604,4,0,1113.9096323994236,442.56742015439954,671.342212245024,2,0,13.769972141120121,-7.983015219893691,0.0,2,0,0.0,0,0,0,0,0,0,True,False,0,0.0,0.0,0.0,0,0,0.0
2025-01-08 13:40:00+08:00,8641.0,8642.0,8632.0,8638.0,6807.0,-17.942244300169477,-18.217427172088243,0.27518287191876567,3,1,542.7084178369678,475.9133283591438,66.79508947782398,2,0,17.438109693005106,-6.614367811837216,0.0,2,0,0.0,0,0,0,0,0,0,False,True,0,0.0,0.0,0.0,0,0,0.0
2025-01-08 13:45:00+08:00,8638.0,8640.0,8627.0,8638.0,5751.0,-16.683183621664284,-17.70509072221322,1.0219071005489369,2,0,-4.887906634256069,315.564611943074,-320.45251857733007,4,-1,18.767715454231077,-5.347500818375485,0.0,2,0,0.0,0,0,0,0,0,0,False,True,0,0.0,0.0,0.0,0,0,0.0
2025-01-08 13:50:00+08:00,8637.0,8650.0,8635.0,8649.0,6264.0,-14.048189130100582,-16.486264961772005,2.438075831671423,2,0,-324.4692739538041,102.63984932533145,-427.10912327913553,4,0,23.379703976860235,-3.7728171072486916,0.0,2,0,0.0,0,0,0,0,0,0,False,True,0,0.0,0.0,0.0,0,0,0.0
2025-01-08 13:55:00+08:00,8649.0,8652.0,8642.0,8646.0,4964.0,-12.277588557897616,-15.083500196257985,2.805911638360369,2,0,-707.8219404151405,-167.42065024376382,-540.4012901713767,4,0,24.64360304932816,-2.3877991645643917,0.0,2,0,0.0,0,0,0,0,0,0,False,True,0,0.0,0.0,0.0,0,0,0.0
2025-01-08 14:00:00+08:00,8646.0,8654.0,8642.0,8645.0,5272.0,-10.898867374053225,-13.6888299334989,2.7899625594456747,2,0,-923.62251412165,-419.5322634757629,-504.0902506458872,4,0,24.45304658801841,-1.403145533544329,0.0,2,0,0.0,0,0,0,0,0,0,False,True,0,0.0,0.0,0.0,0,0,0.0
2025-01-08 14:05:00+08:00,8645.0,8646.0,8637.0,8641.0,4581.0,-10.205961526431565,-12.52806559500617,2.322104068574605,2,0,-1143.6001841293446,-660.8476187499707,-482.7525653793739,4,0,22.60431805908271,-0.9114332585757339,0.0,2,0,0.0,0,0,0,0,0,0,False,True,0,0.0,0.0,0.0,0,0,0.0
2025-01-08 14:10:00+08:00,8641.0,8683.0,8639.0,8678.0,17407.0,-4.803677529747802,-9.953165157429762,5.14948762768196,2,0,354.4692988114639,-322.4078616606505,676.8771604721144,2,1,35.90929179129224,1.1545905949217214,0.0,2,0,0.0,0,0,0,0,0,0,False,True,0,0.0,0.0,0.0,0,0,0.0
2025-01-08 14:15:00+08:00,8679.0,8687.0,8672.0,8676.0,9870.0,-1.1544381916155544,-7.020235437072879,5.865797245457324,2,0,444.10258863316267,-66.88733485011252,510.9899234832752,2,0,42.841122397725954,3.4516138977693096,0.0,2,100,0.0,0,0,0,0,0,0,False,True,0,0.0,0.0,0.0,0,0,0.0
2025-01-08 14:20:00+08:00,8676.0,8680.0,8672.0,8675.0,5170.0,1.3109095514009823,-4.243249308097258,5.554158859498241,2,0,-99.02294010624246,-77.56393367033827,-21.459006435904186,1,-1,44.98992938367582,5.258439296003697,0.0,2,0,0.0,0,0,0,0,0,0,False,True,0,0.0,0.0,0.0,0,0,0.0
2025-01-08 14:25:00+08:00,8674.0,8676.0,8663.0,8667.0,7343.0,2.0026390912898933,-2.1608940451403646,4.163533136430258,2,0,-203.07448421108893,-119.2653936666849,-83.80909054440403,1,0,42.28031959686666,6.081211319105591,0.0,2,0,0.0,0,0,0,0,0,0,False,True,0,0.0,0.0,0.0,0,0,0.0
2025-01-08 14:30:00+08:00,8667.0,8667.0,8644.0,8646.0,8538.0,-0.21916772619078984,-1.5129069921480132,1.2937392659572233,2,0,-120.3674132156766,-119.63511403140815,-0.7322991842684559,1,0,32.25547825848494,5.277559610762623,0.0,2,0,0.0,0,0,0,0,0,0,False,True,0,0.0,0.0,0.0,0,0,0.0
2025-01-08 14:35:00+08:00,8647.0,8647.0,8634.0,8639.0,8157.0,-2.666517069186739,-1.8964958396963756,-0.7700212294903632,1,-1,-107.94222444911793,-115.68575364592904,7.74352919681111,2,1,24.53549062375418,3.6220780214928894,0.0,1,-1,0.0,0,0,0,0,0,-1,True,False,0,8639.0,0.0,0.0,0,0,0.0
2025-01-08 14:40:00+08:00,8640.0,8649.0,8638.0,8645.0,7547.0,-3.570396047345639,-2.4537339184615226,-1.1166621288841165,4,0,-174.50727716651545,-135.37671055080688,-39.130566615708574,4,-1,23.816995069633293,2.3122812444925565,0.0,4,0,0.0,0,0,0,0,0,0,True,False,-1,8639.0,0.0,0.0,0,0,0.0
2025-01-08 14:45:00+08:00,8645.0,8647.0,8637.0,8639.0,3766.0,-4.8928056725162605,-3.2661965300821922,-1.6266091424340683,4,0,-697.8041423031627,-322.9373618858809,-374.86678041728186,4,0,22.244553000236383,1.1717717667358656,0.0,4,0,0.0,0,0,0,0,0,0,True,False,-1,8639.0,0.0,0.0,0,0,0.0
2025-01-08 14:50:00+08:00,8638.0,8645.0,8636.0,8636.0,4981.0,-6.100991536341098,-4.210878639090499,-1.8901128972505994,4,0,-896.9063451990169,-514.2426389773905,-382.6637062216264,4,0,20.234003674920835,0.08831819368588256,0.0,4,0,0.0,0,0,0,0,0,0,True,False,-1,8639.0,0.0,0.0,0,0,0.0
2025-01-08 21:00:00+08:00,8656.0,8671.0,8644.0,8658.0,19368.0,-3.525131983171377,-4.280448149282708,0.7553161661113306,2,1,1074.8585598175123,10.834182714118128,1064.0243771033943,2,1,33.00013850349378,0.7877615224963037,0.0,4,0,0.0,0,0,0,0,0,0,False,True,0,8639.0,0.0,0.0,0,0,0.0
2025-01-08 21:05:00+08:00,8658.0,8658.0,8647.0,8652.0,8866.0,-2.7854556234105985,-3.781811474816939,0.9963558514063404,2,0,851.3972293512816,291.0234375100347,560.3737918412469,2,0,34.52230494520249,1.6076218768299242,0.0,3,1,0.0,0,0,0,0,0,0,False,True,0,8639.0,0.0,0.0,0,0,0.0
2025-01-08 21:10:00+08:00,8652.0,8653.0,8635.0,8642.0,8954.0,-3.476049234779566,-3.6798551849119745,0.20380595013240832,2,0,687.3051523330905,423.12124986815616,264.18390246493436,2,0,29.92013478916509,1.5701591616192978,0.0,2,0,0.0,0,0,0,0,0,0,False,True,0,8639.0,0.0,0.0,0,0,0.0
2025-01-08 21:15:00+08:00,8642.0,8649.0,8633.0,8639.0,9379.0,-4.269196146073227,-3.8760770628715466,-0.39311908320168065,4,-1,611.2015932439208,485.76782983588987,125.43376340803093,2,0,25.71280444042022,0.9736272474023444,0.0,4,-1,0.0,0,0,0,0,0,-2,True,False,0,8639.0,0.0,0.0,0,0,0.0
2025-01-08 21:20:00+08:00,8639.0,8643.0,8632.0,8636.0,5523.0,-5.117903414378816,-4.289814069918973,-0.8280893444598432,4,0,55.17507512102384,342.3069669417101,-287.13189182068623,4,-1,22.383261940112703,0.10746261481124364,0.0,4,0,0.0,0,0,0,0,0,0,True,False,-1,8639.0,0.0,0.0,0,0,0.0
2025-01-08 21:25:00+08:00,8636.0,8640.0,8630.0,8639.0,5458.0,-5.2259323349881015,-4.601748346355435,-0.6241839886326668,4,0,-345.58329647069695,113.00986052097923,-458.5931569916762,4,0,22.53296530591492,-0.4897138176935023,0.0,4,0,0.0,0,0,0,0,0,0,True,False,-1,8639.0,0.0,0.0,0,0,0.0
2025-01-08 21:30:00+08:00,8638.0,8642.0,8628.0,8632.0,7082.0,-6.08010768785789,-5.094329680620143,-0.9857780072377471,4,0,-414.0221206888409,-62.63024703420851,-351.3918736546324,4,0,21.1436437043652,-1.0678053046410803,0.0,4,-100,0.0,0,0,0,0,0,0,True,False,-1,8639.0,0.0,0.0,0,0,0.0
2025-01-08 21:35:00+08:00,8631.0,8634.0,8620.0,8634.0,8935.0,-6.298602150956867,-5.495646460043968,-0.8029556909128992,4,0,-218.10201539841182,-114.40954313834447,-103.69247226006735,4,0,24.560591381419783,-1.0305922942937649,0.0,4,0,0.0,0,0,0,0,0,0,True,False,-1,8639.0,0.0,0.0,0,0,0.0
2025-01-08 21:40:00+08:00,8634.0,8640.0,8626.0,8632.0,4922.0,-6.572919493002701,-5.854558264338873,-0.7183612286638272,4,0,-585.3036067406438,-271.4327688058901,-313.8708379347537,4,0,26.228996870589675,-0.7897699702744312,0.0,4,0,0.0,0,0,0,0,0,0,True,False,-1,8639.0,0.0,0.0,0,0,0.0
2025-01-08 21:45:00+08:00,8633.0,8646.0,8633.0,8642.0,6447.0,-5.357080909487195,-5.688662130147729,0.3315812206605342,3,1,-637.6827893951777,-393.5767902563003,-244.1059991388774,4,0,34.54578456883522,0.428734868058406,0.0,2,1,0.0,0,0,0,0,0,0,False,True,-1,0.0,0.0,0.0,0,0,0.0
2025-01-08 21:50:00+08:00,8642.0,8651.0,8639.0,8650.0,5826.0,-3.372686206430444,-4.917031515079443,1.5443453086489987,2,0,-739.8663302907707,-509.01921157424107,-230.84711871652968,4,0,44.9228413885456,2.5809737646237707,0.0,2,100,0.0,0,0,0,0,0,0,False,True,0,0.0,0.0,0.0,0,0,0.0
2025-01-08 21:55:00+08:00,8650.0,8656.0,8643.0,8655.0,5291.0,-1.270169877601802,-3.701887847206609,2.431717969604807,2,0,-863.7660675458146,-627.0117970199591,-236.75427052585553,4,0,53.57194561435072,5.14465624553274,0.0,2,0,0.0,0,0,0,0,0,0,False,True,0,0.0,0.0,0.0,0,0,0.0
2025-01-08 22:00:00+08:00,8655.0,8682.0,8652.0,8669.0,12752.0,2.0140318896337703,-1.796958188249489,3.8109900778832593,2,0,14.578706208541007,-413.1130313802872,427.69173758882823,2,1,67.553521391447,8.601808190711722,0.0,2,0,0.0,0,0,0,0,0,0,False,True,0,0.0,0.0,0.0,0,0,0.0
2025-01-08 22:05:00+08:00,8669.0,8669.0,8656.0,8660.0,6040.0,3.140087790821781,-0.15116511994941906,3.2912529107712,2,0,-219.85860725390012,-348.57952219148694,128.72091493758683,2,0,67.87851838651581,10.890550319751071,0.0,2,0,0.0,0,0,0,0,0,0,False,True,0,0.0,0.0,0.0,0,0,0.0
2025-01-08 22:10:00+08:00,8660.0,8668.0,8657.0,8665.0,4148.0,4.5009480252774665,1.3996133099820163,3.10133471529545,2,0,-620.5688920542652,-439.27891676969745,-181.2899752845678,4,-1,70.12649284032902,12.523287033527687,0.0,2,0,0.0,0,0,0,0,0,0,False,True,0,0.0,0.0,0.0,0,0,0.0
2025-01-08 22:15:00+08:00,8663.0,8677.0,8660.0,8661.0,7479.0,4.855522867597756,2.5517594038666216,2.3037634637311344,2,0,-466.35498772593746,-448.26028586378897,-18.094701862148497,4,0,68.26448173970284,13.173440717263567,0.0,2,0,0.0,0,0,0,0,0,0,False,True,0,0.0,0.0,0.0,0,0,0.0
2025-01-08 22:20:00+08:00,8661.0,8674.0,8661.0,8670.0,3531.0,6.1451109462213935,3.7496595077031394,2.395451438518254,2,0,-849.4074528713891,-582.0444371069307,-267.3630157644584,4,0,73.44442442033692,14.054556491837893,0.0,2,0,0.0,0,0,0,0,0,0,False,True,0,0.0,0.0,0.0,0,0,0.0
2025-01-08 22:25:00+08:00,8670.0,8685.0,8670.0,8672.0,9817.0,7.176284848937939,4.891746510895789,2.2845383380421502,2,0,-302.69286685951374,-488.9142733317076,186.22140647219385,2,1,77.95475872294108,14.957097568099869,0.0,2,0,0.0,0,0,0,0,0,0,False,True,0,0.0,0.0,0.0,0,0,0.0
2025-01-08 22:30:00+08:00,8673.0,8674.0,8650.0,8655.0,13372.0,5.591087690901986,5.124552192746594,0.46653549815539197,2,0,539.8197689786184,-146.03689999826827,685.8566689768867,2,0,67.50708003396677,13.957247194615064,0.0,2,0,0.0,0,0,0,0,0,0,False,True,0,0.0,0.0,0.0,0,0,0.0
2025-01-08 22:35:00+08:00,8655.0,8672.0,8655.0,8662.0,5987.0,5.245684185232676,5.1642667769056265,0.08141740832704958,2,0,183.4941416517495,-36.22184463881506,219.71598629056456,2,0,66.17440254869035,12.784225259337397,0.0,1,-1,0.0,0,0,0,0,0,0,True,True,0,0.0,0.0,0.0,0,0,0.0
2025-01-08 22:40:00+08:00,8662.0,8675.0,8662.0,8672.0,4415.0,6.16148450561559,5.496195058735451,0.6652894468801387,2,2,-270.8405697249955,-114.52924037271546,-156.31132935228,1,-1,73.75336510965025,12.652219280667893,0.0,4,0,0.0,0,0,0,0,0,0,False,True,0,0.0,0.0,0.0,0,0,0.0
2025-01-08 22:45:00+08:00,8672.0,8674.0,8667.0,8671.0,3477.0,6.548656715674952,5.846743097550572,0.7019136181243795,2,0,-703.939755418528,-311.08100977966063,-392.85874563886733,4,0,77.49040354384469,12.77344352936781,0.0,4,0,0.0,0,0,0,0,0,0,False,True,0,0.0,0.0,0.0,0,0,0.0
2025-01-08 22:50:00+08:00,8670.0,8676.0,8667.0,8674.0,3408.0,7.063328243324577,6.251929360136958,0.8113988831876187,2,0,-1002.6670639940967,-541.7572505101448,-460.9098134839519,4,0,80.07533047024788,12.921536574350576,0.0,3,1,0.0,0,0,0,0,0,0,False,True,0,0.0,0.0,0.0,0,0,0.0
2025-01-08 22:55:00+08:00,8673.0,8678.0,8668.0,8672.0,4732.0,7.021864809557883,6.508137606642082,0.5137272029158009,2,0,-1023.4295325187823,-702.3308906924374,-321.0986418263449,4,0,79.14305321555791,12.61254141423177,0.0,4,-1,0.0,0,0,0,0,0,0,True,True,0,0.0,0.0,0.0,0,0,0.0
2025-01-09 09:00:00+08:00,8668.0,8704.0,8658.0,8679.0,21563.0,7.733100414212458,6.916245271750191,0.8168551424622672,2,2,1120.842864571896,-94.66250341847547,1215.5053679903713,2,1,74.2000659943603,11.528994735420518,0.0,4,0,0.0,0,0,0,0,0,0,False,True,0,0.0,0.0,0.0,0,0,0.0
2025-01-09 09:05:00+08:00,8680.0,8705.0,8674.0,8700.0,15223.0,10.73650353479752,8.189406253583064,2.547097281214457,2,0,1800.9303650325655,537.1169903568473,1263.8133746757183,2,0,84.71556609927858,11.859721565300234,0.0,4,0,0.0,0,0,0,0,0,0,False,True,0,0.0,0.0,0.0,0,0,0.0
2025-01-09 09:10:00+08:00,8700.0,8701.0,8672.0,8677.0,10611.0,9.702225034190633,8.693551075465825,1.008673958724808,2,0,1655.7887815518425,909.9827441695047,745.8060373823378,2,0,76.13620923815013,10.777886299951575,0.0,4,0,0.0,0,0,0,0,0,0,False,True,0,0.0,0.0,0.0,0,0,0.0
2025-01-09 09:15:00+08:00,8676.0,8698.0,8675.0,8695.0,10104.0,11.054676879010003,9.480401223661316,1.5742756553486874,2,2,1454.2392497408255,1091.3927472279775,362.846502512848,2,0,81.96310728896025,10.544312355464513,0.0,4,0,0.0,0,0,0,0,0,0,False,True,0,0.0,0.0,0.0,0,0,0.0
2025-01-09 09:20:00+08:00,8695.0,8698.0,8672.0,8680.0,8875.0,9.867711811710251,9.609386273493177,0.2583255382170737,2,0,1125.5475261786396,1102.7525768385583,22.794949340081303,2,0,76.29565186097427,9.41390754178552,0.0,4,0,0.0,0,0,0,0,0,0,False,True,0,0.0,0.0,0.0,0,0,0.0
2025-01-09 09:25:00+08:00,8680.0,8698.0,8680.0,8686.0,9645.0,9.585606304188332,9.601462576631652,-0.015856272443320663,1,-1,968.1860820210495,1057.8621335519015,-89.67605153085196,1,-1,76.42117869319536,8.435202164045293,0.0,4,0,0.0,0,0,0,0,0,-5,True,False,0,8686.0,0.0,0.0,0,0,0.0
2025-01-09 09:30:00+08:00,8684.0,8686.0,8656.0,8661.0,14619.0,6.009547727553581,8.404097637958388,-2.394549910404807,4,0,1468.5670421056711,1194.7258155442655,273.8412265614056,2,1,60.71740184408681,5.569546102442516,0.0,4,0,0.0,0,0,0,0,0,0,True,False,-1,8686.0,0.0,0.0,0,0,0.0
2025-01-09 09:35:00+08:00,8662.0,8663.0,8644.0,8652.0,11891.0,2.2229044757023075,6.343546627914558,-4.12064215221225,4,0,1443.4145856054638,1277.7989026841185,165.6156829213453,2,0,45.94724914281367,1.561677637531531,0.0,4,0,0.0,0,0,0,0,0,0,True,False,-1,8686.0,0.0,0.0,0,0,0.0
2025-01-09 09:40:00+08:00,8652.0,8665.0,8651.0,8658.0,5581.0,0.2733394745609985,4.320259017998115,-4.046919543437117,4,0,593.8602351904465,1049.9231177265976,-456.06288253615116,4,-1,43.152814807101294,-1.6216129105922192,0.0,4,0,0.0,0,0,0,0,0,0,True,False,-1,8686.0,0.0,0.0,0,0,0.0
2025-01-09 09:45:00+08:00,8659.0,8694.0,8659.0,8689.0,11391.0,2.832289503510765,3.8244920718785154,-0.9922025683677504,4,0,721.1820901307365,940.3741049527397,-219.19201482200322,4,0,63.49321841196726,-1.2561824353789461,0.0,4,0,0.0,0,0,0,0,0,0,True,False,-1,8686.0,0.0,0.0,0,0,0.0
2025-01-09 09:50:00+08:00,8689.0,8698.0,8682.0,8697.0,8482.0,5.589190114798839,4.413110554137988,1.1760795606608516,2,1,426.0956573003332,768.9505243199283,-342.8548670195951,4,0,80.71699148606004,1.2132191769855893,0.0,4,0,0.0,0,0,0,0,0,0,False,True,-1,0.0,0.0,0.0,0,0,0.0
2025-01-09 09:55:00+08:00,8697.0,8702.0,8672.0,8672.0,9907.0,4.236983230126498,4.35530337373604,-0.1183201436095418,4,-1,390.7018347674948,643.1730570677507,-252.47122230025593,4,0,72.13884349090394,1.8235209678064166,0.0,3,1,0.0,0,0,0,0,0,0,True,True,0,0.0,0.0,0.0,0,0,0.0
2025-01-09 10:00:00+08:00,8672.0,8673.0,8652.0,8659.0,14909.0,1.545197983372418,3.4195205437457554,-1.8743225603733373,4,0,992.4606629322443,759.6156414822141,232.84502145003023,3,1,56.91320587304568,0.29583572766055966,0.0,4,-1,0.0,0,0,0,0,0,-6,True,False,0,8659.0,0.0,0.0,0,0,0.0
2025-01-09 10:05:00+08:00,8659.0,8683.0,8655.0,8667.0,8852.0,0.6340807419019256,2.491691516886989,-1.8576107749850634,4,0,625.8148100105554,715.0645504444898,-89.24974043393433,4,-1,54.24614587312874,-1.1420627603237037,0.0,4,0,0.0,0,0,0,0,0,0,True,False,-1,8659.0,0.0,0.0,0,0,0.0
2025-01-09 10:30:00+08:00,8662.0,8672.0,8635.0,8640.0,17151.0,-4.429667517671987,-0.5426240966883367,-3.887043420983651,4,0,843.3838737957922,558.4071653627337,284.97670843305843,3,1,34.80640571231177,-5.587306082646123,0.0,4,0,0.0,0,0,0,0,0,0,True,False,0,8659.0,0.0,0.0,0,0,0.0
2025-01-09 10:35:00+08:00,8639.0,8652.0,8638.0,8645.0,6464.0,-6.267321130591881,-2.4505698538764813,-3.8167512767154,4,0,190.37605114992948,435.6946818923752,-245.3186307424457,4,-1,29.7329296307095,-8.196846678381448,0.0,4,0,0.0,0,0,0,0,0,0,True,False,0,8659.0,0.0,0.0,0,0,0.0
2025-01-09 10:40:00+08:00,8644.0,8652.0,8638.0,8640.0,7240.0,-8.062749416230872,-4.32106013397591,-3.7416892822549626,4,0,-174.6971889360666,232.14736675741364,-406.84455569348023,4,0,25.284996920936482,-10.42376756764262,0.0,4,0,0.0,0,0,0,0,0,0,True,False,0,8659.0,0.0,0.0,0,0,0.0
2025-01-09 10:45:00+08:00,8641.0,8646.0,8631.0,8645.0,8176.0,-8.520827033971727,-5.7209750109731825,-2.799852022998545,4,0,-309.07636879127494,51.646409472875206,-360.7227782641502,4,0,26.714948915382777,-11.597680152453925,0.0,4,0,0.0,0,0,0,0,0,0,True,False,0,8659.0,0.0,0.0,0,0,0.0
2025-01-09 10:50:00+08:00,8647.0,8661.0,8645.0,8658.0,9181.0,-7.011949993653616,-6.151201520893262,-0.8607484727603536,4,0,-269.3706290225564,-55.3303583428991,-214.04027067965728,4,0,36.614173154465206,-10.932910001276689,0.0,4,0,0.0,0,0,0,0,0,0,True,False,0,8659.0,0.0,0.0,0,0,0.0
2025-01-09 10:55:00+08:00,8658.0,8688.0,8658.0,8677.0,13505.0,-3.3891667319458065,-5.23055732629778,1.8413905943519735,2,1,313.2380930428026,67.4431089732598,245.79498406954278,3,1,54.60088794545079,-7.941792557640817,0.0,3,1,0.0,0,0,0,0,1,0,False,True,0,8677.0,0.0,0.0,0,0,0.0
2025-01-09 11:00:00+08:00,8676.0,8691.0,8673.0,8690.0,10528.0,0.8828171378572733,-3.1927029034533145,4.075520041310588,2,0,338.54936987078327,157.7368063453922,180.81256352539106,2,0,72.31092672902017,-3.426276437036883,0.0,2,0,0.0,0,0,0,0,0,0,False,True,1,8677.0,0.0,0.0,0,0,0.0
2025-01-09 11:05:00+08:00,8690.0,8697.0,8682.0,8682.0,9322.0,2.8541710404970217,-1.1773092966460341,4.031480337143056,2,0,196.05483413500951,170.45273638187518,25.60209775313433,2,0,75.20170269707452,0.184810435019088,0.0,2,0,0.0,0,0,0,0,0,0,False,True,1,8677.0,0.0,0.0,0,0,0.0
2025-01-09 11:10:00+08:00,8682.0,8695.0,8682.0,8693.0,5086.0,5.577315042957707,1.0735627355691526,4.503752307388554,2,0,-446.1670401316387,-35.032273326879704,-411.134766804759,4,-1,81.43352431950608,3.518655211125086,0.0,2,0,0.0,0,0,0,0,0,0,False,True,1,8677.0,0.0,0.0,0,0,0.0
2025-01-09 11:15:00+08:00,8692.0,8713.0,8692.0,8694.0,14396.0,7.502269671875183,3.2156852944147833,4.2865843774604,2,0,293.48740919178454,74.44555422568641,219.04185496609813,2,1,80.0129577386228,5.609007176066569,0.0,2,100,0.0,0,0,0,0,4,0,False,True,1,8677.0,0.0,0.0,0,0,0.0
2025-01-09 11:20:00+08:00,8694.0,8705.0,8688.0,8693.0,6833.0,8.570827361829288,4.999866999346784,3.570960362482504,2,0,-152.47638546876624,-1.0952157495226658,-151.3811697192436,4,-1,77.72930954842317,6.67142740671418,0.0,2,0,0.0,0,0,0,0,0,0,False,True,1,8677.0,0.0,0.0,0,0,0.0
2025-01-09 13:30:00+08:00,8690.0,8690.0,8667.0,8668.0,9971.0,5.7410728299109905,6.024850908112759,-0.2837780782017685,1,-1,-251.92188821942364,-180.353049175786,-71.56883904363764,4,0,57.03435536869266,4.538229619132956,0.0,2,0,0.0,0,0,0,0,0,0,True,False,0,8677.0,0.0,0.0,0,0,0.0
2025-01-09 13:35:00+08:00,8667.0,8669.0,8656.0,8666.0,11192.0,3.41933960672759,5.155433352667327,-1.736093745939737,4,0,34.75904293544227,-108.7346180465288,143.49366098197106,2,1,47.05864129106779,1.6819506419969272,0.0,4,-1,0.0,0,0,0,0,0,-4,True,False,0,8666.0,0.0,0.0,0,0,0.0
2025-01-09 13:40:00+08:00,8666.0,8666.0,8654.0,8658.0,6833.0,0.6969483820994355,3.6682446002251448,-2.971296218125709,4,0,-317.76821130171083,-178.48488145826963,-139.2833298434412,4,-1,37.67716414575662,-1.5368061668828545,0.0,4,0,0.0,0,0,0,0,0,0,True,False,-1,8666.0,0.0,0.0,0,0,0.0
2025-01-09 13:45:00+08:00,8659.0,8662.0,8651.0,8653.0,5494.0,-1.8683612318254745,1.8220206375214036,-3.6903818693468784,4,0,-729.1851367804356,-362.1412604866801,-367.04387629375555,4,0,30.139854412117366,-4.719261821313893,0.0,4,-100,0.0,0,0,0,0,0,0,True,False,-1,8666.0,0.0,0.0,0,0,0.0
2025-01-09 13:50:00+08:00,8653.0,8656.0,8646.0,8650.0,5746.0,-4.014239420221202,-0.12323499718014075,-3.891004423041061,4,0,-970.9205003006282,-564.8128081735404,-406.10769212708783,4,0,24.961665449808493,-7.524060396585632,0.0,4,0,0.0,0,0,0,0,0,0,True,False,-1,8666.0,0.0,0.0,0,0,0.0
2025-01-09 13:55:00+08:00,8650.0,8661.0,8646.0,8655.0,6226.0,-4.804521088201,-1.6836266721510482,-3.1208944160499517,4,0,-1059.7370113441657,-729.7828889208605,-329.9541224233052,4,0,26.356213326675647,-9.168037080171857,0.0,4,0,0.0,0,0,0,0,0,0,True,False,-1,8666.0,0.0,0.0,0,0,0.0
2025-01-09 14:00:00+08:00,8655.0,8666.0,8655.0,8663.0,5288.0,-4.243077232451469,-2.5367368717446843,-1.7063403607067849,4,0,-1218.911286894223,-892.8136275378374,-326.0976593563855,4,0,33.253397611961184,-9.245141641521819,0.0,4,0,0.0,0,0,0,0,0,0,True,False,-1,8666.0,0.0,0.0,0,0,0.0
2025-01-09 14:05:00+08:00,8663.0,8685.0,8663.0,8675.0,8410.0,-2.234405575101846,-2.435955332060923,0.20154975695907718,3,1,-908.7120173724752,-898.1323728097109,-10.579644562764315,4,0,45.270685170990674,-7.577380304933378,0.0,4,0,0.0,0,0,0,0,0,0,False,True,-1,0.0,0.0,0.0,0,0,0.0
2025-01-09 14:10:00+08:00,8675.0,8684.0,8673.0,8683.0,4322.0,0.24232828164349485,-1.5431326688801112,1.785460950523606,2,0,-1190.3157608889387,-995.5539751972234,-194.76178569171532,4,0,56.84491905405611,-4.789293812306745,0.0,2,1,0.0,0,0,0,0,0,0,False,True,0,0.0,0.0,0.0,0,0,0.0
2025-01-09 14:15:00+08:00,8683.0,8687.0,8674.0,8685.0,4669.0,2.2341018497590994,-0.28396266923797575,2.5180645189970754,2,0,-1319.2337736264026,-1103.4756053985298,-215.75816822787283,4,0,63.49333315927883,-1.8798483352745876,0.0,2,0,0.0,0,0,0,0,0,0,False,True,0,0.0,0.0,0.0,0,0,0.0
2025-01-09 14:20:00+08:00,8684.0,8693.0,8679.0,8682.0,5354.0,3.207166030186272,0.8795203136636138,2.3276457165226585,2,0,-1295.001766376421,-1167.2952284760338,-127.70653790038727,4,0,63.927810965337784,0.2788332324582541,0.0,2,0,0.0,0,0,0,0,0,0,False,True,0,0.0,0.0,0.0,0,0,0.0
2025-01-09 14:25:00+08:00,8683.0,8689.0,8679.0,8680.0,4246.0,3.5699050846633327,1.775984978500078,1.7939201061632546,2,0,-1391.1391300386667,-1241.7977295154535,-149.34140052321322,4,0,61.987362664131,1.5465340373005247,0.0,2,0,0.0,0,0,0,0,0,0,False,True,0,0.0,0.0,0.0,0,0,0.0
2025-01-09 14:30:00+08:00,8680.0,8699.0,8680.0,8695.0,9146.0,5.654963662127557,3.069271106696023,2.5856925554315335,2,2,-807.2206279826714,-1096.9388392666203,289.7182112839489,2,1,70.87537116086237,3.5270077329209713,0.0,2,100,0.0,0,0,0,0,4,0,False,True,0,8695.0,0.0,0.0,0,0,0.0
2025-01-09 14:35:00+08:00,8695.0,8701.0,8689.0,8695.0,6064.0,7.002658793830051,4.380734302286583,2.621924491543468,2,0,-770.7210848547629,-988.3163877440378,217.59530288927488,2,0,76.03371255453439,5.494716408121256,0.0,2,0,0.0,0,0,0,0,0,0,False,True,1,8695.0,0.0,0.0,0,0,0.0
2025-01-09 14:40:00+08:00,8695.0,8696.0,8685.0,8687.0,3590.0,6.787311069374482,5.183514519970909,1.6037965494035733,2,0,-1042.886257058276,-1006.5998613600843,-36.286395698191654,1,-1,72.57369463132876,6.310523007979533,0.0,2,0,0.0,0,0,0,0,0,0,False,True,1,8695.0,0.0,0.0,0,0,0.0
2025-01-09 14:45:00+08:00,8687.0,8689.0,8679.0,8686.0,4779.0,6.365431478639948,5.578216973803366,0.787214504836582,2,0,-1061.3903789518017,-1024.969959385192,-36.42041956660978,1,0,69.31271487436604,6.3416804317464255,0.0,2,0,0.0,0,0,0,0,0,0,False,True,1,8695.0,0.0,0.0,0,0,0.0
2025-01-09 14:50:00+08:00,8686.0,8696.0,8685.0,8694.0,4748.0,6.949508287219942,6.035695432059144,0.9138128551607982,2,0,-1055.7792879257913,-1035.223958673463,-20.55532925232842,4,0,73.15915702234314,6.697760837058283,0.0,2,0,0.0,0,0,0,0,0,0,False,True,1,8695.0,0.0,0.0,0,0,0.0
2025-01-09 21:00:00+08:00,8702.0,8732.0,8689.0,8691.0,22636.0,6.605634295203345,6.40325162600306,0.20238266920028458,2,0,1404.7106176146244,-180.79607146499234,1585.5066890796168,2,0,65.83767323437621,5.836022547003601,0.0,2,0,0.0,0,0,0,0,0,0,False,True,0,8695.0,0.0,0.0,0,0,0.0
2025-01-09 21:05:00+08:00,8691.0,8697.0,8676.0,8697.0,13483.0,7.068665077596961,6.625830680470312,0.4428343971266493,2,2,1799.5541712650538,479.4481465554501,1320.1060247096038,2,0,64.6570127132108,4.837379749363848,0.0,4,-1,0.0,0,0,0,0,0,0,True,True,0,8695.0,0.0,0.0,0,0,0.0
2025-01-09 21:10:00+08:00,8697.0,8699.0,8680.0,8687.0,7701.0,5.975190169967391,6.409675464036265,-0.4344852940688746,4,-1,1305.1687859392878,754.8526220435883,550.3161638956994,2,0,59.28285221448739,3.3399313054077524,0.0,4,0,0.0,0,0,0,0,0,0,True,False,0,8695.0,0.0,0.0,0,0,0.0
2025-01-09 21:15:00+08:00,8687.0,8709.0,8677.0,8706.0,11276.0,7.491850043101294,6.770873508446813,0.7209765346544819,2,1,1383.3845283604915,964.2772245970093,419.10730376348215,2,0,66.85680322955193,3.1594748434506954,0.0,4,0,0.0,0,0,0,0,0,0,False,True,0,8695.0,0.0,0.0,0,0,0.0
2025-01-09 21:20:00+08:00,8707.0,8724.0,8702.0,8722.0,14540.0,10.432232680812376,7.991615369886603,2.4406173109257736,2,0,1823.7128642756397,1250.7723127622517,572.9405515133881,2,0,80.54625596513098,4.720921744904487,0.0,3,1,0.0,0,0,0,0,0,0,False,True,0,8695.0,0.0,0.0,0,0,0.0
2025-01-09 21:25:00+08:00,8722.0,8734.0,8716.0,8717.0,12550.0,11.645448682360438,9.209566481826254,2.4358822005341842,2,0,1842.2604263104804,1447.9314483000705,394.32897801040986,2,0,83.90317769725343,6.143692286330776,0.0,2,0,0.0,0,0,0,0,0,0,False,True,0,8695.0,0.0,0.0,0,0,0.0
2025-01-09 21:30:00+08:00,8716.0,8720.0,8710.0,8713.0,6668.0,11.744972351056276,10.054875064784733,1.690097286271543,2,0,1069.3762563949294,1321.7194502189407,-252.34319382401122,1,-1,82.19995101215486,6.818612356769762,0.0,2,0,0.0,0,0,0,0,0,0,False,True,0,8695.0,0.0,0.0,0,0,0.0
2025-01-09 21:35:00+08:00,8712.0,8722.0,8708.0,8721.0,5526.0,12.58222876984837,10.897385551777282,1.684843218071089,2,0,357.8202291534253,1000.3741219245742,-642.5538927711489,4,0,85.0909061387069,7.500147415411547,0.0,2,0,0.0,0,0,0,0,0,0,False,True,0,8695.0,0.0,0.0,0,0,0.0
2025-01-09 21:40:00+08:00,8720.0,8722.0,8705.0,8712.0,7211.0,11.762137568837716,11.185566631070834,0.5765709377668813,2,0,63.505196655860345,688.0623150554948,-624.5571183996344,4,0,81.96380671349758,7.423303393364904,0.0,2,0,0.0,0,0,0,0,0,0,False,True,0,8695.0,0.0,0.0,0,0,0.0
2025-01-09 21:45:00+08:00,8711.0,8713.0,8706.0,8711.0,3978.0,10.809095169857756,11.060000610560389,-0.250905440702633,1,-1,-555.5521919740586,273.4480081825718,-829.0002001566304,4,0,79.30927843433264,6.885416108711738,0.0,2,0,0.0,0,0,0,0,0,0,True,False,0,8695.0,0.0,0.0,0,0,0.0
2025-01-09 21:50:00+08:00,8711.0,8717.0,8707.0,8711.0,4586.0,9.909833107190934,10.676703257985952,-0.7668701507950182,4,0,-902.1962951433325,-118.46949196457092,-783.7268031787615,4,0,78.08638395567763,6.175496362467172,0.0,4,-1,0.0,0,0,0,0,0,0,True,False,0,8695.0,0.0,0.0,0,0,0.0
2025-01-09 21:55:00+08:00,8710.0,8721.0,8708.0,8719.0,3941.0,10.083275642056833,10.479073241327132,-0.3957975992702991,4,0,-1208.7813536642643,-481.7851798422397,-726.9961738220246,4,0,81.9807309372874,6.028468767166942,0.0,4,0,0.0,0,0,0,0,0,0,True,False,0,8695.0,0.0,0.0,0,0,0.0
2025-01-09 22:00:00+08:00,8719.0,8725.0,8697.0,8701.0,11241.0,7.70571400459994,9.554295807169087,-1.8485818025691465,4,0,-472.0014659473645,-478.4684437657508,6.466977818386283,3,1,74.62243598522686,4.870969284093206,0.0,4,0,0.0,0,0,0,0,0,0,True,False,0,8695.0,0.0,0.0,0,0,0.0
2025-01-09 22:05:00+08:00,8700.0,8707.0,8699.0,8702.0,3802.0,5.9962064134088,8.367725436355142,-2.3715190229463428,4,0,-888.0665755326972,-614.859404819778,-273.20717071291926,4,-1,67.88856333656261,3.0925216624371217,0.0,4,0,0.0,0,0,0,0,0,0,True,False,0,8695.0,0.0,0.0,0,0,0.0
2025-01-09 22:10:00+08:00,8703.0,8715.0,8702.0,8713.0,4051.0,6.06326553771396,7.5992677910989554,-1.5360022533849955,4,0,-1130.4857899969547,-786.668262600778,-343.81752739617673,4,0,71.54194703142088,2.2445675632539235,0.0,4,0,0.0,0,0,0,0,0,0,True,False,0,8695.0,0.0,0.0,0,0,0.0
2025-01-09 22:15:00+08:00,8713.0,8714.0,8704.0,8711.0,3718.0,5.728014532387533,6.975140527804322,-1.2471259954167886,4,0,-1319.552706357881,-964.3524327886989,-355.2002735691822,4,0,73.09516659837479,1.8058706687702824,0.0,4,0,0.0,0,0,0,0,0,0,True,False,0,8695.0,0.0,0.0,0,0,0.0
2025-01-09 22:20:00+08:00,8710.0,8714.0,8709.0,8710.0,2332.0,5.2438440420901316,6.397710694168501,-1.1538666520783698,4,0,-1600.7026294068355,-1176.5406201824367,-424.16200922439884,4,0,73.03568859677641,1.4494988961200477,0.0,4,0,0.0,0,0,0,0,0,0,True,False,0,8695.0,0.0,0.0,0,0,0.0
2025-01-09 22:25:00+08:00,8711.0,8715.0,8704.0,8707.0,4379.0,4.41119562505628,5.735279092450631,-1.3240834673943516,4,0,-1504.7185799632243,-1285.9734688998,-218.74511106342425,4,0,70.9637920330505,0.9588957081015934,0.0,4,0,0.0,0,0,0,0,0,0,True,False,0,8695.0,0.0,0.0,0,0,0.0
2025-01-09 22:30:00+08:00,8707.0,8712.0,8688.0,8692.0,11582.0,1.8270825602739933,4.432293661877615,-2.605211101603622,4,0,-490.66628281705925,-1020.9066274629351,530.2403446458759,2,1,60.3259706853559,-0.7829891102425677,0.0,4,-10,0.0,0,0,0,0,0,0,True,False,0,8695.0,0.0,0.0,0,0,0.0
2025-01-09 22:35:00+08:00,8693.0,8694.0,8681.0,8686.0,10703.0,-0.7920286210428458,2.6905737237299627,-3.4826023447728085,4,0,121.6213671458745,-640.1570732807606,761.7784404266351,2,0,50.72665709077427,-3.170889938758762,0.0,4,-100,0.0,0,0,0,0,0,0,True,False,0,8695.0,0.0,0.0,0,0,0.0
2025-01-09 22:40:00+08:00,8687.0,8698.0,8687.0,8693.0,5268.0,-1.72941720253948,1.2170619818511716,-2.9464791843906517,4,0,-140.25240917930023,-473.6040639812797,333.35165480197946,2,0,50.83219232333886,-4.783639213841475,0.0,4,0,0.0,0,0,0,0,0,0,True,False,0,8695.0,0.0,0.0,0,0,0.0
2025-01-09 22:45:00+08:00,8692.0,8698.0,8684.0,8687.0,6132.0,-3.11367206840805,-0.2260110128641848,-2.887661055543865,4,0,-211.66948149876407,-386.18646228488797,174.5169807861239,2,0,48.19129434465684,-6.128221095882907,0.0,4,0,0.0,0,0,0,0,0,0,True,False,0,8695.0,0.0,0.0,0,0,0.0
2025-01-09 22:50:00+08:00,8687.0,8689.0,8680.0,8688.0,4927.0,-3.894688669770403,-1.4483178269302472,-2.446370842840156,4,0,-410.55204570106616,-394.3098311023459,-16.24221459872024,1,-1,47.4340873593961,-7.064969548932034,0.0,4,0,0.0,0,0,0,0,0,0,True,False,0,8695.0,0.0,0.0,0,0,0.0
2025-01-09 22:55:00+08:00,8687.0,8693.0,8683.0,8687.0,5336.0,-4.488482629229111,-2.4609078312460473,-2.0275747979830636,4,0,-489.8399328495898,-426.1160400499706,-63.72389279961919,1,0,46.72017370326983,-7.692187113255244,0.0,4,0,0.0,0,0,0,0,0,0,True,False,0,8695.0,0.0,0.0,0,0,0.0
2025-01-10 09:00:00+08:00,8710.0,8734.0,8705.0,8723.0,28324.0,-0.239984101641312,-1.7200438003673195,1.4800596987260075,2,1,2383.7748231833466,510.479535857889,1873.2952873254576,2,1,69.18315492737223,-5.137881167198977,0.0,3,1,0.0,0,0,0,0,1,0,False,True,0,8723.0,0.0,0.0,0,0,0.0
2025-01-10 09:05:00+08:00,8723.0,8729.0,8712.0,8725.0,12266.0,3.0086163315590966,-0.1435134816903183,3.152129813249415,2,0,2316.371989942387,1112.4028683712656,1203.9691215711211,2,0,83.29145688529594,-1.4149533635141438,0.0,2,0,0.0,0,0,0,0,0,0,False,True,1,8723.0,0.0,0.0,0,0,0.0
2025-01-10 09:10:00+08:00,8726.0,8760.0,8720.0,8748.0,22504.0,8.151495787178646,2.6216066129726308,5.529889174206016,2,0,3520.0212245294406,1914.948942322219,1605.0722822072216,2,0,88.80422263024478,1.9558938352117252,0.0,2,0,0.0,0,0,0,0,0,0,False,True,1,8723.0,0.0,0.0,0,0,0.0
2025-01-10 09:15:00+08:00,8747.0,8762.0,8743.0,8749.0,11368.0,11.7252533947958,5.65645989523572,6.06879349956008,2,0,2878.3735829258258,2236.033085130673,642.3404977951527,2,0,89.41126348412129,4.340075731196379,0.0,2,100,0.0,0,0,0,0,0,0,False,True,1,8723.0,0.0,0.0,0,0,0.0
2025-01-10 09:20:00+08:00,8749.0,8767.0,8749.0,8761.0,9041.0,15.51573884613208,8.943088375118474,6.572650471013606,2,0,2070.4582036192296,2180.819643481885,-110.36143986265552,1,-1,92.53883875440332,6.303038956424601,0.0,2,0,0.0,0,0,0,0,0,0,False,True,1,8723.0,0.0,0.0,0,0,0.0
2025-01-10 09:25:00+08:00,8761.0,8782.0,8757.0,8774.0,15213.0,19.505225239441643,12.46366812032311,7.041557119118533,2,0,2241.9110079357597,2201.221566862095,40.68944107366451,2,1,93.22503432234913,7.653167667959153,0.0,2,0,0.0,0,0,0,0,0,0,False,True,1,8723.0,0.0,0.0,0,0,0.0
2025-01-10 09:30:00+08:00,8774.0,8775.0,8754.0,8755.0,9267.0,19.487344604836835,14.804986924029631,4.682357680807204,2,0,1560.0153310749774,1987.467116714626,-427.4517856396485,4,-1,83.38127619255185,7.202525102231192,0.0,2,0,0.0,0,0,0,0,0,0,False,True,1,8723.0,0.0,0.0,0,0,0.0
2025-01-10 09:35:00+08:00,8755.0,8758.0,8739.0,8755.0,13666.0,19.062678869519004,16.224614481852505,2.838064387666499,2,0,1605.9023314620026,1860.4064137850542,-254.50408232305153,4,0,77.39046572706242,5.950671689297437,0.0,2,0,0.0,0,0,0,0,0,0,False,True,1,8723.0,0.0,0.0,0,0,0.0
2025-01-10 09:40:00+08:00,8754.0,8764.0,8754.0,8764.0,6373.0,19.50321146900569,17.31774894986646,2.1854625191392323,2,0,677.9755754715061,1466.2359968186724,-788.2604213471664,4,0,79.6885262763763,5.24392911638931,0.0,1,-1,0.0,0,0,0,0,0,0,True,True,1,0.0,0.0,0.0,0,0,0.0
2025-01-10 09:45:00+08:00,8764.0,8767.0,8753.0,8753.0,5282.0,18.003536573527526,17.54647219002759,0.4570643834999366,2,0,-127.89569600439972,934.8403412117964,-1062.736037216196,4,0,75.88991605402265,4.140553392294649,0.0,4,0,0.0,0,0,0,0,0,0,False,True,0,0.0,0.0,0.0,0,0,0.0
2025-01-10 09:50:00+08:00,8754.0,8760.0,8747.0,8751.0,4738.0,16.313113727641394,17.13535788722888,-0.8222441595874876,4,-1,-761.3314201055127,369.4647784807114,-1130.7961985862241,4,0,72.51492254767082,2.8405460380031826,0.0,4,0,0.0,0,0,0,0,0,0,True,False,0,0.0,0.0,0.0,0,0,0.0
2025-01-10 09:55:00+08:00,8751.0,8758.0,8745.0,8749.0,3840.0,14.524341977092263,16.265027391664272,-1.7406854145720096,4,0,-1304.800972553825,-188.42505918552354,-1116.3759133683016,4,0,69.97408415230605,1.551787843777518,0.0,4,0,0.0,0,0,0,0,0,0,True,False,0,0.0,0.0,0.0,0,0,0.0
2025-01-10 10:00:00+08:00,8749.0,8749.0,8736.0,8739.0,7581.0,11.688642176213762,14.739852219186224,-3.0512100429724622,4,0,-1184.6548421589232,-520.4168747364923,-664.2379674224309,4,0,63.68657657459896,-0.16551694386259896,0.0,4,0,0.0,0,0,0,0,0,0,True,False,0,0.0,0.0,0.0,0,0,0.0
2025-01-10 10:05:00+08:00,8739.0,8743.0,8732.0,8737.0,6126.0,9.1913108969311,12.890102228847331,-3.6987913319162313,4,0,-1259.8351849593791,-766.8589628142415,-492.9762221451376,4,0,59.389348995783465,-1.8937006513541377,0.0,4,0,0.0,0,0,0,0,0,0,True,False,0,0.0,0.0,0.0,0,0,0.0
2025-01-10 10:10:00+08:00,8738.0,8754.0,8736.0,8748.0,5608.0,8.636406938981963,11.472185285633332,-2.8357783466513684,4,0,-1351.8295314441339,-961.8020113838835,-390.02752006025037,4,0,63.42333692321726,-2.5676477905557675,0.0,4,0,0.0,0,0,0,0,0,0,True,False,0,0.0,0.0,0.0,0,0,0.0
2025-01-10 10:30:00+08:00,8747.0,8796.0,8745.0,8791.0,18024.0,13.523094684836906,12.155470753150139,1.3676239316867669,3,1,188.60275590784477,-578.3680412079868,766.9707971158316,2,1,81.73600130655036,-0.6377536483731063,0.0,4,0,0.0,0,0,0,0,0,0,False,True,-1,0.0,0.0,0.0,0,0,0.0
2025-01-10 10:35:00+08:00,8791.0,8808.0,8788.0,8795.0,17245.0,17.183705720412036,13.831366912503567,3.3523388079084686,2,0,1169.7210144831733,4.322719809844443,1165.398294673329,2,0,88.60965736459747,1.6071765564485077,0.0,2,1,0.0,0,0,0,0,0,0,False,True,0,0.0,0.0,0.0,0,0,0.0
2025-01-10 10:40:00+08:00,8795.0,8806.0,8792.0,8798.0,8998.0,19.77661057008845,15.81264014230924,3.963970427779211,2,0,788.201699140478,265.66571039449263,522.5359887459854,2,0,91.83850901975971,3.5650672462997477,0.0,2,0,0.0,0,0,0,0,0,0,False,True,0,0.0,0.0,0.0,0,0,0.0
2025-01-10 10:45:00+08:00,8798.0,8812.0,8797.0,8801.0,9280.0,21.563464258551903,17.729041696130963,3.83442256242094,2,0,538.8010643095877,356.7011028680364,182.09996144155127,2,0,92.54374872448888,4.965204569152846,0.0,2,0,0.0,0,0,0,0,0,0,False,True,0,0.0,0.0,0.0,0,0,0.0
2025-01-10 10:50:00+08:00,8801.0,8808.0,8790.0,8796.0,10073.0,21.729789503397114,19.06239104470592,2.6673984586911956,2,0,452.6085280439038,388.6779837163569,63.9305443275469,2,0,90.27761533875301,5.531933407280889,0.0,2,0,0.0,0,0,0,0,0,0,False,True,0,0.0,0.0,0.0,0,0,0.0
2025-01-10 10:55:00+08:00,8795.0,8807.0,8792.0,8801.0,5851.0,22.02214337173791,20.049054372760157,1.9730889989777545,2,0,-153.76250606603026,207.86021434118516,-361.6227204072154,4,-1,90.92846559620006,5.901007916169547,0.0,2,0,0.0,0,0,0,0,0,0,False,True,0,0.0,0.0,0.0,0,0,0.0
2025-01-10 11:00:00+08:00,8801.0,8806.0,8798.0,8799.0,4853.0,21.50800526500643,20.5355979243828,0.9724073406236329,2,0,-704.0288568172764,-96.18535516543429,-607.8435016518421,4,0,90.62976416943431,5.99736654593265,0.0,2,0,0.0,0,0,0,0,0,0,False,True,0,0.0,0.0,0.0,0,0,0.0
2025-01-10 11:05:00+08:00,8799.0,8799.0,8791.0,8792.0,5805.0,19.801679268452062,20.290723623825397,-0.4890443553733341,1,-1,-955.4139057382745,-382.611988166885,-572.8019175713895,4,0,87.42503865016837,5.524427417215136,0.0,2,0,0.0,0,0,0,0,0,0,True,False,0,0.0,0.0,0.0,0,0,0.0
2025-01-10 11:10:00+08:00,8793.0,8808.0,8792.0,8806.0,6464.0,19.95950660449489,20.18002397046865,-0.22051736597375893,4,0,-1028.4098605926347,-597.8896765579638,-430.52018403467093,4,0,91.51503940826704,5.5799972709800585,0.0,2,0,0.0,0,0,0,0,0,0,True,False,0,0.0,0.0,0.0,0,0,0.0
2025-01-10 11:15:00+08:00,8807.0,8811.0,8794.0,8800.0,6793.0,18.886343479123752,19.74866310248846,-0.8623196233647086,4,0,-1016.2417381005798,-737.3564116099699,-278.88532649060994,4,0,91.633828828074,5.512672865835086,0.0,2,0,0.0,0,0,0,0,0,0,True,False,0,0.0,0.0,0.0,0,0,0.0
2025-01-10 11:20:00+08:00,8801.0,8801.0,8784.0,8789.0,6338.0,16.33422057639109,18.61004019211825,-2.275819615727162,4,0,-1043.9558259900214,-839.5750679744959,-204.38075801552543,4,0,86.66211994870088,4.71224370786004,0.0,4,0,0.0,0,0,0,0,0,0,True,False,0,0.0,0.0,0.0,0,0,0.0
2025-01-10 11:25:00+08:00,8788.0,8788.0,8741.0,8743.0,15639.0,8.350991960820465,15.189686563318203,-6.838694602497737,4,0,139.79055558536675,-513.0643197190526,652.8548753044194,2,1,64.45372830692085,1.233055236483466,0.0,4,0,0.0,0,0,0,0,0,0,True,False,0,0.0,0.0,0.0,0,0,0.0
2025-01-10 13:30:00+08:00,8751.0,8779.0,8750.0,8775.0,16892.0,6.620033066945325,12.332722945622123,-5.712689878676798,4,0,1128.758067264289,34.07401393655584,1094.6840533277332,2,0,65.84436094539657,-1.0594227192934795,0.0,4,0,0.0,0,0,0,0,0,0,True,False,0,0.0,0.0,0.0,0,0,0.0
2025-01-10 13:35:00+08:00,8775.0,8779.0,8764.0,8765.0,5704.0,3.9918556891334447,9.551975482239357,-5.560119793105912,4,0,380.07117952923727,149.26390113185826,230.807278397379,2,0,64.7713936371041,-2.7810376092622136,0.0,4,0,0.0,0,0,0,0,0,0,True,False,0,0.0,0.0,0.0,0,0,0.0
2025-01-10 13:40:00+08:00,8765.0,8768.0,8758.0,8765.0,5203.0,2.057979222625363,7.053681253175688,-4.995702030550325,4,0,-218.47237798090828,26.549163844254096,-245.0215418251624,1,-1,64.19299248326068,-4.016653473017996,0.0,4,0,0.0,0,0,0,0,0,0,True,False,0,0.0,0.0,0.0,0,0,0.0
2025-01-10 13:45:00+08:00,8765.0,8774.0,8763.0,8771.0,3944.0,1.415591153967398,5.174217167066844,-3.7586260130994464,4,0,-794.9216904162495,-247.38276513862684,-547.5389252776226,4,0,66.59757539040784,-4.513902857015978,0.0,4,0,0.0,0,0,0,0,0,0,True,False,0,0.0,0.0,0.0,0,0,0.0
2025-01-10 13:50:00+08:00,8771.0,8777.0,8770.0,8776.0,3107.0,1.5689026098716568,3.9727418403535544,-2.4038392304818976,4,0,-1289.7204184106677,-594.6209813637826,-695.0994370468851,4,0,70.18960558921928,-4.293418894329847,0.0,4,0,0.0,0,0,0,0,0,0,True,False,0,0.0,0.0,0.0,0,0,0.0
2025-01-10 13:55:00+08:00,8776.0,8782.0,8771.0,8774.0,3967.0,1.3902354648835171,3.1127150018348124,-1.7224795369512953,4,0,-1501.498373911475,-896.8343168305555,-604.6640570809195,4,0,71.17509347173214,-3.916517827211891,0.0,4,0,0.0,0,0,0,0,0,0,True,False,0,0.0,0.0,0.0,0,0,0.0
2025-01-10 14:00:00+08:00,8774.0,8787.0,8774.0,8786.0,5005.0,2.7585978760344005,2.995029173155339,-0.23643129712093858,4,0,-1487.008769828326,-1093.5617379412395,-393.4470318870865,4,0,76.41751496336691,-2.912218924357717,0.0,3,1,0.0,0,0,0,0,0,0,True,True,0,0.0,0.0,0.0,0,0,0.0
2025-01-10 14:05:00+08:00,8786.0,8804.0,8784.0,8792.0,8971.0,4.425583210251716,3.4726610153530175,0.9529221948986986,2,1,-941.7931297398345,-1043.0403836592589,101.24725391942434,3,1,81.79018548404076,-1.4700967758664376,0.0,2,0,0.0,0,0,0,0,5,0,False,True,0,8792.0,0.0,0.0,0,0,0.0
2025-01-10 14:10:00+08:00,8793.0,8800.0,8792.0,8794.0,3515.0,5.758906241249861,4.235307027157157,1.5235992140927035,2,0,-1230.904533791414,-1105.6106394272686,-125.29389436414544,4,-1,85.10968463750596,-0.0003720054914992943,0.0,2,0,0.0,0,0,0,0,0,0,False,True,1,8792.0,0.0,0.0,0,0,0.0
2025-01-10 14:15:00+08:00,8794.0,8798.0,8782.0,8786.0,6128.0,5.5596129998430115,4.677365129386767,0.8822478704562444,2,0,-1076.59065256951,-1095.9887916587988,19.39813908928886,3,1,83.0137718515084,0.7615348959980537,0.0,2,0,0.0,0,0,0,0,0,0,False,True,1,8792.0,0.0,0.0,0,0,0.0
2025-01-10 14:20:00+08:00,8786.0,8792.0,8768.0,8770.0,7238.0,3.2696050712238502,4.208265075133474,-0.9386600039096233,4,-1,-804.1832025391595,-998.6867262829987,194.5035237438392,2,0,74.67788429253719,0.20329092615465072,0.0,2,0,0.0,0,0,0,0,0,0,True,False,1,0.0,0.0,0.0,0,0,0.0
2025-01-10 14:25:00+08:00,8770.0,8783.0,8768.0,8779.0,4924.0,2.731319370706842,3.715641805557356,-0.984322434850514,4,0,-889.292548988532,-962.1790790020463,72.88653001351429,2,0,73.57390096607993,-0.3305545910627643,0.0,2,0,0.0,0,0,0,0,0,0,True,False,0,0.0,0.0,0.0,0,0,0.0
2025-01-10 14:30:00+08:00,8779.0,8789.0,8770.0,8783.0,7361.0,2.802627618681072,3.4110371700970945,-0.6084095514160226,4,0,-620.9764505564945,-848.4800528889713,227.50360233247682,2,0,72.95016402826306,-0.8015634383263972,0.0,1,-1,0.0,0,0,0,0,0,0,True,False,0,0.0,0.0,0.0,0,0,0.0
2025-01-10 14:35:00+08:00,8782.0,8783.0,8772.0,8773.0,4700.0,1.5239710976129572,2.7821062356910753,-1.258135138078118,4,0,-756.9100074968183,-817.9711751850808,61.06116768826257,2,0,66.14760797707379,-1.9722094052548442,0.0,4,0,0.0,0,0,0,0,0,0,True,False,0,0.0,0.0,0.0,0,0,0.0
2025-01-10 14:40:00+08:00,8772.0,8784.0,8769.0,8782.0,5398.0,1.7349083518565749,2.4332313354760013,-0.6983229836194265,4,0,-747.9776407634363,-794.7117931236178,46.7341523601815,2,0,65.94363331871034,-2.74443583005322,0.0,4,0,0.0,0,0,0,0,0,0,True,False,0,0.0,0.0,0.0,0,0,0.0
2025-01-10 14:45:00+08:00,8782.0,8796.0,8779.0,8784.0,6239.0,2.100249838997115,2.322062744540609,-0.22181290554349387,4,0,-619.0528466730138,-736.2004748884564,117.14762821544252,2,0,65.23543187875742,-3.309698799385842,0.0,4,0,0.0,0,0,0,0,0,0,True,False,0,0.0,0.0,0.0,0,0,0.0
2025-01-10 14:50:00+08:00,8784.0,8796.0,8782.0,8793.0,4617.0,3.455601478131939,2.699634995015225,0.7559664831167141,2,1,-721.1073411732432,-731.1203978079914,10.013056634748182,2,0,71.16903393784983,-2.8821736105224005,0.0,4,0,0.0,0,0,0,0,0,0,False,True,0,0.0,0.0,0.0,0,0,0.0
2025-01-10 14:55:00+08:00,8793.0,8801.0,8790.0,8801.0,7892.0,5.352301037464713,3.583825896538353,1.76847514092636,2,0,-361.87852433931585,-608.0852663582098,246.20674201889392,2,0,80.20054949908317,-1.3560966951982323,0.0,2,1,0.0,0,0,0,0,0,0,False,True,0,0.0,0.0,0.0,0,0,0.0
2025-01-10 21:00:00+08:00,8822.0,8833.0,8794.0,8809.0,21416.0,7.589692212020964,4.919165006932719,2.670527205088245,2,0,1615.875670460954,133.17297585782728,1482.702694603127,2,0,79.16505208224824,-0.38539107988982835,0.0,2,0,0.0,0,0,0,0,0,0,False,True,0,0.0,0.0,0.0,0,0,0.0
2025-01-10 21:05:00+08:00,8809.0,8816.0,8801.0,8814.0,8823.0,9.638205377958002,6.491994065319503,3.146211312638499,2,0,1374.4454218730207,547.0000962469055,827.4453256261152,2,0,80.36034317871955,0.4616544442767463,0.0,2,0,0.0,0,0,0,0,0,0,False,True,0,0.0,0.0,0.0,0,0,0.0
2025-01-10 21:10:00+08:00,8815.0,8851.0,8814.0,8835.0,25170.0,13.542436486659426,8.841999351399686,4.70043713525974,2,0,3251.1349000194223,1448.3056926854488,1802.8292073339735,2,0,84.04804695612866,1.5098557814111047,0.0,2,0,0.0,0,0,0,0,0,0,False,True,0,0.0,0.0,0.0,0,0,0.0
2025-01-10 21:15:00+08:00,8836.0,8840.0,8829.0,8834.0,7242.0,15.876035985396811,11.186356844597748,4.689679140799063,2,0,2226.3985220002687,1707.6216623192754,518.7768596809933,2,0,85.50591215453407,2.415031449911666,0.0,2,0,0.0,0,0,0,0,0,0,False,True,0,0.0,0.0,0.0,0,0,0.0
2025-01-10 21:20:00+08:00,8833.0,8840.0,8828.0,8836.0,5578.0,17.436076083178705,13.26926262280471,4.166813460373994,2,0,1246.8569887221547,1553.9868913068797,-307.12990258472496,1,-1,86.8479993511736,3.159556517416476,0.0,2,0,0.0,0,0,0,0,0,0,False,True,0,0.0,0.0,0.0,0,0,0.0
2025-01-10 21:25:00+08:00,8837.0,8840.0,8831.0,8836.0,4368.0,18.165172259208703,14.901259902140014,3.2639123570686888,2,0,377.5964458983235,1161.900584916953,-784.3041390186295,4,0,87.41047600151524,3.676071817654801,0.0,2,0,0.0,0,0,0,0,0,0,False,True,0,0.0,0.0,0.0,0,0,0.0
2025-01-10 21:30:00+08:00,8836.0,8836.0,8822.0,8836.0,7665.0,18.29405623007733,16.032460080643244,2.2615961494340873,2,0,176.60586909347694,833.536786674458,-656.930917580981,4,0,87.55120807276325,3.990112407391493,0.0,2,0,0.0,0,0,0,0,0,0,False,True,0,0.0,0.0,0.0,0,0,0.0
2025-01-10 21:35:00+08:00,8835.0,8837.0,8807.0,8816.0,10587.0,15.458025291180093,15.84131283347792,-0.38328754229782724,1,-1,402.41903307423127,689.8285610399982,-287.409527965767,4,0,78.20289810606094,2.936880687261578,0.0,2,0,0.0,0,0,0,0,0,0,True,False,0,0.0,0.0,0.0,0,0,0.0
2025-01-10 21:40:00+08:00,8816.0,8826.0,8816.0,8819.0,6059.0,13.516033426389185,15.066416678404002,-1.5503832520148162,4,0,-22.16805038694838,452.5022974531334,-474.6703478400818,4,0,73.74841057315366,1.5638836213367,0.0,4,-1,0.0,0,0,0,0,0,0,True,False,0,0.0,0.0,0.0,0,0,0.0
2025-01-10 21:45:00+08:00,8818.0,8820.0,8815.0,8817.0,3126.0,11.60976911074249,13.914675489602603,-2.304906378860112,4,0,-692.9892542560301,70.61814113304797,-763.6073953890781,4,0,70.47279210604022,0.14844700526346344,0.0,4,0,0.0,0,0,0,0,0,0,True,False,0,0.0,0.0,0.0,0,0,0.0
2025-01-10 21:50:00+08:00,8817.0,8825.0,8808.0,8820.0,4875.0,10.403649700761889,12.74478008891426,-2.3411303881523704,4,0,-928.1227586375398,-262.1839732658989,-665.938785371641,4,0,70.65447841022441,-0.8420480616121324,0.0,4,0,0.0,0,0,0,0,0,0,True,False,0,0.0,0.0,0.0,0,0,0.0
2025-01-10 21:55:00+08:00,8820.0,8820.0,8808.0,8811.0,4149.0,8.191953215815374,11.227606554472208,-3.035653338656834,4,0,-1165.972781861161,-563.2090120840842,-602.7637697770767,4,0,66.62025921078278,-2.0358474047309585,0.0,4,-100,0.0,0,0,0,0,0,0,True,False,0,0.0,0.0,0.0,0,0,0.0
2025-01-10 22:00:00+08:00,8810.0,8821.0,8810.0,8814.0,4697.0,6.843265903489737,9.766604720413994,-2.9233388169242573,4,0,-1239.1870101425475,-788.4454211246252,-450.74158901792225,4,0,65.89336611493698,-2.91385597286947,0.0,4,0,0.0,0,0,0,0,0,0,True,False,0,0.0,0.0,0.0,0,0,0.0
2025-01-10 22:05:00+08:00,8814.0,8820.0,8802.0,8820.0,6405.0,6.510871088512431,8.681340183040357,-2.1704690945279257,4,0,-1047.620917244526,-874.7935671540866,-172.82735009043938,4,0,68.96961628542437,-3.088469289236997,0.0,4,0,0.0,0,0,0,0,0,0,True,False,0,0.0,0.0,0.0,0,0,0.0
2025-01-10 22:10:00+08:00,8819.0,8824.0,8806.0,8808.0,4490.0,4.615576071491887,7.326273561920526,-2.7106974904286387,4,0,-1133.7296408607654,-960.9892570708776,-172.7403837898878,4,0,64.77872724816763,-3.6813996705915315,0.0,4,0,0.0,0,0,0,0,0,0,True,False,0,0.0,0.0,0.0,0,0,0.0
2025-01-10 22:15:00+08:00,8808.0,8817.0,8802.0,8808.0,5674.0,3.1842550119727093,5.945830262401495,-2.761575250428786,4,0,-1019.9770421977328,-980.5575034896846,-39.41953870804821,4,0,62.11811509330143,-4.384358366486737,0.0,4,0,0.0,0,0,0,0,0,0,True,False,0,0.0,0.0,0.0,0,0,0.0
2025-01-10 22:20:00+08:00,8808.0,8832.0,8808.0,8827.0,8271.0,4.522130275801828,5.471250268670734,-0.9491199928689058,4,0,-588.6063972489728,-849.8730202755738,261.266623026601,2,1,70.64354731239166,-3.6659731905833866,0.0,4,0,0.0,0,0,0,0,0,0,True,False,0,0.0,0.0,0.0,0,0,0.0
2025-01-10 22:25:00+08:00,8826.0,8831.0,8816.0,8817.0,5035.0,4.097835310807568,5.013234235462267,-0.9153989246546992,4,0,-683.6001770795674,-794.503911237449,110.90373415788156,2,0,70.7314712155646,-3.0667928844584225,0.0,3,1,0.0,0,0,0,0,0,0,True,True,0,0.0,0.0,0.0,0,0,0.0
2025-01-10 22:30:00+08:00,8817.0,8841.0,8816.0,8834.0,9226.0,5.871314545234782,5.2991469656402606,0.5721675795945211,2,1,-203.81326496392467,-597.6721699888553,393.85890502493066,2,0,78.51331794611754,-1.5911730807564055,0.0,2,0,0.0,0,0,0,0,0,0,False,True,0,0.0,0.0,0.0,0,0,0.0
2025-01-10 22:35:00+08:00,8834.0,8858.0,8830.0,8838.0,15172.0,7.502860074866476,6.033503999549898,1.4693560753165782,2,0,893.171057700938,-100.77941898316692,993.950476684105,2,0,81.96436423574696,-0.07975252937677624,0.0,2,0,0.0,0,0,0,0,0,0,False,True,0,0.0,0.0,0.0,0,0,0.0
2025-01-10 22:40:00+08:00,8838.0,8840.0,8830.0,8831.0,4846.0,7.603361284132916,6.556675727413593,1.0466855567193232,2,0,334.96894067840003,44.41526050975031,290.55368016864975,2,0,79.75952491067679,0.7158692892084844,0.0,2,0,0.0,0,0,0,0,0,0,False,True,0,0.0,0.0,0.0,0,0,0.0
2025-01-10 22:45:00+08:00,8831.0,8831.0,8815.0,8824.0,7133.0,6.6243267874160665,6.579183142300489,0.045143645115577336,2,0,225.41849736071617,104.64644738055327,120.7720499801629,2,0,73.41084171283765,0.46036095361515095,0.0,2,0,0.0,0,0,0,0,0,0,False,True,0,0.0,0.0,0.0,0,0,0.0
2025-01-10 22:50:00+08:00,8823.0,8826.0,8821.0,8823.0,2787.0,5.6682943264731875,6.275612779978217,-0.6073184535050293,4,-1,-408.34527234348843,-66.45808953983513,-341.88718280365333,4,-1,68.02248498937847,-0.4460029891108377,0.0,2,0,0.0,0,0,0,0,0,0,True,False,0,0.0,0.0,0.0,0,0,0.0
2025-01-10 22:55:00+08:00,8823.0,8826.0,8822.0,8824.0,3846.0,5.002189793231082,5.850847432348479,-0.8486576391173966,4,0,-711.1117016107055,-281.3354893787425,-429.776212231963,4,0,66.16360977694018,-1.316426630473714,0.0,4,-1,0.0,0,0,0,0,0,0,True,False,0,0.0,0.0,0.0,0,0,0.0
2025-01-13 09:00:00+08:00,8926.0,9005.0,8926.0,9003.0,60790.0,27.157624157172904,12.952770150482625,14.20485400669028,2,1,6321.72630954257,1919.5616373536263,4402.164672188943,2,1,84.13346135020201,0.39085650266405025,0.0,2,1,0.0,0,0,0,0,1,0,False,True,0,9003.0,0.0,0.0,0,0,0.0
2025-01-13 09:05:00+08:00,9003.0,9017.0,8964.0,8987.0,29751.0,40.14227559918254,22.015957885243527,18.126317713939013,2,0,7195.563701075658,3678.185880356483,3517.3778207191754,2,0,88.33294695017813,2.1055041000613244,0.0,2,100,0.0,0,0,0,0,0,0,False,True,1,9003.0,0.0,0.0,0,0,0.0
2025-01-13 09:10:00+08:00,8988.0,9006.0,8981.0,8996.0,12946.0,49.57285395328472,31.20155435892707,18.37129959435765,2,0,5524.172443117923,4293.426556611567,1230.7458865063554,2,0,90.89108956433228,3.5898925715409433,0.0,2,0,0.0,0,0,0,0,0,0,False,True,1,9003.0,0.0,0.0,0,0,0.0
2025-01-13 09:15:00+08:00,8995.0,9019.0,8995.0,9008.0,15979.0,56.683653245459936,39.695389603525655,16.98826364193428,2,0,4616.157992604534,4400.8610247694305,215.29696783510371,2,0,94.05335972461612,4.961397893591993,0.0,2,0,0.0,0,0,0,0,0,0,False,True,1,9003.0,0.0,0.0,0,0,0.0
2025-01-13 09:20:00+08:00,9011.0,9015.0,8986.0,8995.0,10798.0,58.836955898870656,46.07562216227159,12.761333736599063,2,0,3221.602327411367,4007.6812690941365,-786.0789416827697,1,-1,92.61122641606177,5.62625950539919,0.0,2,0,0.0,0,0,0,0,0,0,False,True,1,9003.0,0.0,0.0,0,0,0.0
2025-01-13 09:25:00+08:00,8994.0,9001.0,8977.0,8978.0,12388.0,56.948091125595965,49.6993712073017,7.248719918294263,2,0,2374.0574752328957,3463.147932971525,-1089.090457738629,4,0,87.62910393817612,5.3344141479648925,0.0,2,0,0.0,0,0,0,0,0,0,False,True,1,9003.0,0.0,0.0,0,0,0.0
2025-01-13 09:30:00+08:00,8979.0,8989.0,8972.0,8975.0,9095.0,54.032452769628435,51.14319633995106,2.889256429677374,2,0,1309.2350275408244,2745.1843789336567,-1435.9493513928323,4,0,84.22688302469079,4.5824267981438425,0.0,2,0,0.0,0,0,0,0,0,0,False,True,1,9003.0,0.0,0.0,0,0,0.0
2025-01-13 09:35:00+08:00,8976.0,8995.0,8971.0,8986.0,8084.0,52.23397466721326,51.50635962319045,0.7276150440228122,2,0,404.0130224318036,1964.9743432870134,-1560.9613208552098,4,0,85.224895428446,4.115773877728287,0.0,1,-1,0.0,0,0,0,0,0,0,True,True,1,0.0,0.0,0.0,0,0,0.0
2025-01-13 09:40:00+08:00,8986.0,9014.0,8986.0,9007.0,11883.0,52.52946877357681,51.846972439108335,0.6824963344684747,2,0,240.79814235861522,1390.3249046863016,-1149.5267623276864,4,0,90.81180783050951,4.405143169308772,0.0,2,1,0.0,0,0,0,0,0,0,False,True,0,0.0,0.0,0.0,0,0,0.0
2025-01-13 09:45:00+08:00,9007.0,9009.0,8995.0,9004.0,7768.0,51.244485374583746,51.64559321552839,-0.4011078409446469,1,-1,-401.77746376501636,792.9374293669852,-1194.7148931320016,4,0,93.2311635001092,4.821970271433756,0.0,2,10,0.0,0,0,0,0,0,0,True,True,0,0.0,0.0,0.0,0,0,0.0
2025-01-13 09:50:00+08:00,9005.0,9006.0,8997.0,9002.0,2872.0,49.0018990770277,50.7640915461296,-1.7621924691018975,4,0,-1467.1059910553286,39.63506028799327,-1506.741051343322,4,0,93.58804812703681,5.061494018217857,0.0,2,0,0.0,0,0,0,0,0,0,True,False,0,0.0,0.0,0.0,0,0,0.0
2025-01-13 09:55:00+08:00,9002.0,9006.0,8998.0,9002.0,3578.0,46.38748062578452,49.30573439593389,-2.91825377014937,4,0,-2095.6598048268916,-671.7014747644231,-1423.9583300624686,4,0,93.50619502763385,5.108863098945122,0.0,2,0,0.0,0,0,0,0,0,0,True,False,0,0.0,0.0,0.0,0,0,0.0
2025-01-13 10:00:00+08:00,9002.0,9006.0,8995.0,9003.0,3814.0,43.69301062350314,47.43528853507472,-3.742277911571577,4,0,-2463.849698070746,-1268.9330804064898,-1194.9166176642561,4,0,93.4605670776366,5.030063614136608,0.0,2,0,0.0,0,0,0,0,0,0,True,False,0,0.0,0.0,0.0,0,0,0.0
2025-01-13 10:05:00+08:00,9003.0,9003.0,8985.0,8986.0,5566.0,38.71382953913417,44.528847152703676,-5.815017613569509,4,0,-2448.232368289435,-1661.8287168473246,-786.4036514421102,4,0,89.38721612262339,4.353891867634061,0.0,4,0,0.0,0,0,0,0,0,0,True,False,0,0.0,0.0,0.0,0,0,0.0
2025-01-13 10:10:00+08:00,8989.0,8993.0,8982.0,8992.0,4774.0,35.15278809080155,41.40429239642003,-6.251504305618482,4,0,-2486.1628053354943,-1936.6005074980076,-549.5622978374868,4,0,88.25519836933867,3.634056783113536,0.0,4,0,0.0,0,0,0,0,0,0,True,False,0,0.0,0.0,0.0,0,0,0.0
2025-01-13 10:30:00+08:00,8990.0,8990.0,8969.0,8975.0,10019.0,29.744342100622816,37.51842797238891,-7.774085871766097,4,0,-1794.220433433953,-1889.1494299135484,94.9289964795953,3,1,83.71715590976713,2.494054776720347,0.0,4,0,0.0,0,0,0,0,0,0,True,False,0,0.0,0.0,0.0,0,0,0.0
2025-01-13 10:35:00+08:00,8976.0,8979.0,8964.0,8975.0,8650.0,25.30917736576157,33.449558235361046,-8.140380869599475,4,0,-1443.1322358426241,-1740.4521287350556,297.3198928924314,3,0,80.93913190116868,1.2966571239844455,0.0,4,0,0.0,0,0,0,0,0,0,True,False,0,0.0,0.0,0.0,0,0,0.0
2025-01-13 10:40:00+08:00,8975.0,8982.0,8972.0,8982.0,4595.0,22.54120369318116,29.813959905925547,-7.272756212744387,4,0,-1680.5397256544557,-1720.5472639388242,40.00753828436859,2,0,81.60187366691889,0.5204931447401719,0.0,4,0,0.0,0,0,0,0,0,0,True,False,0,0.0,0.0,0.0,0,0,0.0
2025-01-13 10:45:00+08:00,8982.0,8990.0,8972.0,8985.0,5126.0,20.497447484920485,26.709034865198564,-6.211587380278079,4,0,-1744.5762675221904,-1728.5779395469983,-15.998327975192069,4,-1,83.08142041785462,0.10675753003053501,0.0,4,0,0.0,0,0,0,0,0,0,True,False,0,0.0,0.0,0.0,0,0,0.0
2025-01-13 10:50:00+08:00,8985.0,8993.0,8981.0,8992.0,4577.0,19.51424565877278,24.311144280268955,-4.796898621496176,4,0,-1822.439804612367,-1759.8897358166423,-62.550068795724656,4,0,85.68995693316587,0.17195993030306056,0.0,4,0,0.0,0,0,0,0,0,0,True,False,0,0.0,0.0,0.0,0,0,0.0
2025-01-13 10:55:00+08:00,8993.0,8999.0,8984.0,8986.0,5906.0,17.64729778191213,22.09000208458962,-4.442704302677491,4,0,-1670.0391034858885,-1730.0878498339573,60.04874634806879,2,1,85.50112506010308,0.18348709311092648,0.0,4,0,0.0,0,0,0,0,0,0,True,False,0,0.0,0.0,0.0,0,0,0.0
2025-01-13 11:00:00+08:00,8987.0,8994.0,8985.0,8988.0,2751.0,16.21410563662357,20.131577285220345,-3.9174716485967735,4,0,-1928.1260623365706,-1796.2548911103338,-131.8711712262368,4,-1,85.63736044382696,0.2026850998012577,0.0,4,0,0.0,0,0,0,0,0,0,True,False,0,0.0,0.0,0.0,0,0,0.0
2025-01-13 11:05:00+08:00,8987.0,8993.0,8985.0,8991.0,2125.0,15.243285318761991,18.502238460412226,-3.2589531416502346,4,0,-2148.484886039316,-1913.8380200119266,-234.64686602738925,4,0,86.48597519013767,0.32185641441763835,0.0,4,0,0.0,0,0,0,0,0,0,True,False,0,0.0,0.0,0.0,0,0,0.0
2025-01-13 11:10:00+08:00,8991.0,8994.0,8985.0,8989.0,2821.0,13.983332153105948,16.9958156598114,-3.0124835067054505,4,0,-2169.708788720801,-1999.270507069465,-170.43828165133573,4,0,86.4321237452678,0.3960790337686575,0.0,4,0,0.0,0,0,0,0,0,0,True,False,0,0.0,0.0,0.0,0,0,0.0
2025-01-13 11:15:00+08:00,8989.0,8995.0,8981.0,8987.0,4290.0,12.546631758412332,15.512515912224131,-2.9658841538117997,4,0,-1952.2147048540846,-1983.7238859348895,31.509181080804865,3,1,85.7948904745051,0.34633869552804697,0.0,4,0,0.0,0,0,0,0,0,0,True,False,0,0.0,0.0,0.0,0,0,0.0
2025-01-13 11:20:00+08:00,8988.0,9002.0,8979.0,8992.0,7197.0,11.904815346928444,14.309587686080159,-2.404772339151714,4,0,-1388.6273195324657,-1785.394871491885,396.7675519594193,2,0,86.7098324850985,0.42335019138187135,0.0,3,1,0.0,0,0,0,0,0,0,True,True,0,0.0,0.0,0.0,0,0,0.0
2025-01-13 11:25:00+08:00,8993.0,8996.0,8981.0,8984.0,3953.0,10.185713314425811,12.935030264578668,-2.7493169501528563,4,0,-1374.4030530783657,-1648.264245052069,273.8611919737034,2,0,85.24130763532415,0.2841400877023119,0.0,4,-1,0.0,0,0,0,0,0,0,True,False,0,0.0,0.0,0.0,0,0,0.0
2025-01-13 13:30:00+08:00,8993.0,9006.0,8980.0,9000.0,11897.0,10.792176583603577,12.22082269805045,-1.428646114446872,4,0,-326.62574527862944,-1207.6910419157807,881.0652966371513,2,0,88.41112671095976,0.5880255152189591,0.0,2,1,0.0,0,0,0,0,0,0,True,True,0,0.0,0.0,0.0,0,0,0.0
2025-01-13 13:35:00+08:00,9001.0,9006.0,8996.0,8998.0,4966.0,10.736374664158575,11.725881528043322,-0.9895068638847473,4,0,-462.6377336470814,-959.4332334014978,496.79549975441637,2,0,89.8429667220141,0.9682216183621648,0.0,2,0,0.0,0,0,0,0,0,0,True,False,0,0.0,0.0,0.0,0,0,0.0
2025-01-13 13:40:00+08:00,8998.0,9011.0,8991.0,8997.0,8860.0,10.342753613653258,11.26460710198907,-0.9218534883358114,4,0,-54.124995114295416,-657.7761299499398,603.6511348356444,2,0,90.07425681998402,1.2281689460979663,0.0,2,0,0.0,0,0,0,0,0,0,True,False,0,0.0,0.0,0.0,0,0,0.0
2025-01-13 13:45:00+08:00,8997.0,9001.0,8994.0,9001.0,2791.0,10.354476747252193,10.960745282001925,-0.6062685347497325,4,0,-536.1891110842107,-617.3483617221592,81.1592506379485,2,0,91.0614983603505,1.5174585648959606,0.0,2,0,0.0,0,0,0,0,0,0,True,False,0,0.0,0.0,0.0,0,0,0.0
2025-01-13 13:50:00+08:00,9000.0,9006.0,9000.0,9006.0,4019.0,10.77889137463535,10.90011102945355,-0.12121965481819963,4,0,-707.8472410504764,-647.3248298556833,-60.52241119479311,1,-1,92.76103269863196,1.9038992307282996,0.0,2,0,0.0,0,0,0,0,0,0,True,False,0,0.0,0.0,0.0,0,0,0.0
2025-01-13 13:55:00+08:00,9005.0,9008.0,9002.0,9006.0,4168.0,10.849304362540352,10.883046640637689,-0.03374227809733732,4,0,-794.943912440378,-696.5718373344563,-98.37207510592168,1,0,93.48918283649573,2.20864974325832,0.0,2,0,0.0,0,0,0,0,0,0,True,False,0,0.0,0.0,0.0,0,0,0.0
2025-01-13 14:00:00+08:00,9005.0,9009.0,8998.0,8998.0,3652.0,9.653495912127255,10.473217151818524,-0.819721239691269,4,0,-904.7467462727818,-765.820538737327,-138.92620753545486,4,0,91.5300107769313,2.137304658834381,0.0,2,0,0.0,0,0,0,0,0,0,True,False,0,0.0,0.0,0.0,0,0,0.0
2025-01-13 14:05:00+08:00,8998.0,9007.0,8998.0,9003.0,2302.0,9.242777734929405,10.063238774928719,-0.820461039999314,4,0,-1134.4109810516775,-888.6802601418074,-245.73072090987012,4,0,91.68395164753096,2.0518544713887508,0.0,2,0,0.0,0,0,0,0,0,0,True,False,0,0.0,0.0,0.0,0,0,0.0
2025-01-13 14:10:00+08:00,9004.0,9007.0,8998.0,9005.0,3815.0,9.01216680835023,9.713067322280855,-0.700900513930625,4,0,-1079.9160065065453,-952.44604522317,-127.46996128337526,4,0,92.50241409823414,2.063354191932973,0.0,2,0,0.0,0,0,0,0,0,0,True,False,0,0.0,0.0,0.0,0,0,0.0
2025-01-13 14:15:00+08:00,9005.0,9015.0,9004.0,9010.0,4732.0,9.29410513937546,9.573588766784203,-0.27948362740874266,4,0,-902.1732258833817,-935.6160653254591,33.44283944207734,3,1,94.31488428827848,2.2761677911297227,0.0,2,10,0.0,0,0,0,0,0,0,True,True,0,0.0,0.0,0.0,0,0,0.0
2025-01-13 14:20:00+08:00,9010.0,9014.0,9002.0,9007.0,5606.0,8.91386115430032,9.35289019549328,-0.4390290411929598,4,0,-646.9447792356113,-839.268391762099,192.32361252648764,2,0,94.34120758581884,2.3695692001812176,0.0,2,0,0.0,0,0,0,0,0,0,True,False,0,0.0,0.0,0.0,0,0,0.0
2025-01-13 14:25:00+08:00,9006.0,9015.0,9003.0,9009.0,3476.0,8.711910638146946,9.138908964171105,-0.4269983260241581,4,0,-724.012238594114,-800.6491626487615,76.63692405464747,2,0,94.70838411878007,2.4308948003070867,0.0,2,0,0.0,0,0,0,0,0,0,True,False,0,0.0,0.0,0.0,0,0,0.0
2025-01-13 14:30:00+08:00,9009.0,9022.0,9007.0,9011.0,9603.0,8.639277455346019,8.972013387161764,-0.3327359318157459,4,0,14.862318906825749,-528.8870855023501,543.7494044091759,2,0,91.35193386414745,1.9999089711210445,0.0,4,0,0.0,0,0,0,0,0,0,True,False,0,0.0,0.0,0.0,0,0,0.0
2025-01-13 14:35:00+08:00,9011.0,9017.0,9008.0,9015.0,4514.0,8.912991259505361,8.951815061841252,-0.03882380233589089,4,0,-111.76823274302114,-389.9455746524106,278.17734190938944,2,0,89.06250503390338,1.362828995639532,0.0,4,0,0.0,0,0,0,0,0,0,True,False,0,0.0,0.0,0.0,0,0,0.0
2025-01-13 14:40:00+08:00,9015.0,9026.0,9013.0,9020.0,5011.0,9.55180382961953,9.151322577143272,0.40048125247625777,2,1,-135.4533214268713,-305.23898665376294,169.78566522689164,2,0,89.43583991514626,0.9504728593371681,0.0,4,0,0.0,0,0,0,0,0,0,False,True,0,0.0,0.0,0.0,0,0,0.0
2025-01-13 14:45:00+08:00,9020.0,9026.0,9018.0,9019.0,6072.0,9.672093838558794,9.324433873183795,0.34765996537499966,2,0,-14.5795933080326,-208.50125047521587,193.92165716718327,2,0,89.009212340754,0.5936684406329817,0.0,4,0,0.0,0,0,0,0,0,0,False,True,0,0.0,0.0,0.0,0,0,0.0
2025-01-13 14:50:00+08:00,9019.0,9026.0,9014.0,9016.0,6873.0,9.170735900745058,9.272498457119637,-0.1017625563745792,1,-1,172.54359106544962,-81.56367147324129,254.10726253869092,2,0,86.06782543176631,-0.029713158432571163,0.0,4,0,0.0,0,0,0,0,0,0,True,False,0,0.0,0.0,0.0,0,0,0.0
2025-01-13 14:55:00+08:00,9017.0,9026.0,9011.0,9026.0,7134.0,9.893604797242006,9.47891704270704,0.414687754534965,2,1,333.6927280623895,56.77509019394928,276.91763786844024,2,0,93.42003715581077,0.4540885011817153,0.0,4,0,0.0,0,0,0,0,0,0,False,True,0,0.0,0.0,0.0,0,0,0.0
2025-01-13 21:00:00+08:00,9008.0,9018.0,8996.0,9001.0,17910.0,7.018347792791246,8.658293356891791,-1.639945564100545,4,-1,1808.4465195259036,640.6349280436841,1167.8115914822195,2,0,75.50342126150204,-1.4871074914654656,0.0,4,0,0.0,0,0,0,0,0,0,True,False,0,0.0,0.0,0.0,0,0,0.0
2025-01-13 21:05:00+08:00,9001.0,9001.0,8979.0,8993.0,14349.0,3.831182763362449,7.0494542025904625,-3.2182714392280136,4,0,2355.883739646849,1212.4652270041852,1143.4185126426637,2,0,57.44204411287009,-5.122399616515779,0.0,4,-100,0.0,0,0,0,0,0,0,True,False,0,0.0,0.0,0.0,0,0,0.0
2025-01-13 21:10:00+08:00,8992.0,8998.0,8989.0,8994.0,5658.0,1.6342521895567188,5.244529786729727,-3.610277597173008,4,0,1587.7069672182452,1337.6726433645838,250.03432385366136,2,0,49.938966660315515,-8.521615715667224,0.0,4,0,0.0,0,0,0,0,0,0,True,False,0,0.0,0.0,0.0,0,0,0.0
2025-01-13 21:15:00+08:00,8995.0,9004.0,8991.0,9000.0,7871.0,0.8154385249345069,3.7681438284226263,-2.9527053034881194,4,0,1294.4789017073845,1323.3054005595654,-28.826498852180976,1,-1,53.05599715946269,-10.347430881679614,0.0,4,0,0.0,0,0,0,0,0,0,True,False,0,0.0,0.0,0.0,0,0,0.0
2025-01-13 21:20:00+08:00,9001.0,9005.0,8993.0,8999.0,5977.0,0.09521902730375587,2.544028099913298,-2.448809072609542,4,0,820.2088226933984,1155.6116485507425,-335.40282585734417,4,0,54.901960190951506,-11.176712643102334,0.0,4,0,0.0,0,0,0,0,0,0,True,False,0,0.0,0.0,0.0,0,0,0.0
2025-01-13 21:25:00+08:00,8998.0,9008.0,8996.0,8997.0,5047.0,-0.6675278310522117,1.4737130995307952,-2.141240930583007,4,0,351.06713403190497,887.4883216008129,-536.421187568908,4,0,53.99891891618722,-11.627997114250661,0.0,4,0,0.0,0,0,0,0,0,0,True,False,0,0.0,0.0,0.0,0,0,0.0
2025-01-13 21:30:00+08:00,8996.0,9004.0,8990.0,9000.0,6003.0,-0.8091939884561725,0.7129040285315529,-1.5220980169877254,4,0,134.80492034264535,636.5529551466506,-501.7480348040052,4,0,56.061551969579284,-11.450132537553785,0.0,4,0,0.0,0,0,0,0,0,0,True,False,0,0.0,0.0,0.0,0,0,0.0
2025-01-13 21:35:00+08:00,9000.0,9009.0,9000.0,9002.0,7344.0,-0.6376060760539985,0.26303093776576886,-0.9006370138197675,4,0,150.03908154252622,474.3367695987619,-324.2976880562357,4,0,59.15107384749315,-10.701387249785988,0.0,4,0,0.0,0,0,0,0,0,0,True,False,0,0.0,0.0,0.0,0,0,0.0
2025-01-13 21:40:00+08:00,9002.0,9007.0,8997.0,8999.0,4899.0,-0.8843059052269382,-0.11917327476740591,-0.7651326304595323,4,0,-152.87521910198848,265.2470400415772,-418.12225914356566,4,0,58.02518041696092,-10.072567180379536,0.0,3,1,0.0,0,0,0,0,0,0,True,True,0,0.0,0.0,0.0,0,0,0.0
2025-01-13 21:45:00+08:00,8998.0,9002.0,8994.0,8995.0,5362.0,-1.5466914246353554,-0.5944150750847814,-0.9522763495505739,4,-2,-304.026727100877,75.45683792406675,-379.48356502494374,4,0,53.48178180702547,-10.01392804736249,0.0,3,0,0.0,0,0,0,0,0,0,True,False,0,0.0,0.0,0.0,0,0,0.0
2025-01-13 21:50:00+08:00,8995.0,8999.0,8992.0,8996.0,4011.0,-1.8529126898720278,-1.0132781897055447,-0.8396345001664831,4,0,-575.4636354902186,-141.4950052372848,-433.96863025293385,4,0,51.89978226207806,-9.948213627714786,0.0,2,0,0.0,0,0,0,0,0,0,True,False,0,0.0,0.0,0.0,0,0,0.0
2025-01-13 21:55:00+08:00,8995.0,8997.0,8991.0,8995.0,3997.0,-2.1560835829259304,-1.393637205844486,-0.7624463770814445,4,0,-755.8737492110349,-346.084701415568,-409.7890477954669,4,0,46.461936668637975,-10.384768000087405,0.0,4,-1,0.0,0,0,0,0,0,0,True,False,0,0.0,0.0,0.0,0,0,0.0
2025-01-13 22:00:00+08:00,8994.0,9002.0,8991.0,8999.0,4006.0,-1.8164437792584067,-1.534671223591365,-0.2817725556670416,4,0,-865.6992321350726,-519.1411928365075,-346.5580392985652,4,0,47.690479899791264,-10.3224075678433,0.0,4,0,0.0,0,0,0,0,0,0,True,False,0,0.0,0.0,0.0,0,0,0.0
2025-01-13 22:05:00+08:00,8999.0,9005.0,8996.0,9001.0,2926.0,-1.2843128619260824,-1.4506290000059334,0.16631613807985102,3,1,-1061.4915742833855,-699.5167302671052,-361.97484401628026,4,0,47.21052628842053,-10.131140026808389,0.0,2,1,0.0,0,0,0,0,0,0,False,True,0,0.0,0.0,0.0,0,0,0.0
2025-01-13 22:10:00+08:00,9002.0,9007.0,8998.0,9003.0,3740.0,-0.6288374352316168,-1.1763674703097022,0.5475300350780854,2,0,-1073.8135346803238,-824.312882844058,-249.50065183626577,4,0,49.23035464276069,-9.533758830805695,0.0,2,0,0.0,0,0,0,0,0,0,False,True,0,0.0,0.0,0.0,0,0,0.0
2025-01-13 22:15:00+08:00,9003.0,9006.0,9000.0,9003.0,2201.0,-0.15426874926379242,-0.8354109383101926,0.6811421890464002,2,0,-1255.2300496907,-968.0159697869399,-287.2140799037602,4,0,50.449946457740964,-8.773283895112563,0.0,2,0,0.0,0,0,0,0,0,0,False,True,0,0.0,0.0,0.0,0,0,0.0
2025-01-13 22:20:00+08:00,9003.0,9005.0,8998.0,8999.0,2273.0,-0.3249360799054557,-0.6650075374102947,0.340071457504839,2,0,-1347.240009396473,-1094.5251723941003,-252.71483700237263,4,0,46.220305607172676,-8.55404789840238,0.0,2,0,0.0,0,0,0,0,0,0,False,True,0,0.0,0.0,0.0,0,0,0.0
2025-01-13 22:25:00+08:00,8999.0,9003.0,8997.0,9003.0,1616.0,0.0698166745241906,-0.41983953027510984,0.48965620479930044,2,0,-1466.8923252578388,-1218.7160027651587,-248.17632249268013,4,0,48.420908314868285,-7.95077983644515,0.0,2,0,0.0,0,0,0,0,0,0,False,True,0,0.0,0.0,0.0,0,0,0.0
2025-01-13 22:30:00+08:00,9002.0,9017.0,8997.0,9016.0,9863.0,1.996545629152024,0.38544744323185437,1.6110981859201696,2,0,-472.7738216779735,-970.0893225400087,497.31550086203515,2,1,65.46542444679895,-5.190911141123806,0.0,2,0,0.0,0,0,0,0,0,0,False,True,0,0.0,0.0,0.0,0,0,0.0
2025-01-13 22:35:00+08:00,9016.0,9017.0,9007.0,9007.0,5427.0,2.1674167593428137,0.9794290808738247,1.1879876784689891,2,0,-326.5711434856066,-755.6613510988096,429.090207613203,2,0,64.27951154389739,-3.282149295162327,0.0,2,0,0.0,0,0,0,0,0,0,False,True,0,0.0,0.0,0.0,0,0,0.0
2025-01-13 22:40:00+08:00,9007.0,9011.0,8994.0,8995.0,8019.0,0.717994144273689,0.892292258305447,-0.174298114031758,1,-1,112.36824209241422,-466.3773895296753,578.7456316220896,2,0,47.64144325369873,-3.9837807463924335,0.0,2,0,0.0,0,0,0,0,0,0,True,False,0,0.0,0.0,0.0,0,0,0.0
2025-01-13 22:45:00+08:00,8994.0,9022.0,8993.0,9016.0,9061.0,2.3495419167775253,1.378086575326101,0.9714553414514244,2,1,551.1214364923799,-127.32193950059349,678.4433759929734,2,0,63.037686879308254,-2.4437892285221707,0.0,2,10,0.0,0,0,0,0,0,0,False,True,0,0.0,0.0,0.0,0,0,0.0
2025-01-13 22:50:00+08:00,9017.0,9031.0,9012.0,9018.0,9638.0,3.7016109844535094,2.1523496046156225,1.549261379837887,2,0,921.4836316215487,222.1975040065974,699.2861276149513,2,0,71.36660913599255,-0.2558460726208338,0.0,2,0,0.0,0,0,0,0,0,0,False,True,0,0.0,0.0,0.0,0,0,0.0
2025-01-13 22:55:00+08:00,9018.0,9019.0,9002.0,9005.0,6272.0,2.923612979153404,2.408948656275748,0.514664322877656,2,0,735.1882828653988,393.1399194993151,342.0483633660837,2,0,60.66881889305979,-0.06684127051308764,0.0,2,0,0.0,0,0,0,0,0,0,False,True,0,0.0,0.0,0.0,0,0,0.0
2025-01-14 09:00:00+08:00,9043.0,9043.0,9016.0,9029.0,18155.0,5.361930755734647,3.392946488517609,1.9689842672170386,2,2,2097.4626425435663,961.1847928475822,1136.277849695984,2,0,69.30000058586796,1.1744032159448707,0.0,2,0,0.0,0,0,0,0,0,0,False,True,0,0.0,0.0,0.0,0,0,0.0
2025-01-14 09:05:00+08:00,9029.0,9035.0,9024.0,9027.0,6651.0,6.710077968360565,4.498160094568283,2.2119178737922818,2,0,1550.8784711223234,1157.6954108988082,393.1830602235152,2,0,73.47589279415233,2.5546266005971034,0.0,2,10,0.0,0,0,0,0,0,0,False,True,0,0.0,0.0,0.0,0,0,0.0
2025-01-14 09:10:00+08:00,9029.0,9034.0,9023.0,9029.0,5851.0,7.770405588862559,5.588219178757015,2.182186410105544,2,0,1031.8002626389607,1115.6559480276485,-83.85568538868779,1,-1,76.69514238240636,3.882459291568196,0.0,2,0,0.0,0,0,0,0,0,0,False,True,0,0.0,0.0,0.0,0,0,0.0
2025-01-14 09:15:00+08:00,9029.0,9030.0,9014.0,9016.0,7149.0,6.701532066861546,5.958989497473826,0.7425425693877203,2,0,809.5428755326284,1013.5897953805102,-204.04691984788178,1,0,66.74810268128795,3.4747291497543813,0.0,2,0,0.0,0,0,0,0,0,0,False,True,0,0.0,0.0,0.0,0,0,0.0
2025-01-14 09:20:00+08:00,9017.0,9021.0,9007.0,9007.0,5768.0,4.664404956287399,5.52695110331283,-0.862546147025431,4,-1,460.59516390100544,829.1930860650627,-368.5979221640573,4,0,52.902772780108236,1.361951822809111,0.0,1,-1,0.0,0,0,0,0,0,0,True,False,0,0.0,0.0,0.0,0,0,0.0
2025-01-14 09:25:00+08:00,9009.0,9013.0,9005.0,9009.0,4940.0,3.386354128257153,4.813238825269067,-1.4268846970119142,4,0,100.17101066393388,586.1560860362016,-485.9850753722677,4,0,47.77325273968754,-0.81315151129958,0.0,4,0,0.0,0,0,0,0,0,0,True,False,0,0.0,0.0,0.0,0,0,0.0
2025-01-14 09:30:00+08:00,9009.0,9012.0,9000.0,9004.0,5736.0,1.7804812111589854,3.8022596346254995,-2.021778423466514,4,0,-54.37162812509632,372.74496630217453,-427.11659442727085,4,0,42.00773488743669,-3.05278552547567,0.0,4,-100,0.0,0,0,0,0,0,0,True,False,0,0.0,0.0,0.0,0,0,0.0
2025-01-14 09:35:00+08:00,9004.0,9018.0,8998.0,9012.0,8821.0,1.6285681431945704,3.0776069421685985,-1.449038798974028,4,0,229.85437984243708,325.2671362320936,-95.41275638965652,4,0,46.34051019437659,-4.021082336238877,0.0,4,0,0.0,0,0,0,0,0,0,True,False,0,0.0,0.0,0.0,0,0,0.0
2025-01-14 09:40:00+08:00,9012.0,9014.0,9004.0,9010.0,3206.0,1.2331527680471481,2.4626467067881745,-1.2294939387410264,4,0,-288.1280145254332,120.81533724723221,-408.9433517726654,4,0,47.77011598456125,-4.437758747487678,0.0,4,0,0.0,0,0,0,0,0,0,True,False,0,0.0,0.0,0.0,0,0,0.0
2025-01-14 09:45:00+08:00,9010.0,9016.0,9006.0,9009.0,3336.0,0.8021000060452934,1.9092866546173812,-1.1071866485720878,4,0,-629.8155709265329,-129.1861476954631,-500.62942323106984,4,0,47.365616056011675,-4.686989014983162,0.0,4,0,0.0,0,0,0,0,0,0,True,False,0,0.0,0.0,0.0,0,0,0.0
2025-01-14 09:50:00+08:00,9009.0,9017.0,9002.0,9004.0,3709.0,-0.15307523403680534,1.222004498924261,-1.3750797329610664,4,0,-809.7653690059933,-356.0678156747862,-453.69755333120713,4,0,42.67958441634066,-5.358705130615455,0.0,4,0,0.0,0,0,0,0,0,0,True,False,0,0.0,0.0,0.0,0,0,0.0
2025-01-14 09:55:00+08:00,9004.0,9013.0,9003.0,9012.0,3418.0,0.1966655474370782,0.8829609762426245,-0.6862954288055463,4,0,-955.3803521059544,-555.0802711440299,-400.30008096192455,4,0,47.02035890442342,-5.165323835005317,0.0,4,0,0.0,0,0,0,0,0,0,True,False,0,0.0,0.0,0.0,0,0,0.0
2025-01-14 10:00:00+08:00,9013.0,9014.0,9001.0,9008.0,4110.0,-0.06917401842474646,0.5678463545224129,-0.6370203729471594,4,0,-950.1525424512856,-686.5499169756906,-263.602625475595,4,0,46.50591542878769,-4.990819756186113,0.0,4,0,0.0,0,0,0,0,0,0,True,False,0,0.0,0.0,0.0,0,0,0.0
2025-01-14 10:05:00+08:00,9008.0,9011.0,8990.0,8996.0,6626.0,-1.7781567767069646,-0.2119879800384028,-1.5661687966685618,4,0,-607.0586276154581,-660.0544663069379,52.995838691479776,3,1,35.38282984363859,-6.175506395696921,0.0,4,-10,0.0,0,0,0,0,0,0,True,False,0,0.0,0.0,0.0,0,0,0.0
2025-01-14 10:10:00+08:00,8997.0,9000.0,8993.0,8995.0,4577.0,-3.070015782426708,-1.1628763365135368,-1.9071394459131712,4,0,-612.8792115021615,-644.2507391525179,31.37152765035637,3,0,28.25763678836291,-7.782867069578799,0.0,4,0,0.0,0,0,0,0,0,0,True,False,0,0.0,0.0,0.0,0,0,0.0
2025-01-14 10:30:00+08:00,8995.0,9001.0,8987.0,8991.0,7717.0,-4.422089402825804,-2.247913699537818,-2.1741757032879865,4,0,-205.41740462640882,-498.0456067220404,292.6282020956316,2,0,21.908536068627775,-9.55927366967714,0.0,4,0,0.0,0,0,0,0,0,0,True,False,0,0.0,0.0,0.0,0,0,0.0
2025-01-14 10:35:00+08:00,8991.0,9003.0,8987.0,8995.0,6810.0,-4.772266301208219,-3.088528495026322,-1.6837378061818975,4,0,-29.56188488517182,-341.9872709282713,312.4253860430995,2,0,22.60561072099548,-10.516496073564873,0.0,4,0,0.0,0,0,0,0,0,0,True,False,0,0.0,0.0,0.0,0,0,0.0
2025-01-14 10:40:00+08:00,8995.0,8997.0,8988.0,8995.0,5032.0,-4.917738385736811,-3.697663037835289,-1.2200753479015223,4,0,-131.02353142258744,-271.80177608377335,140.7782446611859,2,0,17.80912867985493,-11.586922342989201,0.0,4,0,0.0,0,0,0,0,0,0,True,False,0,0.0,0.0,0.0,0,0,0.0
2025-01-14 10:45:00+08:00,8995.0,9011.0,8993.0,9003.0,6719.0,-3.9002422328667308,-3.7648020859394333,-0.13544014692729744,4,0,14.506382389297869,-176.5332386467582,191.03962103605608,2,0,23.058630698756524,-11.45112257119089,0.0,4,0,0.0,0,0,0,0,0,0,True,False,0,0.0,0.0,0.0,0,0,0.0
2025-01-14 10:50:00+08:00,9002.0,9005.0,8997.0,9000.0,2778.0,-3.482452954585824,-3.6702154951673527,0.18776254058152864,3,1,-383.81488132766117,-245.73851741097218,-138.076363916689,1,-1,23.615450648351597,-11.044037444399933,0.0,4,0,0.0,0,0,0,0,0,0,False,True,0,0.0,0.0,0.0,0,0,0.0
2025-01-14 10:55:00+08:00,9001.0,9012.0,8999.0,9007.0,3350.0,-2.2260010424652137,-3.1885751972696315,0.9625741548044178,2,0,-583.4285351598592,-358.455222563759,-224.9733125961002,4,0,30.395649420129395,-9.664203892944371,0.0,2,1,0.0,0,0,0,0,0,0,False,True,0,0.0,0.0,0.0,0,0,0.0
2025-01-14 11:00:00+08:00,9007.0,9010.0,9004.0,9005.0,3227.0,-1.549154293634274,-2.6423533408597937,1.0931990472255197,2,0,-727.3131428625129,-481.6619049580287,-245.65123790448422,4,0,32.199251137639905,-8.261630955424767,0.0,2,0,0.0,0,0,0,0,0,0,False,True,0,0.0,0.0,0.0,0,0,0.0
2025-01-14 11:05:00+08:00,9004.0,9005.0,8976.0,8985.0,13207.0,-3.5801187252654927,-2.9554809039892995,-0.6246378212761932,4,-1,454.10163326140446,-169.96402893933669,624.0656622007411,2,1,22.116985807198155,-8.380972891586357,0.0,2,0,0.0,0,0,0,0,0,0,True,False,0,0.0,0.0,0.0,0,0,0.0
2025-01-14 11:10:00+08:00,8986.0,8999.0,8984.0,8997.0,5999.0,-3.409841236740249,-3.1074512294983436,-0.30239000724190523,4,0,360.5523696492728,6.698278214676293,353.8540914345965,2,0,26.116342398094098,-7.7761208009799745,0.0,2,0,0.0,0,0,0,0,0,0,True,False,0,0.0,0.0,0.0,0,0,0.0
2025-01-14 11:15:00+08:00,8999.0,9001.0,8991.0,8997.0,5155.0,-3.218675607946352,-3.1456982416693857,-0.07297736627696638,4,0,179.85360871700595,64.22115610951313,115.63245260749282,2,0,29.393316076021605,-6.765145758167712,0.0,2,0,0.0,0,0,0,0,0,0,True,False,0,0.0,0.0,0.0,0,0,0.0
2025-01-14 11:20:00+08:00,8998.0,8999.0,8991.0,8995.0,2516.0,-3.2701733611775126,-3.1882636794080326,-0.08190968176947999,4,0,-286.2118310245869,-52.732160558808914,-233.47967046577799,4,-1,29.220459571033366,-5.936755040430597,0.0,2,0,0.0,0,0,0,0,0,0,True,False,0,0.0,0.0,0.0,0,0,0.0
2025-01-14 11:25:00+08:00,8994.0,9000.0,8993.0,8999.0,3037.0,-2.729961985727641,-3.0369811606852712,0.3070191749576301,2,1,-541.816369830899,-215.72969917477485,-326.08667065612417,4,0,32.09632184110171,-4.8625884015530545,0.0,2,0,0.0,0,0,0,0,0,0,False,True,0,0.0,0.0,0.0,0,0,0.0
2025-01-14 13:30:00+08:00,8998.0,9006.0,8954.0,8955.0,18696.0,-7.880025388825743,-4.653125715575899,-3.226899673249844,4,-1,1278.0479890862089,282.0545202250392,995.9934688611697,2,1,15.273233554074395,-6.138935930285321,0.0,2,0,0.0,0,0,0,0,0,0,True,False,0,0.0,0.0,0.0,0,0,0.0
2025-01-14 13:35:00+08:00,8955.0,8967.0,8940.0,8966.0,21773.0,-9.941213003237863,-6.4178415959724076,-3.523371407265455,4,0,2922.3120130970838,1161.9715555484484,1760.3404575486354,2,0,18.82630005056075,-6.453684475297795,0.0,1,-1,0.0,0,0,0,0,0,0,True,False,0,0.0,0.0,0.0,0,0,0.0
2025-01-14 13:40:00+08:00,8965.0,8972.0,8961.0,8967.0,7553.0,-11.055001327022183,-7.965788969891461,-3.0892123571307213,4,0,2211.723970218967,1511.6638795351985,700.0600906837687,2,0,23.10790922893154,-5.992382163498757,0.0,2,1,0.0,0,0,0,0,0,0,True,True,0,0.0,0.0,0.0,0,0,0.0
2025-01-14 13:45:00+08:00,8967.0,8968.0,8961.0,8967.0,4917.0,-11.605475242322427,-9.18137108221908,-2.4241041601033473,4,0,1330.0934512062968,1450.9205358075367,-120.8270846012399,1,-1,25.265738660510532,-5.259174510581914,0.0,2,0,0.0,0,0,0,0,0,0,True,False,0,0.0,0.0,0.0,0,0,0.0
2025-01-14 13:50:00+08:00,8966.0,8973.0,8965.0,8968.0,4530.0,-11.61817806653562,-9.99354307762243,-1.62463498891319,4,0,633.3091042967053,1179.06666168531,-545.7575573886047,4,0,26.617035826996997,-4.460239778131218,0.0,2,0,0.0,0,0,0,0,0,0,True,False,0,0.0,0.0,0.0,0,0,0.0
2025-01-14 13:55:00+08:00,8967.0,8980.0,8967.0,8977.0,4888.0,-10.238558941435258,-10.07531352256529,-0.1632454188699679,4,0,174.72138528315918,844.5223879985826,-669.8010027154235,4,0,32.00312539811962,-3.1156622798488307,0.0,2,0,0.0,0,0,0,0,0,0,True,False,0,0.0,0.0,0.0,0,0,0.0
2025-01-14 14:00:00+08:00,8977.0,8978.0,8971.0,8976.0,3346.0,-9.177840762797132,-9.776073745093258,0.5982329822961265,2,1,-347.6858676605225,447.12697120212886,-794.8128388626513,4,0,34.35420377385102,-1.7993912214691932,0.0,2,0,0.0,0,0,0,0,0,0,False,True,0,0.0,0.0,0.0,0,0,0.0
2025-01-14 14:05:00+08:00,8976.0,8978.0,8971.0,8972.0,2762.0,-8.744908646225667,-9.432103971440604,0.6871953252149368,2,0,-782.0261436147684,37.48958249856565,-819.515726113334,4,0,32.94451031551773,-1.0058715308271928,0.0,2,0,0.0,0,0,0,0,0,0,False,True,0,0.0,0.0,0.0,0,0,0.0
2025-01-14 14:10:00+08:00,8972.0,8983.0,8964.0,8978.0,6178.0,-7.493428052634044,-8.785832748699578,1.2924046960655335,2,0,-637.3685853363686,-187.42323720560114,-449.94534813076746,4,0,35.08491575988023,-0.1468417003793796,0.0,2,0,0.0,0,0,0,0,0,0,False,True,0,0.0,0.0,0.0,0,0,0.0
2025-01-14 14:15:00+08:00,8977.0,8985.0,8975.0,8979.0,3442.0,-6.327365574999931,-7.96647994404247,1.639114369042539,2,0,-869.4216728396323,-414.6408809144968,-454.7807919251355,4,0,36.93682808918068,0.7374407947131978,0.0,2,0,0.0,0,0,0,0,0,0,False,True,0,0.0,0.0,0.0,0,0,0.0
2025-01-14 14:20:00+08:00,8979.0,8981.0,8967.0,8970.0,4451.0,-6.515972972352756,-7.483293815231705,0.9673208428789488,2,0,-886.2589568789654,-571.8208996789872,-314.4380571999782,4,0,32.889791334010155,0.7906475496921459,0.0,2,0,0.0,0,0,0,0,0,0,False,True,0,0.0,0.0,0.0,0,0,0.0
2025-01-14 14:25:00+08:00,8970.0,8977.0,8966.0,8967.0,3402.0,-6.891409986597864,-7.285932565293704,0.39452257869583995,2,0,-1012.4397031486133,-718.564166837657,-293.87553631095625,4,0,28.758586102074837,0.2843645263240333,0.0,2,0,0.0,0,0,0,0,0,0,False,True,0,0.0,0.0,0.0,0,0,0.0
2025-01-14 14:30:00+08:00,8967.0,8969.0,8958.0,8969.0,5806.0,-6.755474806184793,-7.108768975610153,0.35329416942535996,2,0,-774.5527861947285,-737.1414570974349,-37.41132909729356,4,0,27.8900361233814,-0.18483635675313437,0.0,1,-1,0.0,0,0,0,0,0,0,True,True,0,0.0,0.0,0.0,0,0,0.0
2025-01-14 14:35:00+08:00,8969.0,8972.0,8957.0,8960.0,5075.0,-7.659669639799176,-7.2921055857785,-0.3675640540206766,4,-1,-683.5621352912576,-719.1950599220105,35.63292463075288,3,1,23.89478544794128,-1.014753694100186,0.0,4,0,0.0,0,0,0,0,0,-5,True,False,0,8960.0,0.0,0.0,0,0,0.0
2025-01-14 14:40:00+08:00,8960.0,8960.0,8951.0,8955.0,5326.0,-8.768657333914234,-7.783957014602864,-0.9847003193113704,4,0,-573.3459076337658,-670.6551923715839,97.30928473781807,2,0,18.927081674067374,-2.20075841836233,0.0,4,0,0.0,0,0,0,0,0,0,True,False,-1,8960.0,0.0,0.0,0,0,0.0
2025-01-14 14:45:00+08:00,8955.0,8963.0,8946.0,8950.0,7735.0,-9.998240542621716,-8.521647206920976,-1.4765933357007395,4,0,-177.73508899545413,-506.396632076886,328.6615430814319,2,0,13.86482766418407,-3.6323945844124808,0.0,4,0,0.0,0,0,0,0,0,0,True,False,-1,8960.0,0.0,0.0,0,0,0.0
2025-01-14 14:50:00+08:00,8950.0,8961.0,8950.0,8959.0,3839.0,-9.508936101268773,-8.850329558683455,-0.6586065425853178,4,0,-390.31684457584106,-467.7463977849043,77.42955320906322,2,0,18.418930420620498,-3.9773094544949785,0.0,4,0,0.0,0,0,0,0,0,0,True,False,-1,8960.0,0.0,0.0,0,0,0.0
2025-01-14 21:00:00+08:00,8974.0,8996.0,8922.0,8948.0,28003.0,-9.006878751762997,-8.673531713340127,-0.33334703842287006,4,-1,2585.8580921391303,580.553814862586,2005.3042772765443,2,0,28.917129032206784,-1.9634763033499176,0.0,2,1,0.0,0,0,0,0,0,0,True,True,0,8960.0,0.0,0.0,0,0,0.0
2025-01-14 21:05:00+08:00,8948.0,8950.0,8932.0,8934.0,9096.0,-11.42889933897277,-9.59206164060527,-1.8368376983674999,4,0,2182.593849157499,1114.621624734528,1067.9722244229708,2,0,20.008946241751197,-2.438116504212335,0.0,2,0,0.0,0,0,0,0,0,0,True,False,0,8960.0,0.0,0.0,0,0,0.0
2025-01-14 21:10:00+08:00,8933.0,8943.0,8932.0,8938.0,4872.0,-12.383456083474812,-10.52257458939899,-1.8608814940758212,4,0,1316.2557208517774,1181.888258498748,134.3674623530294,2,0,17.265227356604438,-3.0705447261135816,0.0,4,-1,0.0,0,0,0,0,0,0,True,False,0,8960.0,0.0,0.0,0,0,0.0
2025-01-14 21:15:00+08:00,8938.0,8948.0,8933.0,8937.0,7179.0,-12.920077191185555,-11.321775444812593,-1.5983017463729627,4,0,971.670476447347,1111.8259720347817,-140.15549558743464,1,-1,16.014302158336022,-3.6221041639671014,0.0,4,0,0.0,0,0,0,0,0,0,True,False,0,8960.0,0.0,0.0,0,0,0.0
2025-01-14 21:20:00+08:00,8936.0,8944.0,8919.0,8924.0,8737.0,-14.67501978691871,-12.439519115777822,-2.2355006711408887,4,-2,906.4389692070372,1043.3507401798536,-136.91177097281638,1,0,9.692835487331905,-4.730354696970672,0.0,4,0,0.0,0,0,0,0,0,0,True,False,0,8960.0,0.0,0.0,0,0,0.0
2025-01-14 21:25:00+08:00,8924.0,8936.0,8923.0,8933.0,5246.0,-14.456430065794848,-13.111716874811243,-1.3447131909836045,4,0,398.13259658301286,828.3452368877263,-430.21264030471343,4,0,11.636473971031037,-5.171593982757116,0.0,4,0,0.0,0,0,0,0,0,0,True,False,0,8960.0,0.0,0.0,0,0,0.0
2025-01-14 21:30:00+08:00,8933.0,8955.0,8933.0,8953.0,9258.0,-11.457013545488735,-12.560108373366122,1.1030948278773867,2,1,541.423207220887,732.7133964074345,-191.29018918654754,4,0,25.12840310343661,-3.6616555771320414,0.0,3,1,0.0,0,0,0,0,0,0,False,True,0,8960.0,0.0,0.0,0,0,0.0
2025-01-14 21:35:00+08:00,8953.0,8954.0,8941.0,8945.0,4878.0,-10.119637192434311,-11.746518751449647,1.6268815590153363,2,0,74.5674099338994,513.3002287157148,-438.73281878181535,4,0,28.285031069950413,-2.116821194241737,0.0,2,0,0.0,0,0,0,0,0,0,False,True,0,8960.0,0.0,0.0,0,0,0.0
2025-01-14 21:40:00+08:00,8945.0,8949.0,8938.0,8940.0,2819.0,-9.599261160874448,-11.030681802913717,1.431420642039269,2,0,-517.0046512888321,169.83594299308334,-686.8405942819154,4,0,25.703300985640503,-1.3283170812933847,0.0,2,0,0.0,0,0,0,0,0,0,False,True,0,8960.0,0.0,0.0,0,0,0.0
2025-01-14 21:45:00+08:00,8939.0,8947.0,8939.0,8943.0,2495.0,-8.649062150170721,-10.236838944512803,1.5877767943420817,2,0,-963.486636191773,-207.95132882241018,-755.5353073693627,4,0,25.622117800198566,-0.7702999412647991,0.0,2,0,0.0,0,0,0,0,0,0,False,True,0,8960.0,0.0,0.0,0,0,0.0
2025-01-14 21:50:00+08:00,8944.0,8945.0,8940.0,8944.0,1868.0,-7.670303176699235,-9.381287777771531,1.7109846010722958,2,0,-1336.8865922810983,-584.2556471278867,-752.6309451532115,4,0,26.372310645147344,-0.23608680375704694,0.0,2,0,0.0,0,0,0,0,0,0,False,True,0,8960.0,0.0,0.0,0,0,0.0
2025-01-14 21:55:00+08:00,8944.0,8947.0,8941.0,8944.0,1435.0,-6.819558498493279,-8.527670511102354,1.7081120126090745,2,0,-1626.131619540367,-931.3475964559373,-694.7840230844297,4,0,26.78176465847646,0.18478825046716807,0.0,2,0,0.0,0,0,0,0,0,0,False,True,0,8960.0,0.0,0.0,0,0,0.0
2025-01-14 22:00:00+08:00,8944.0,8947.0,8940.0,8941.0,2641.0,-6.457847231424239,-7.838272202615976,1.3804249711917373,2,0,-1642.193174360309,-1168.212492526615,-473.980681833694,4,0,25.129417092851476,0.2198398066381131,0.0,2,0,0.0,0,0,0,0,0,0,False,True,0,8960.0,0.0,0.0,0,0,0.0
2025-01-14 22:05:00+08:00,8941.0,8942.0,8934.0,8937.0,4276.0,-6.574434025831579,-7.417286045553898,0.8428520197223195,2,0,-1411.116530231623,-1249.1110153371299,-162.00551489449322,4,0,21.747158641834616,-0.14910524427553895,0.0,2,0,0.0,0,0,0,0,0,0,False,True,0,8960.0,0.0,0.0,0,0,0.0
2025-01-14 22:10:00+08:00,8937.0,8939.0,8932.0,8934.0,2042.0,-6.898290681101571,-7.24451862871808,0.34622794761650866,2,0,-1502.3803544274724,-1333.5320432810747,-168.8483111463977,4,0,18.199891650931797,-0.8417276611985294,0.0,4,-1,0.0,0,0,0,0,0,0,True,True,0,8960.0,0.0,0.0,0,0,0.0
2025-01-14 22:15:00+08:00,8935.0,8939.0,8931.0,8933.0,2346.0,-7.107268286856197,-7.19903213876753,0.09176385191133285,2,0,-1496.171246079964,-1387.7134208149625,-108.45782526500147,4,0,16.134546273639383,-1.6077277631472704,0.0,4,0,0.0,0,0,0,0,0,0,False,True,0,8960.0,0.0,0.0,0,0,0.0
2025-01-14 22:20:00+08:00,8934.0,8939.0,8931.0,8934.0,2979.0,-6.976953543327909,-7.125238463777214,0.14828492044930552,2,0,-1379.8589399907996,-1385.1667630725067,5.307823081707056,3,1,16.393310998697963,-2.043017890354893,0.0,4,0,0.0,0,0,0,0,0,0,False,True,0,8960.0,0.0,0.0,0,0,0.0
2025-01-14 22:25:00+08:00,8933.0,8937.0,8927.0,8937.0,3620.0,-6.356558286506697,-6.8691183764607615,0.5125600899540643,2,0,-1187.3950836412132,-1319.285167497694,131.89008385648071,2,0,18.71285157203016,-2.007355518482182,0.0,4,0,0.0,0,0,0,0,0,0,False,True,0,8960.0,0.0,0.0,0,0,0.0
2025-01-14 22:30:00+08:00,8935.0,8942.0,8932.0,8939.0,3763.0,-5.531470980875383,-6.423305531124943,0.8918345502495599,2,0,-1008.6592923161206,-1215.7672611565638,207.10796884044316,2,0,21.31694820741503,-1.5969470395222736,0.0,4,0,0.0,0,0,0,0,0,0,False,True,0,8960.0,0.0,0.0,0,0,0.0
2025-01-14 22:35:00+08:00,8940.0,8942.0,8927.0,8940.0,4951.0,-4.706990429947837,-5.8514307981173355,1.1444403681694988,2,0,-710.7340481805104,-1047.4940413712202,336.7599931907098,2,0,23.210815924457847,-1.0391087135300978,0.0,2,1,0.0,0,0,0,0,0,0,False,True,0,8960.0,0.0,0.0,0,0,0.0
2025-01-14 22:40:00+08:00,8940.0,8947.0,8934.0,8945.0,3742.0,-3.3922943414108886,-5.03192894782956,1.6396346064186718,2,0,-639.5992098393017,-911.6166079873324,272.0173981480307,2,0,27.20152160178177,-0.1276142774905651,0.0,2,0,0.0,0,0,0,0,0,0,False,True,0,8960.0,0.0,0.0,0,0,0.0
2025-01-14 22:45:00+08:00,8945.0,8954.0,8943.0,8953.0,4531.0,-1.3794592101839953,-3.814592318442285,2.43513310825829,2,0,-475.83523944013314,-766.4436705208113,290.6084310806782,2,0,34.35314596237404,1.4331330511042637,0.0,2,0,0.0,0,0,0,0,0,0,False,True,0,8960.0,0.0,0.0,0,0,0.0
2025-01-14 22:50:00+08:00,8952.0,8972.0,8948.0,8971.0,7760.0,2.3519355327880476,-1.7591593068454165,4.111094839633465,2,0,59.50232416656581,-491.2020860864791,550.7044102530449,2,0,53.76981250133579,4.957954811286648,0.0,2,100,0.0,0,0,0,0,0,0,False,True,0,8960.0,0.0,0.0,0,0,0.0
2025-01-14 22:55:00+08:00,8971.0,8991.0,8966.0,8989.0,9229.0,7.21368566125966,1.2317445842185948,5.981941077041066,2,0,621.5000300978108,-120.36032081042191,741.8603509082327,2,0,76.96880668483026,10.283490877939442,0.0,2,0,0.0,0,0,0,0,0,0,False,True,0,8960.0,0.0,0.0,0,0,0.0
2025-01-15 09:00:00+08:00,8976.0,8985.0,8968.0,8969.0,13193.0,7.9426296857072884,3.4687329424179993,4.4738967432892895,2,0,1507.1282729114537,422.0309888387864,1085.0972840726672,2,0,73.57976056829037,13.386216378291422,0.0,2,0,0.0,0,0,0,0,0,0,False,True,0,8960.0,0.0,0.0,0,0,0.0
2025-01-15 09:05:00+08:00,8968.0,8980.0,8964.0,8977.0,7047.0,9.30344784189947,5.413735654047127,3.889712187852343,2,0,1318.0970630117017,720.7223377662663,597.3747252454355,2,0,74.82392747739752,15.45243955300041,0.0,2,0,0.0,0,0,0,0,0,0,False,True,0,8960.0,0.0,0.0,0,0,0.0
2025-01-15 09:10:00+08:00,8977.0,8981.0,8954.0,8957.0,10285.0,7.524582325124356,6.117523006770026,1.4070593183543307,2,0,1568.2554152039447,1003.1439129954621,565.1115022084826,2,0,61.177313373460926,14.838304911071589,0.0,2,0,0.0,0,0,0,0,0,0,False,True,0,8960.0,0.0,0.0,0,0,0.0
2025-01-15 09:15:00+08:00,8957.0,8975.0,8957.0,8965.0,4813.0,7.129493625150644,6.455057591991152,0.6744360331594921,2,0,1016.2367795634736,1007.430919195514,8.805860367959667,2,0,58.94503460502729,13.828649128158688,0.0,2,0,0.0,0,0,0,0,0,0,False,True,0,8960.0,0.0,0.0,0,0,0.0
2025-01-15 09:20:00+08:00,8965.0,8976.0,8963.0,8974.0,3337.0,7.843563842123331,6.918175884518216,0.9253879576051149,2,0,418.8367107075346,811.1668773723934,-392.3301666648588,4,-1,65.50529461330215,13.669465474305618,0.0,2,0,0.0,0,0,0,0,0,0,False,True,0,8960.0,0.0,0.0,0,0,0.0
2025-01-15 09:25:00+08:00,8974.0,8974.0,8963.0,8966.0,2979.0,7.16442205623207,7.000700763793476,0.163721292438594,2,0,-55.75148805678327,522.2632024398405,-578.0146904966238,4,0,63.72480029059833,13.029124220985004,0.0,2,0,0.0,0,0,0,0,0,0,False,True,0,8960.0,0.0,0.0,0,0,0.0
2025-01-15 09:30:00+08:00,8967.0,8967.0,8951.0,8958.0,5784.0,5.519142850542266,6.507319833810349,-0.9881769832680822,4,-1,-32.401369439673545,337.381344755292,-369.78271419496554,4,0,56.29906800338418,11.360737880234453,0.0,4,-1,0.0,0,0,0,0,0,0,True,False,0,8960.0,0.0,0.0,0,0,0.0
2025-01-15 09:35:00+08:00,8958.0,8967.0,8955.0,8963.0,3389.0,4.879012186664113,5.9644928636400465,-1.0854806769759335,4,0,-319.1882109614289,118.73773002398252,-437.92594098541144,4,0,55.86221043844725,9.883408891552946,0.0,4,0,0.0,0,0,0,0,0,0,True,False,0,8960.0,0.0,0.0,0,0,0.0
2025-01-15 09:40:00+08:00,8962.0,8962.0,8938.0,8954.0,8397.0,3.1826122485763335,5.0373215062782934,-1.85470925770196,4,0,121.71340374353258,119.91645888756501,1.796944855967567,3,1,49.89594373106827,7.888684725906636,0.0,4,0,0.0,0,0,0,0,0,0,True,False,0,8960.0,0.0,0.0,0,0,0.0
2025-01-15 09:45:00+08:00,8954.0,8960.0,8951.0,8955.0,3494.0,2.048515988770305,4.041184807985208,-1.9926688192149031,4,0,-193.28484740093427,15.583659462871978,-208.86850686380626,4,-1,47.33452209185748,5.972399859303813,0.0,4,0,0.0,0,0,0,0,0,0,True,False,0,8960.0,0.0,0.0,0,0,0.0
2025-01-15 09:50:00+08:00,8955.0,8961.0,8952.0,8956.0,2400.0,1.3339748426478764,3.138788153494374,-1.8048133108464977,4,0,-549.7843134974164,-172.82353234360505,-376.96078115381135,4,0,47.26220136216156,4.500408976643612,0.0,4,0,0.0,0,0,0,0,0,0,True,False,0,8960.0,0.0,0.0,0,0,0.0
2025-01-15 09:55:00+08:00,8955.0,8964.0,8951.0,8960.0,2451.0,1.3111926087858592,2.5299110167953494,-1.2187184080094902,4,0,-782.3807411379439,-375.82036775576285,-406.56037338218107,4,0,50.43787998652475,3.7608969062437154,0.0,4,0,0.0,0,0,0,0,0,0,True,False,0,8960.0,0.0,0.0,0,0,0.0
2025-01-15 10:00:00+08:00,8960.0,8979.0,8960.0,8973.0,6084.0,2.918169652682991,2.6595482706023708,0.25862138208062024,3,1,-468.3313117705302,-406.662798357416,-61.66851341311417,4,0,61.68058737387591,4.5995018188997605,0.0,4,0,0.0,0,0,0,0,0,0,False,True,0,8960.0,0.0,0.0,0,0,0.0
2025-01-15 10:05:00+08:00,8973.0,8986.0,8973.0,8976.0,5377.0,4.368281890123399,3.22937420899264,1.1389076811307586,2,0,-327.19954545081237,-380.1792644960488,52.979719045236436,3,1,69.91844532232652,6.139783388254372,0.0,3,1,0.0,0,0,0,0,6,0,False,True,0,8976.0,0.0,0.0,0,0,0.0
2025-01-15 10:30:00+08:00,8978.0,8979.0,8969.0,8974.0,4559.0,5.756154808068459,4.587246001427994,1.1689088066404647,2,0,-355.36506153779374,-372.32474853237153,16.959686994577794,3,1,73.8220375920406,8.50351831062271,0.0,2,0,0.0,0,0,0,0,0,0,False,True,0,8976.0,0.0,0.0,0,0,0.0
2025-01-15 10:35:00+08:00,8973.0,8978.0,8968.0,8970.0,3260.0,5.271314114155757,4.815082101182825,0.45623201297293203,2,0,-494.02153545457804,-412.9181196904329,-81.10341576414515,4,-1,72.28428664373193,8.71056877890095,0.0,2,0,0.0,0,0,0,0,0,0,False,True,0,8976.0,0.0,0.0,0,0,0.0
2025-01-15 10:40:00+08:00,8970.0,8981.0,8970.0,8973.0,3829.0,5.199394741841388,4.942924178196046,0.25647056364534215,2,0,-508.9016137289191,-444.94957876805785,-63.952034960861226,4,0,73.73594257073802,8.85210825434396,0.0,2,0,0.0,0,0,0,0,0,0,False,True,0,8976.0,0.0,0.0,0,0,0.0
2025-01-15 10:45:00+08:00,8973.0,8990.0,8968.0,8983.0,5764.0,6.308614810795916,5.397977413080393,0.9106373977155231,2,2,-262.85335498074073,-384.24716590127656,121.39381092053583,2,1,82.3828570731429,9.876729122184031,0.0,2,10,0.0,0,0,0,0,0,0,False,True,0,8976.0,0.0,0.0,0,0,0.0
2025-01-15 10:50:00+08:00,8984.0,8999.0,8979.0,8994.0,6800.0,8.352454198671694,6.382634908747963,1.9698192899237315,2,0,47.3190287769321,-240.47410529691717,287.7931340738493,2,0,89.81130062669422,11.28460227275363,0.0,2,0,0.0,0,0,0,0,0,0,False,True,0,8976.0,0.0,0.0,0,0,0.0
2025-01-15 10:55:00+08:00,8995.0,9001.0,8992.0,8993.0,4977.0,9.486916671294239,7.417228136578968,2.0696885347152705,2,0,33.06059258344612,-149.39198746809785,182.45258005154398,2,0,90.86923869900393,12.18919140945762,0.0,2,0,0.0,0,0,0,0,0,0,False,True,0,8976.0,0.0,0.0,0,0,0.0
2025-01-15 11:00:00+08:00,8994.0,9004.0,8993.0,8999.0,5257.0,10.846270979429391,8.560023961545664,2.2862470178837278,2,0,57.87838878914772,-80.38067785599867,138.2590666451464,2,0,92.70832563011487,12.796384354717787,0.0,2,0,0.0,0,0,0,0,0,0,False,True,0,8976.0,0.0,0.0,0,0,0.0
2025-01-15 11:05:00+08:00,9000.0,9013.0,8998.0,9005.0,8453.0,12.335274692792154,9.81833349331945,2.5169411994727042,2,0,479.91034853742804,106.27620010470312,373.63414843272494,2,0,91.98166735634226,12.860168392510317,0.0,2,0,0.0,0,0,0,0,0,0,False,True,0,8976.0,0.0,0.0,0,0,0.0
2025-01-15 11:10:00+08:00,9004.0,9009.0,9000.0,9007.0,4046.0,13.375829570941278,11.003926334654098,2.3719032362871797,2,0,207.10419353186353,139.78778724693257,67.31640628493096,2,0,92.60356443162107,12.718333312429522,0.0,2,0,0.0,0,0,0,0,0,0,False,True,0,8976.0,0.0,0.0,0,0,0.0
2025-01-15 11:15:00+08:00,9006.0,9009.0,9000.0,9002.0,2918.0,13.189879438770731,11.732218225414153,1.4576612133565785,2,0,-132.4909672434651,48.95291966654979,-181.4438869100149,4,-1,89.74907378975067,11.999941076470947,0.0,1,0,0.0,0,0,0,0,0,0,False,True,0,8976.0,0.0,0.0,0,0,0.0
2025-01-15 11:20:00+08:00,9002.0,9010.0,8996.0,9007.0,5405.0,13.414922511454279,12.292958968651854,1.1219635428024244,2,0,-52.77112870336077,15.061619560849948,-67.83274826421072,4,0,91.27002475967694,11.435375147548228,0.0,4,0,0.0,0,0,0,0,0,0,False,True,0,8976.0,0.0,0.0,0,0,0.0
2025-01-15 11:25:00+08:00,9007.0,9010.0,8975.0,8981.0,10121.0,9.987569959124812,11.524170142705419,-1.5366001835806067,4,-1,603.2877997690275,211.1367508053736,392.1510489636539,2,1,75.61382977373867,8.804104972870988,0.0,4,0,0.0,0,0,0,0,0,-5,True,False,0,8981.0,0.0,0.0,0,0,0.0
2025-01-15 13:30:00+08:00,8984.0,8984.0,8959.0,8959.0,14504.0,4.570509509470867,9.205850805814213,-4.635341296343347,4,0,1608.7881500438853,677.0444459657302,931.743704078155,2,0,52.37934100945276,3.8243851486320892,0.0,4,0,0.0,0,0,0,0,0,0,True,False,-1,8981.0,0.0,0.0,0,0,0.0
2025-01-15 13:35:00+08:00,8958.0,8968.0,8945.0,8953.0,10941.0,-0.09988418916873343,6.103833246289879,-6.203717435458612,4,0,1829.8677665276628,1061.3357609869852,768.5320055406776,2,0,36.9664064005631,-1.7093294781349613,0.0,4,0,0.0,0,0,0,0,0,0,True,False,-1,8981.0,0.0,0.0,0,0,0.0
2025-01-15 13:40:00+08:00,8952.0,8953.0,8933.0,8946.0,10551.0,-4.273070440483934,2.644934214945528,-6.9180046554294625,4,0,1897.2365971446407,1340.0249227169732,557.2116744276675,2,0,26.24491776838179,-6.934240477477175,0.0,4,0,0.0,0,0,0,0,0,0,True,False,-1,8981.0,0.0,0.0,0,0,0.0
2025-01-15 13:45:00+08:00,8945.0,8954.0,8937.0,8949.0,6738.0,-6.738590953713356,-0.483060799963678,-6.255530153749678,4,0,1420.2030279200308,1366.703039836793,53.49998808323767,2,0,23.94706538302522,-10.760627411650447,0.0,4,-100,0.0,0,0,0,0,0,0,True,False,-1,8981.0,0.0,0.0,0,0,0.0
2025-01-15 13:50:00+08:00,8949.0,8950.0,8909.0,8914.0,14402.0,-12.774938797854702,-4.580027648723238,-8.194911149131464,4,-2,2027.8626268467124,1587.239662413895,440.6229644328173,2,0,12.471332682274342,-14.679358134930439,0.0,4,0,0.0,0,0,0,0,0,0,True,False,-1,8981.0,0.0,0.0,0,0,0.0
2025-01-15 13:55:00+08:00,8913.0,8925.0,8898.0,8920.0,15072.0,-15.99041627808947,-8.383191360215388,-7.607224917874081,4,0,2497.5022748901974,1890.6519257876016,606.8503491025958,2,0,14.390254167326354,-16.888687132049284,0.0,4,0,0.0,0,0,0,0,0,0,True,False,-1,8981.0,0.0,0.0,0,0,0.0
2025-01-15 14:00:00+08:00,8920.0,8925.0,8903.0,8905.0,8588.0,-19.819662113151935,-12.195266814758796,-7.624395298393139,4,0,1951.907662893409,1911.1949406448775,40.71272224853146,2,0,9.581038775579058,-18.70065089776984,0.0,4,0,0.0,0,0,0,0,0,0,True,False,-1,8981.0,0.0,0.0,0,0,0.0
2025-01-15 14:05:00+08:00,8905.0,8919.0,8903.0,8915.0,6400.0,-20.82495806204861,-15.071717262252442,-5.753240799796167,4,0,1248.750153492727,1690.412325338618,-441.6621718458912,4,-1,11.658636747606147,-19.326603441108617,0.0,4,0,0.0,0,0,0,0,0,0,True,False,-1,8981.0,0.0,0.0,0,0,0.0
2025-01-15 14:10:00+08:00,8915.0,8920.0,8908.0,8909.0,4703.0,-21.8536462822467,-17.332358785831055,-4.5212874964156455,4,0,511.98875805823445,1297.605136618236,-785.6163785600015,4,0,10.52943541119741,-19.493741507241154,0.0,4,0,0.0,0,0,0,0,0,0,True,False,-1,8981.0,0.0,0.0,0,0,0.0
2025-01-15 14:15:00+08:00,8909.0,8919.0,8903.0,8909.0,6353.0,-22.11500756541318,-18.92655578939767,-3.1884517760155084,4,0,192.16265844552981,929.0758810527329,-736.9132226072031,4,0,9.760608777505158,-19.277133186078526,0.0,4,0,0.0,0,0,0,0,0,0,True,False,-1,8981.0,0.0,0.0,0,0,0.0
2025-01-15 14:20:00+08:00,8909.0,8912.0,8900.0,8908.0,5360.0,-21.957866318922242,-19.936974121938867,-2.0208921969833753,4,0,-163.04889386663672,565.0091573979728,-728.0580512646095,4,0,8.997841954274422,-18.81053180529945,0.0,4,0,0.0,0,0,0,0,0,0,True,False,-1,8981.0,0.0,0.0,0,0,0.0
2025-01-15 14:25:00+08:00,8908.0,8916.0,8905.0,8916.0,4617.0,-20.367213323093893,-20.080855918273677,-0.2863574048202153,4,0,-503.6252625139532,209.04483702931236,-712.6700995432656,4,0,12.541504017659753,-17.644541130942915,0.0,3,0,0.0,0,0,0,0,0,0,True,False,-1,8981.0,0.0,0.0,0,0,0.0
2025-01-15 14:30:00+08:00,8914.0,8918.0,8908.0,8910.0,4731.0,-19.578606210687212,-19.913700006396166,0.3350937957089535,3,1,-718.1591808078529,-99.8346657313632,-618.3245150764897,4,0,11.754680006825566,-16.5317169710614,0.0,2,0,0.0,0,0,0,0,0,0,False,True,-1,0.0,0.0,0.0,0,0,0.0
2025-01-15 14:35:00+08:00,8910.0,8932.0,8910.0,8930.0,7773.0,-16.06960971980152,-18.632533554497126,2.5629238346956065,2,0,-467.83941595234774,-222.53995357997644,-245.2994623723713,4,0,20.62034799274315,-14.250901426402987,0.0,2,0,0.0,0,0,0,0,0,0,False,True,0,0.0,0.0,0.0,0,0,0.0
2025-01-15 14:40:00+08:00,8930.0,8940.0,8921.0,8940.0,7348.0,-11.990440620780646,-16.418715098940346,4.4282744781597,2,0,-335.80439551389645,-260.36934140586067,-75.43505410803579,4,0,30.544013409771043,-11.099804300240201,0.0,2,0,0.0,0,0,0,0,0,0,False,True,0,0.0,0.0,0.0,0,0,0.0
2025-01-15 14:45:00+08:00,8940.0,8944.0,8932.0,8937.0,5919.0,-9.246944186139444,-14.02814405122919,4.7811998650897465,2,0,-417.27456240802167,-312.75741228666305,-104.51715012135861,4,0,33.78978764833735,-8.23380077448067,0.0,2,0,0.0,0,0,0,0,0,0,False,True,0,0.0,0.0,0.0,0,0,0.0
2025-01-15 14:50:00+08:00,8938.0,8941.0,8934.0,8940.0,3968.0,-6.739546422002604,-11.598501181377216,4.858954759374612,2,0,-713.5256380524079,-446.4190001305685,-267.10663792183936,4,0,35.97738398691343,-5.748595329330907,0.0,2,0,0.0,0,0,0,0,0,0,False,True,0,0.0,0.0,0.0,0,0,0.0
2025-01-15 14:55:00+08:00,8940.0,8941.0,8931.0,8939.0,5685.0,-4.9595691046470165,-9.385568263433203,4.425999158786187,2,0,-688.8655440410512,-527.2904143394159,-161.57512970163532,4,0,36.28567112756002,-3.844026684909714,0.0,2,0,0.0,0,0,0,0,0,0,False,True,0,0.0,0.0,0.0,0,0,0.0
2025-01-15 21:00:00+08:00,8939.0,8939.0,8892.0,8896.0,22904.0,-9.062401313256487,-9.277932599211914,0.2155312859554268,2,0,1529.5556543329803,158.23381992348152,1371.321834409499,2,1,18.173034288511047,-4.724451045268296,0.0,2,0,0.0,0,0,0,0,0,0,False,True,0,0.0,0.0,0.0,0,0,0.0
2025-01-15 21:05:00+08:00,8897.0,8912.0,8896.0,8910.0,9968.0,-9.979965225766136,-9.511973832881628,-0.46799139288450853,1,-1,1415.7136446496752,577.4022105972749,838.3114340524003,2,0,14.236186381104222,-5.7430826465201505,0.0,2,0,0.0,0,0,0,0,0,0,True,False,0,0.0,0.0,0.0,0,0,0.0
2025-01-15 21:10:00+08:00,8910.0,8922.0,8910.0,8912.0,7131.0,-10.160378781063628,-9.728043650828052,-0.43233513023557535,4,0,945.3345362799228,700.004446527629,245.3300897522937,2,0,14.771909370772223,-6.275751726583692,0.0,2,0,0.0,0,0,0,0,0,0,True,False,0,0.0,0.0,0.0,0,0,0.0
2025-01-15 21:15:00+08:00,8913.0,8928.0,8910.0,8926.0,5866.0,-8.29461898462614,-9.250273190998913,0.9556542063727722,2,1,433.66597894824645,611.1746242560289,-177.50864530778244,1,-1,22.017323435781986,-5.598892322778543,0.0,2,0,0.0,0,0,0,0,0,0,False,True,0,0.0,0.0,0.0,0,0,0.0
2025-01-15 21:20:00+08:00,8926.0,8941.0,8923.0,8937.0,6818.0,-5.409185269845693,-7.969829089058319,2.5606438192126255,2,0,185.31492637541578,469.1833952776834,-283.86846890226764,4,0,31.20724937168417,-3.846000344668301,0.0,2,0,0.0,0,0,0,0,0,0,False,True,0,0.0,0.0,0.0,0,0,0.0
2025-01-15 21:25:00+08:00,8936.0,8951.0,8935.0,8935.0,8971.0,-3.5181263363283506,-6.485811907056753,2.9676855707284027,2,0,279.99098006153963,406.0587103520315,-126.06773029049185,4,0,34.789831313808975,-2.0860101300155343,0.0,2,0,0.0,0,0,0,0,0,0,False,True,0,0.0,0.0,0.0,0,0,0.0
2025-01-15 21:30:00+08:00,8937.0,8959.0,8936.0,8950.0,10464.0,-0.2081037256630225,-4.393098110210778,4.184994384547755,2,0,530.255726593985,447.39129499482897,82.86443159915598,3,1,42.72563825175755,0.1948198028624013,0.0,2,0,0.0,0,0,0,0,0,0,False,True,0,0.0,0.0,0.0,0,0,0.0
2025-01-15 21:35:00+08:00,8951.0,8955.0,8947.0,8951.0,4324.0,2.2525601483248465,-2.177766129143375,4.430326277468222,2,0,-84.5537443714129,270.0089257386123,-354.5626701100252,4,-1,47.229277897117825,2.3608099151996846,0.0,2,0,0.0,0,0,0,0,0,0,False,True,0,0.0,0.0,0.0,0,0,0.0
2025-01-15 21:40:00+08:00,8950.0,8954.0,8943.0,8950.0,4509.0,3.809178609502851,-0.18231263227447947,3.9914912417773305,2,0,-491.73265664958126,16.21369017456564,-507.9463468241469,4,0,48.420912257964176,3.987310321963456,0.0,2,100,0.0,0,0,0,0,0,0,False,True,0,0.0,0.0,0.0,0,0,0.0
2025-01-15 21:45:00+08:00,8950.0,8957.0,8946.0,8950.0,3316.0,4.824304024048615,1.486729901173835,3.33757412287478,2,0,-919.4928883225084,-295.7286783667219,-623.7642099557866,4,0,48.52589498234141,5.062633918997328,0.0,2,0,0.0,0,0,0,0,0,0,False,True,0,0.0,0.0,0.0,0,0,0.0
2025-01-15 21:50:00+08:00,8950.0,8969.0,8949.0,8967.0,7085.0,7.595516544262864,3.5233453309536737,4.07217121330919,2,2,-722.4423279916873,-437.9943762044543,-284.447951787233,4,0,56.174287745625094,6.682819697373681,0.0,2,0,0.0,0,0,0,0,0,0,False,True,0,0.0,0.0,0.0,0,0,0.0
2025-01-15 21:55:00+08:00,8967.0,8986.0,8964.0,8980.0,12422.0,11.035466342485961,6.02746934751204,5.0079969949739205,2,0,109.51631656046538,-255.24237595412075,364.75869251458613,3,1,66.40253866021146,8.972266405735738,0.0,2,10,0.0,0,0,0,0,0,0,False,True,0,0.0,0.0,0.0,0,0,0.0
2025-01-15 22:00:00+08:00,8981.0,8985.0,8972.0,8973.0,6591.0,12.333678129702093,8.129557460090819,4.2041206696112745,2,0,-48.051176059751924,-186.22585810977745,138.17468205002552,2,0,68.14681978452504,10.609502487760288,0.0,2,0,0.0,0,0,0,0,0,0,False,True,0,0.0,0.0,0.0,0,0,0.0
2025-01-15 22:05:00+08:00,8973.0,8979.0,8967.0,8967.0,5879.0,12.22373432573113,9.493769907240935,2.7299644184901943,2,0,-248.1513754935213,-206.73980657279466,-41.41156892072664,1,-1,65.23438956226539,11.160336772078125,0.0,2,0,0.0,0,0,0,0,0,0,False,True,0,0.0,0.0,0.0,0,0,0.0
2025-01-15 22:10:00+08:00,8967.0,8968.0,8958.0,8960.0,5309.0,10.998847196791758,9.995131329605867,1.0037158671858908,2,0,-455.9532681322071,-289.582288175495,-166.37097995671206,4,0,60.06848921220465,10.6793425534092,0.0,2,0,0.0,0,0,0,0,0,0,False,True,0,0.0,0.0,0.0,0,0,0.0
2025-01-15 22:15:00+08:00,8960.0,8971.0,8958.0,8966.0,4400.0,10.665802413232086,10.218232948651252,0.4475694645808339,2,0,-708.0988337491099,-429.0367285230467,-279.0621052260632,4,0,60.1161190017753,10.165665533496124,0.0,2,0,0.0,0,0,0,0,0,0,False,True,0,0.0,0.0,0.0,0,0,0.0
2025-01-15 22:20:00+08:00,8967.0,8977.0,8967.0,8974.0,3370.0,11.221674784757852,10.552448459264122,0.6692263254937298,2,0,-1001.4282979771842,-619.8747057142011,-381.5535922629831,4,0,64.32604314193348,10.100274133018878,0.0,2,0,0.0,0,0,0,0,0,0,False,True,0,0.0,0.0,0.0,0,0,0.0
2025-01-15 22:25:00+08:00,8974.0,8979.0,8965.0,8966.0,3942.0,10.359784433752793,10.488309302897802,-0.12852486914500894,1,-1,-1113.9723600392435,-784.5647687551036,-329.4075912841399,4,0,63.91630649991488,9.81450734530074,0.0,2,0,0.0,0,0,0,0,0,0,True,False,0,0.0,0.0,0.0,0,0,0.0
2025-01-15 22:30:00+08:00,8966.0,8977.0,8961.0,8966.0,5305.0,9.534087031899617,10.170367010421542,-0.6362799785219249,4,0,-996.5799184504667,-855.2903893526685,-141.2895290977982,4,0,63.25542599953548,9.292964765002246,0.0,4,-1,0.0,0,0,0,0,0,0,True,False,0,0.0,0.0,0.0,0,0,0.0
2025-01-15 22:35:00+08:00,8966.0,8968.0,8943.0,8943.0,11564.0,5.8306163019478845,8.72387674087928,-2.893260438931396,4,0,-98.15468814413907,-603.018670107818,504.86398196367895,2,1,52.07176336237168,7.314132043136254,0.0,4,0,0.0,0,0,0,0,0,0,True,False,0,0.0,0.0,0.0,0,0,0.0
2025-01-15 22:40:00+08:00,8943.0,8948.0,8929.0,8934.0,8640.0,1.958271723737198,6.468801696069372,-4.510529972332174,4,0,164.80702057704366,-347.1964744744057,512.0034950514494,2,0,41.55500547805342,4.4462812411318495,0.0,4,0,0.0,0,0,0,0,0,0,True,False,0,0.0,0.0,0.0,0,0,0.0
2025-01-15 22:45:00+08:00,8935.0,8947.0,8934.0,8943.0,5804.0,0.3348919507643586,4.424442064476947,-4.089550113712589,4,0,-13.74142648158977,-236.11979649581627,222.3783700142265,2,0,47.12946131084151,3.0377776119024205,0.0,4,0,0.0,0,0,0,0,0,0,True,False,0,0.0,0.0,0.0,0,0,0.0
2025-01-15 22:50:00+08:00,8943.0,8947.0,8938.0,8942.0,3364.0,-0.9414216409259097,2.6361636861522175,-3.5775853270781273,4,0,-449.0002092702525,-307.1971958214026,-141.80301344884992,1,-1,50.874076988278915,2.4310720295486163,0.0,4,0,0.0,0,0,0,0,0,0,True,False,0,0.0,0.0,0.0,0,0,0.0
2025-01-15 22:55:00+08:00,8941.0,8952.0,8934.0,8952.0,5846.0,-0.5498607079589419,1.5743680893492082,-2.12422879730815,4,0,-430.6059178260639,-348.4150687672812,-82.1908490587827,4,0,58.44577043974395,2.9034391428915924,0.0,4,0,0.0,0,0,0,0,0,0,True,False,0,0.0,0.0,0.0,0,0,0.0
2025-01-16 09:00:00+08:00,8929.0,8934.0,8795.0,8810.0,65765.0,-18.294440261619457,-5.048415475509011,-13.246024786110446,4,0,7200.20407622647,2167.7190529380737,5032.485023288396,2,1,31.280740702699475,-0.30635781129456774,0.0,4,-10,0.0,0,0,0,0,0,0,True,False,0,0.0,0.0,0.0,0,0,0.0
2025-01-16 09:05:00+08:00,8812.0,8813.0,8747.0,8748.0,43010.0,-38.26712654631774,-16.121133298400423,-22.145993247917318,4,0,9528.112035668793,4621.115777219977,4906.996258448817,2,0,10.959286099847708,-5.156718191388109,0.0,4,-100,0.0,0,0,0,0,0,0,True,False,0,0.0,0.0,0.0,0,0,0.0
2025-01-16 09:10:00+08:00,8748.0,8748.0,8706.0,8715.0,35207.0,-55.70263500668989,-29.314883522297432,-26.387751484392457,4,0,9973.741461817663,6405.255220808072,3568.4862410095902,2,0,3.776513878153397,-9.38629684410973,0.0,4,0,0.0,0,0,0,0,0,0,True,False,0,0.0,0.0,0.0,0,0,0.0
2025-01-16 09:15:00+08:00,8715.0,8725.0,8693.0,8700.0,21921.0,-68.69794251007261,-42.44250986834756,-26.25543264172505,4,0,8389.138551450804,7066.497397963428,1322.641153487376,2,0,1.5287952245755543,-12.469704092724648,0.0,4,0,0.0,0,0,0,0,0,0,True,False,0,0.0,0.0,0.0,0,0,0.0
2025-01-16 09:20:00+08:00,8699.0,8704.0,8678.0,8688.0,21910.0,-77.91266382617505,-54.26583898391307,-23.646824842261978,4,0,7095.143963651524,7076.043943143191,19.10002050833282,2,0,1.7213853482488082,-14.342400107082682,0.0,4,0,0.0,0,0,0,0,0,0,True,False,0,0.0,0.0,0.0,0,0,0.0
2025-01-16 09:25:00+08:00,8688.0,8706.0,8685.0,8698.0,11723.0,-81.47809685485117,-63.33634872283096,-18.14174813202021,4,0,4740.749323435106,6297.557614215303,-1556.8082907801972,4,-1,4.063877213851076,-15.06419208638226,0.0,4,0,0.0,0,0,0,0,0,0,True,False,0,0.0,0.0,0.0,0,0,0.0
2025-01-16 09:30:00+08:00,8698.0,8704.0,8686.0,8700.0,10274.0,-82.00847826781319,-69.5599653737158,-12.44851289409739,4,0,2799.6511522923756,5131.575464291405,-2331.9243119990297,4,0,5.864814799832788,-15.021077860363608,0.0,4,0,0.0,0,0,0,0,0,0,True,False,0,0.0,0.0,0.0,0,0,0.0
2025-01-16 09:35:00+08:00,8701.0,8709.0,8700.0,8702.0,8883.0,-80.39222407961279,-73.1704909434039,-7.221733136208883,4,0,1198.1619503044367,3820.7591218842167,-2622.59717157978,4,0,7.079800749936878,-14.525918159152786,0.0,4,0,0.0,0,0,0,0,0,0,True,False,0,0.0,0.0,0.0,0,0,0.0
2025-01-16 09:40:00+08:00,8702.0,8707.0,8687.0,8701.0,8158.0,-77.6804751921918,-74.67369240427915,-3.0067827879126554,4,0,-46.42143115212639,2531.773446334763,-2578.1948774868893,4,0,7.430180693663397,-13.829814689058464,0.0,4,0,0.0,0,0,0,0,0,0,True,False,0,0.0,0.0,0.0,0,0,0.0
2025-01-16 09:45:00+08:00,8701.0,8701.0,8690.0,8694.0,7324.0,-75.01672713573134,-74.7876233775827,-0.22910375814863926,4,0,-1027.1583819497755,1345.523851253629,-2372.6822332034044,4,0,6.24461447278479,-13.19997190388861,0.0,3,0,0.0,0,0,0,0,0,0,True,False,0,0.0,0.0,0.0,0,0,0.0
2025-01-16 09:50:00+08:00,8694.0,8698.0,8687.0,8695.0,5216.0,-71.42729715946007,-73.66691187273416,2.2396147132740936,2,1,-1963.179817037133,242.73590955941722,-2205.9157265965505,4,0,5.711179619726906,-12.527544235324497,0.0,2,0,0.0,0,0,0,0,0,0,False,True,0,0.0,0.0,0.0,0,0,0.0
2025-01-16 09:55:00+08:00,8696.0,8702.0,8690.0,8700.0,5203.0,-66.75524961127485,-71.36298224168294,4.607732630408094,2,0,-2581.854148945058,-698.6038655334519,-1883.2502834116062,4,0,6.428873624296578,-11.685041505371325,0.0,2,0,0.0,0,0,0,0,0,0,False,True,0,0.0,0.0,0.0,0,0,0.0
2025-01-16 10:00:00+08:00,8699.0,8701.0,8692.0,8699.0,4868.0,-62.18147786482041,-68.30225270437114,6.120774839550734,2,0,-3005.227421551148,-1467.4354964513543,-1537.7919250997936,4,0,6.715899941659613,-10.79876924664644,0.0,2,0,0.0,0,0,0,0,0,0,False,True,0,0.0,0.0,0.0,0,0,0.0
2025-01-16 10:05:00+08:00,8700.0,8708.0,8696.0,8703.0,6348.0,-57.138934899498054,-64.5809542252152,7.4420193257171405,2,0,-3051.4945460610143,-1995.3070127374585,-1056.1875333235557,4,0,7.531879425552578,-9.819955085280535,0.0,2,0,0.0,0,0,0,0,0,0,False,True,0,0.0,0.0,0.0,0,0,0.0
2025-01-16 10:10:00+08:00,8703.0,8704.0,8695.0,8696.0,3980.0,-53.270051200845046,-60.8104784466688,7.540427245823757,2,0,-3320.29122749809,-2436.9668714627296,-883.3243560353603,4,0,6.700633431549088,-9.017259506636062,0.0,2,0,0.0,0,0,0,0,0,0,False,True,0,0.0,0.0,0.0,0,0,0.0
2025-01-16 10:30:00+08:00,8696.0,8699.0,8687.0,8696.0,6729.0,-49.42003268466033,-57.01346917192577,7.593436487265443,2,0,-3090.15045380452,-2654.7458746054594,-435.40457919906066,4,0,6.141710554244065,-8.311959364451237,0.0,2,0,0.0,0,0,0,0,0,0,False,True,0,0.0,0.0,0.0,0,0,0.0
2025-01-16 10:35:00+08:00,8696.0,8699.0,8686.0,8694.0,6264.0,-45.91888040122649,-53.31519515247122,7.396314751244731,2,0,-2921.8709429918126,-2743.8495492820625,-178.0213937097501,4,0,5.543658360855675,-7.708528859251765,0.0,2,0,0.0,0,0,0,0,0,0,False,True,0,0.0,0.0,0.0,0,0,0.0
2025-01-16 10:40:00+08:00,8694.0,8695.0,8686.0,8691.0,4182.0,-42.864352718082955,-49.831634319837484,6.967281601754529,2,0,-3005.9781324170945,-2831.2587331025156,-174.71939931457882,4,0,4.723485311918154,-7.204147495770582,0.0,2,0,0.0,0,0,0,0,0,0,False,True,0,0.0,0.0,0.0,0,0,0.0
2025-01-16 10:45:00+08:00,8691.0,8693.0,8668.0,8672.0,11556.0,-42.220346160820554,-47.29454197619264,5.074195815372086,2,0,-2065.2225229430633,-2575.9925493308806,510.7700263878173,2,1,2.6799764580669905,-6.966032805963328,0.0,2,0,0.0,0,0,0,0,0,0,False,True,0,0.0,0.0,0.0,0,0,0.0
2025-01-16 10:50:00+08:00,8672.0,8690.0,8660.0,8687.0,12108.0,-38.969058840060825,-44.519586049542376,5.550527209481551,2,0,-1289.3320417188133,-2147.0986158619007,857.7665741430874,2,0,5.517233197953724,-6.306439295013962,0.0,2,0,0.0,0,0,0,0,0,0,False,True,0,0.0,0.0,0.0,0,0,0.0
2025-01-16 10:55:00+08:00,8687.0,8689.0,8679.0,8687.0,4206.0,-35.85649496569022,-41.632161532513,5.775666566822785,2,0,-1719.5302678937524,-2004.6208146391891,285.09054674543677,2,0,7.348578064457703,-5.471491994333366,0.0,2,0,0.0,0,0,0,0,0,0,False,True,0,0.0,0.0,0.0,0,0,0.0
2025-01-16 11:00:00+08:00,8687.0,8692.0,8681.0,8685.0,5092.0,-33.16140122710203,-38.80890650925708,5.647505282155045,2,0,-1873.4254247990775,-1960.98297542111,87.55755062203252,2,0,7.769784181040212,-4.715280470525188,0.0,2,0,0.0,0,0,0,0,0,0,False,True,0,0.0,0.0,0.0,0,0,0.0
2025-01-16 11:05:00+08:00,8685.0,8686.0,8675.0,8680.0,3904.0,-31.198016081849346,-36.27226663829655,5.074250556447204,2,0,-2092.947048095849,-2005.0600405574557,-87.88700753839316,1,-1,6.95730554427889,-4.169508026839111,0.0,2,0,0.0,0,0,0,0,0,0,False,True,0,0.0,0.0,0.0,0,0,0.0
2025-01-16 11:10:00+08:00,8680.0,8683.0,8671.0,8674.0,4001.0,-29.917911237071166,-34.154313315918394,4.236402078847227,2,0,-2190.7686457259306,-2066.991147303946,-123.77749842198455,4,0,5.412705020619224,-3.91342703099816,0.0,2,0,0.0,0,0,0,0,0,0,False,True,0,0.0,0.0,0.0,0,0,0.0
2025-01-16 11:15:00+08:00,8673.0,8680.0,8666.0,8667.0,6645.0,-29.27280829281699,-32.52727901556107,3.254470722744081,2,0,-1877.5061883696853,-2003.8623098225287,126.35612145284335,2,1,3.415759262900302,-3.881165264002287,0.0,2,0,0.0,0,0,0,0,0,0,False,True,0,0.0,0.0,0.0,0,0,0.0
2025-01-16 11:20:00+08:00,8667.0,8671.0,8655.0,8666.0,8766.0,-28.326331078516887,-31.12709559218068,2.8007645136637933,2,0,-1348.0206716530374,-1785.2994794070285,437.27880775399103,2,0,3.0964334842333834,-3.832368348429222,0.0,2,0,0.0,0,0,0,0,0,0,False,True,0,0.0,0.0,0.0,0,0,0.0
2025-01-16 11:25:00+08:00,8666.0,8666.0,8652.0,8658.0,10433.0,-28.076802585199403,-30.110562299032228,2.0337597138328256,2,0,-735.1937837232235,-1435.2909869304176,700.0972032071941,2,0,2.2853460501850202,-3.8101251231444078,0.0,2,0,0.0,0,0,0,0,0,0,False,True,0,0.0,0.0,0.0,0,0,0.0
2025-01-16 13:30:00+08:00,8650.0,8651.0,8632.0,8634.0,18192.0,-30.354695412788715,-30.192199919344414,-0.16249549344430037,1,-1,696.8387938437336,-724.6442980220295,1421.483091865763,2,0,1.1957687615972004,-3.852893344639927,0.0,2,0,0.0,0,0,0,0,0,0,True,False,0,0.0,0.0,0.0,0,0,0.0
2025-01-16 13:35:00+08:00,8634.0,8636.0,8623.0,8634.0,12724.0,-31.31515265548842,-30.566647824117293,-0.7485048313711253,4,0,995.4757377986571,-151.3132001588341,1146.7889379574913,2,0,2.0791251140570424,-3.6831814496860167,0.0,2,0,0.0,0,0,0,0,0,0,True,False,0,0.0,0.0,0.0,0,0,0.0
2025-01-16 13:40:00+08:00,8635.0,8635.0,8619.0,8621.0,11448.0,-32.97868118544284,-31.370398282599815,-1.6082829028430226,4,0,1022.6016701993522,240.02798702035318,782.573683178999,2,0,1.2998362814146796,-3.589102156770815,0.0,2,0,0.0,0,0,0,0,0,0,True,False,0,0.0,0.0,0.0,0,0,0.0
2025-01-16 13:45:00+08:00,8619.0,8625.0,8588.0,8598.0,22387.0,-36.371477039454476,-33.03674696782583,-3.3347300716286483,4,0,2409.179177657232,963.1549906477076,1446.0241870095242,2,0,1.8945246664360162,-3.3665777518447215,0.0,2,0,0.0,0,0,0,0,0,0,True,False,0,0.0,0.0,0.0,0,0,0.0
2025-01-16 13:50:00+08:00,8598.0,8606.0,8593.0,8605.0,10826.0,-37.10053936353506,-34.39099935796376,-2.7095400055713057,4,0,1865.9281527859057,1264.1955756597245,601.7325771261812,2,0,3.3110247325145368,-2.978066311814496,0.0,2,0,0.0,0,0,0,0,0,0,True,False,0,0.0,0.0,0.0,0,0,0.0
2025-01-16 13:55:00+08:00,8605.0,8605.0,8593.0,8595.0,6827.0,-38.09796007325349,-35.62613457636305,-2.471825496890439,4,0,936.2828505574998,1154.9280644210446,-218.64521386354477,1,-1,2.638389728345857,-2.716384780155514,0.0,2,0,0.0,0,0,0,0,0,0,True,False,0,0.0,0.0,0.0,0,0,0.0
2025-01-16 14:00:00+08:00,8595.0,8605.0,8593.0,8596.0,6673.0,-37.86671283443866,-36.37273482220881,-1.4939780122298458,4,0,242.83065689963405,851.0302963247708,-608.1996394251368,4,0,2.2575764345151033,-2.5107495768916803,0.0,2,0,0.0,0,0,0,0,0,0,True,False,0,0.0,0.0,0.0,0,0,0.0
2025-01-16 14:05:00+08:00,8596.0,8598.0,8580.0,8594.0,11750.0,-37.15639065252981,-36.63361279858997,-0.5227778539398358,4,0,394.28229320602804,698.7712791265956,-304.48898592056753,4,0,2.964230813212872,-2.2269131879232225,0.0,2,0,0.0,0,0,0,0,0,0,True,False,0,0.0,0.0,0.0,0,0,0.0
2025-01-16 14:10:00+08:00,8593.0,8599.0,8587.0,8591.0,6020.0,-36.2510190039211,-36.5057334877932,0.2547144838720996,3,1,-235.14696050750354,387.4178297723429,-622.5647902798464,4,0,3.0415018481517304,-1.9681603068702804,0.0,2,0,0.0,0,0,0,0,0,0,False,True,0,0.0,0.0,0.0,0,0,0.0
2025-01-16 14:15:00+08:00,8591.0,8592.0,8565.0,8571.0,14636.0,-37.38639031003913,-36.79903324188784,-0.5873570681512916,4,-1,421.0141472316918,398.59927637143466,22.414870860257167,3,1,2.23206717917332,-1.8437572918236689,0.0,2,0,0.0,0,0,0,0,0,0,True,False,0,0.0,0.0,0.0,0,0,0.0
2025-01-16 14:20:00+08:00,8570.0,8585.0,8570.0,8580.0,8782.0,-36.25178197141395,-36.61691456427668,0.3651325928627287,2,1,130.59156899535446,309.35242529261166,-178.7608562972572,4,-1,3.0534995073179996,-1.6635863447027823,0.0,2,0,0.0,0,0,0,0,0,0,False,True,0,0.0,0.0,0.0,0,0,0.0
2025-01-16 14:25:00+08:00,8580.0,8588.0,8570.0,8573.0,8586.0,-35.575365173759565,-36.27029568775831,0.6949305139987487,2,0,-101.39211821530444,172.54462758463907,-273.93674579994354,4,0,2.595804152237656,-1.5550989485700697,0.0,2,0,0.0,0,0,0,0,0,0,False,True,0,0.0,0.0,0.0,0,0,0.0
2025-01-16 14:30:00+08:00,8572.0,8576.0,8557.0,8560.0,12417.0,-35.99761244167348,-36.18018397801108,0.1825715363375977,2,0,224.0197398447326,189.82133753151652,34.19840231321609,3,1,1.548356512451328,-1.5879163592612686,0.0,2,0,0.0,0,0,0,0,0,0,False,True,0,0.0,0.0,0.0,0,0,0.0
2025-01-16 14:35:00+08:00,8560.0,8579.0,8559.0,8574.0,7147.0,-33.755391036835135,-35.372783830578534,1.6173927937433987,2,0,-220.99766911381448,52.91450823582741,-273.91217734964187,4,-1,4.246348180104227,-1.2288410534287344,0.0,2,0,0.0,0,0,0,0,0,0,False,True,0,0.0,0.0,0.0,0,0,0.0
2025-01-16 14:40:00+08:00,8574.0,8580.0,8564.0,8568.0,7288.0,-32.22516607503712,-34.32437099855537,2.0992049235182506,2,0,-511.6551932833172,-135.3236642056893,-376.3315290776279,4,0,5.39611871508139,-0.819359068629887,0.0,2,0,0.0,0,0,0,0,0,0,False,True,0,0.0,0.0,0.0,0,0,0.0
2025-01-16 14:45:00+08:00,8567.0,8579.0,8566.0,8575.0,6242.0,-29.578076804589728,-32.74348588465331,3.165409080063583,2,0,-838.0906802213285,-369.5254102694681,-468.5652699518604,4,0,8.526885967177462,-0.14473079704663228,0.0,2,0,0.0,0,0,0,0,0,0,False,True,0,0.0,0.0,0.0,0,0,0.0
2025-01-16 14:50:00+08:00,8576.0,8586.0,8574.0,8575.0,8065.0,-27.08922800018263,-30.859591511528944,3.7703635113463143,2,0,-818.5106014037683,-519.0849904881842,-299.4256109155841,4,0,10.79318567311358,0.6204379164073579,0.0,2,0,0.0,0,0,0,0,0,0,False,True,0,0.0,0.0,0.0,0,0,0.0
2025-01-16 14:55:00+08:00,8575.0,8575.0,8554.0,8564.0,16113.0,-26.161620664473958,-29.294545388938694,3.1329247244647362,2,0,234.45973840086117,-267.9167955045988,502.37653390545995,2,1,8.738968198130976,0.8790065487348757,0.0,2,0,0.0,0,0,0,0,0,0,False,True,0,0.0,0.0,0.0,0,0,0.0
2025-01-16 21:00:00+08:00,8536.0,8557.0,8488.0,8526.0,36123.0,-29.780499744667395,-29.45719738459187,-0.3233023600755267,1,-1,3511.3667271147497,991.7757222966906,2519.591004818059,2,0,13.274208704507252,1.6127965400168414,0.0,2,0,0.0,0,0,0,0,0,0,True,False,0,0.0,0.0,0.0,0,0,0.0
2025-01-16 21:05:00+08:00,8527.0,8530.0,8503.0,8515.0,21596.0,-33.09388460687114,-30.67014698037531,-2.423737626495832,4,0,3898.287206822304,1960.523968154856,1937.7632386674481,2,0,13.258019320533105,2.084800974770535,0.0,2,0,0.0,0,0,0,0,0,0,True,False,0,0.0,0.0,0.0,0,0,0.0
2025-01-16 21:10:00+08:00,8516.0,8523.0,8494.0,8507.0,21601.0,-35.741134204467016,-32.36116251559396,-3.3799716888730558,4,0,4088.6779000939223,2669.822497887475,1418.8554022064473,2,0,10.779120735338335,2.0674057737854286,0.0,2,0,0.0,0,0,0,0,0,0,True,False,0,0.0,0.0,0.0,0,0,0.0
2025-01-16 21:15:00+08:00,8507.0,8508.0,8492.0,8506.0,11273.0,-36.97460329414935,-33.89953964493517,-3.0750636492141794,4,0,2824.600706736297,2721.319416322936,103.28129041336115,2,0,9.087310532352637,1.8131223443766995,0.0,2,0,0.0,0,0,0,0,0,0,True,False,0,0.0,0.0,0.0,0,0,0.0
2025-01-16 21:20:00+08:00,8506.0,8506.0,8487.0,8495.0,12086.0,-38.45663799375143,-35.41877164075121,-3.0378663530002186,4,0,1978.5188870720722,2473.640793004951,-495.1219059328787,1,-1,5.831486697163733,1.1835661309065593,0.0,1,-1,0.0,0,0,0,0,0,-6,True,False,0,8495.0,0.0,0.0,0,0,0.0
2025-01-16 21:25:00+08:00,8494.0,8495.0,8477.0,8491.0,11414.0,-39.19343898487932,-36.67700741821262,-2.5164315666667036,4,0,1255.9233477679263,2067.675940467544,-811.7525926996177,4,0,5.5238033727467535,0.6774491126266051,0.0,4,0,0.0,0,0,0,0,0,0,True,False,0,8495.0,0.0,0.0,0,0,0.0
2025-01-16 21:30:00+08:00,8490.0,8504.0,8485.0,8494.0,10250.0,-38.5010704722481,-37.28465152633489,-1.2164189459132118,4,0,573.0449873494108,1569.4240982235858,-996.379110874175,4,0,6.425818056231212,0.417303243742392,0.0,4,0,0.0,0,0,0,0,0,0,True,False,-1,8495.0,0.0,0.0,0,0,0.0
2025-01-16 21:35:00+08:00,8494.0,8495.0,8481.0,8481.0,7764.0,-38.84936393616772,-37.80551810912506,-1.0438458270426594,4,0,-235.32558304826307,967.7935826382418,-1203.1191656865049,4,0,3.87463400312324,-0.09114956794264639,0.0,4,0,0.0,0,0,0,0,0,0,True,False,-1,8495.0,0.0,0.0,0,0,0.0
2025-01-16 21:40:00+08:00,8482.0,8501.0,8482.0,8496.0,8557.0,-36.36717263180617,-37.32522692044301,0.9580542886368377,2,1,-698.4829668077709,412.34727679792184,-1110.8302436056929,4,0,6.044189062639392,-0.15559366753325676,0.0,4,0,0.0,0,0,0,0,0,0,False,True,-1,0.0,0.0,0.0,0,0,0.0
2025-01-16 21:45:00+08:00,8497.0,8501.0,8492.0,8497.0,4835.0,-33.72339858396663,-36.12360075446436,2.400202170497735,2,0,-1482.3645116507232,-219.33633653222978,-1263.0281751184934,4,0,7.901474562199001,0.04215333189745074,0.0,4,0,0.0,0,0,0,0,0,0,False,True,0,0.0,0.0,0.0,0,0,0.0
2025-01-16 21:50:00+08:00,8497.0,8505.0,8496.0,8496.0,4925.0,-31.275976387814808,-34.50670183642139,3.2307254486065844,2,0,-1991.203189659902,-810.0649075565068,-1181.138282103395,4,0,8.499089935539924,0.27254258011651356,0.0,4,0,0.0,0,0,0,0,0,0,False,True,0,0.0,0.0,0.0,0,0,0.0
2025-01-16 21:55:00+08:00,8496.0,8503.0,8494.0,8500.0,3547.0,-28.384075475791178,-32.46523617456361,4.081160698772429,2,0,-2481.845803886533,-1367.1546555032921,-1114.6911483832407,4,0,9.748139834222101,0.5783542449887102,0.0,2,0,0.0,0,0,0,0,0,0,False,True,0,0.0,0.0,0.0,0,0,0.0
2025-01-16 22:00:00+08:00,8499.0,8502.0,8484.0,8489.0,6737.0,-27.14504381660663,-30.69129147327972,3.5462476566730885,2,0,-2369.611212883564,-1701.2708687045124,-668.3403441790515,4,0,7.604027492140068,0.49814059300725066,0.0,2,0,0.0,0,0,0,0,0,0,False,True,0,0.0,0.0,0.0,0,0,0.0
2025-01-16 22:05:00+08:00,8489.0,8491.0,8482.0,8485.0,4886.0,-26.206664319452102,-29.196077329589258,2.989413010137156,2,0,-2475.4893639098027,-1959.2792566085059,-516.2101073012968,4,0,5.226362088275145,0.15408623727189408,0.0,4,-1,0.0,0,0,0,0,0,0,True,True,0,0.0,0.0,0.0,0,0,0.0
2025-01-16 22:10:00+08:00,8485.0,8488.0,8467.0,8471.0,9782.0,-26.76919634618389,-28.386605310401123,1.6174089642172333,2,0,-1875.9420078655767,-1931.4980164989395,55.55600863336281,3,1,3.0067622296282535,-0.3706901463045078,0.0,4,0,0.0,0,0,0,0,0,0,False,True,0,0.0,0.0,0.0,0,0,0.0
2025-01-16 22:15:00+08:00,8472.0,8474.0,8454.0,8464.0,18359.0,-27.48718340547748,-28.08620042702412,0.5990170215466399,2,0,-325.17656002991316,-1396.0405283763175,1070.8639683464044,2,0,3.3491820924530353,-0.6416898387584542,0.0,4,-100,0.0,0,0,0,0,0,0,True,True,0,0.0,0.0,0.0,0,0,0.0
2025-01-16 22:20:00+08:00,8464.0,8468.0,8449.0,8455.0,9904.0,-28.55337496898028,-28.24129584879363,-0.31207912018664885,1,-1,-300.68702389006285,-1030.9291653072328,730.2421414171699,2,0,2.867303325297331,-0.9237894545986602,0.0,4,0,0.0,0,0,0,0,0,0,True,False,0,0.0,0.0,0.0,0,0,0.0
2025-01-16 22:25:00+08:00,8455.0,8458.0,8445.0,8452.0,9731.0,-29.080491025479205,-28.52071065179875,-0.5597803736804536,4,0,-298.9130377530346,-786.7933806307772,487.8803428777426,2,0,2.8138092560782626,-1.1178473603282475,0.0,4,0,0.0,0,0,0,0,0,0,True,False,0,0.0,0.0,0.0,0,0,0.0
2025-01-16 22:30:00+08:00,8451.0,8475.0,8449.0,8466.0,13381.0,-27.058053261351233,-28.0327872072618,0.9747339459105682,2,1,172.10949203654673,-467.0988156629852,639.2083076995319,2,0,6.178632953991562,-0.801693889385998,0.0,4,0,0.0,0,0,0,0,0,0,False,True,0,0.0,0.0,0.0,0,0,0.0
2025-01-16 22:35:00+08:00,8467.0,8472.0,8460.0,8462.0,6342.0,-25.57036145834354,-27.211900864366996,1.6415394060234547,2,0,-393.98785125171344,-442.7505384161871,48.762687164473675,2,0,7.317352165108408,-0.4206155520346373,0.0,2,0,0.0,0,0,0,0,0,0,False,True,0,0.0,0.0,0.0,0,0,0.0
2025-01-16 22:40:00+08:00,8461.0,8472.0,8461.0,8468.0,3972.0,-23.220277072327008,-25.881192979940746,2.660915907613738,2,0,-1085.0198745517373,-656.9071259389007,-428.11274861283664,4,-1,9.221599773257541,0.09542695969423054,0.0,2,0,0.0,0,0,0,0,0,0,False,True,0,0.0,0.0,0.0,0,0,0.0
2025-01-16 22:45:00+08:00,8471.0,8480.0,8467.0,8474.0,6845.0,-20.313034357022843,-24.024879443163872,3.711845086141029,2,0,-1183.4953598730954,-832.472140142341,-351.02321973075436,4,0,12.20148172147954,0.8370682893801336,0.0,2,100,0.0,0,0,0,0,0,0,False,True,0,0.0,0.0,0.0,0,0,0.0
2025-01-16 22:50:00+08:00,8474.0,8476.0,8467.0,8470.0,3288.0,-18.345061914178586,-22.131249269497307,3.78618735531872,2,0,-1679.3322544846633,-1114.6972281047872,-564.6350263798761,4,0,13.12220572603687,1.4578428523405247,0.0,2,0,0.0,0,0,0,0,0,0,False,True,0,0.0,0.0,0.0,0,0,0.0
2025-01-16 22:55:00+08:00,8470.0,8471.0,8453.0,8455.0,9516.0,-18.476848731344944,-20.912977281278025,2.4361285499330805,2,0,-1201.9553510625574,-1143.8281207212033,-58.12723034135411,4,0,8.959645210108405,1.3352581818573075,0.0,2,0,0.0,0,0,0,0,0,0,False,True,0,0.0,0.0,0.0,0,0,0.0
2025-01-17 09:00:00+08:00,8430.0,8459.0,8419.0,8453.0,23723.0,-18.432538764078345,-20.086082238804558,1.653543474726213,2,0,963.4424990058669,-441.47282819720226,1404.9153272030692,2,1,12.713665647020026,1.6987905014823568,0.0,2,0,0.0,0,0,0,0,0,0,False,True,0,0.0,0.0,0.0,0,0,0.0
2025-01-17 09:05:00+08:00,8453.0,8471.0,8450.0,8470.0,8567.0,-15.852787725731105,-18.67516919026711,2.8223814645360044,2,0,542.254294639959,-113.64015145144816,655.8944460914072,2,0,21.22945384145948,2.997027080621269,0.0,2,0,0.0,0,0,0,0,0,0,False,True,0,0.0,0.0,0.0,0,0,0.0
2025-01-17 09:10:00+08:00,8470.0,8471.0,8460.0,8463.0,7863.0,-14.590487260000373,-17.313472288806697,2.722985028806324,2,0,145.0073723410096,-27.46701177873085,172.47438411974048,2,0,23.66620149184333,4.156417531339235,0.0,2,0,0.0,0,0,0,0,0,0,False,True,0,0.0,0.0,0.0,0,0,0.0
2025-01-17 09:15:00+08:00,8465.0,8480.0,8465.0,8474.0,10239.0,-11.996320440281124,-15.540737333717102,3.5444168934359777,2,0,164.08116549025544,36.323573955297675,127.75759153495777,2,0,27.423983728014953,5.364374940765208,0.0,2,0,0.0,0,0,0,0,0,0,False,True,0,0.0,0.0,0.0,0,0,0.0
2025-01-17 09:20:00+08:00,8475.0,8500.0,8474.0,8488.0,13577.0,-8.13926844263915,-13.073439590586748,4.934171147947598,2,0,597.8809869265551,223.44228919520435,374.43869773135077,2,0,34.09541548275836,6.94715190795338,0.0,2,0,0.0,0,0,0,0,0,0,False,True,0,0.0,0.0,0.0,0,0,0.0
2025-01-17 09:25:00+08:00,8487.0,8502.0,8486.0,8496.0,8333.0,-4.236876361104805,-10.127773371667063,5.890897010562258,2,0,224.5644024374742,223.74100119208984,0.8234012453843604,2,0,39.89199081019039,8.65251074402397,0.0,2,0,0.0,0,0,0,0,0,0,False,True,0,0.0,0.0,0.0,0,0,0.0
2025-01-17 09:30:00+08:00,8496.0,8501.0,8486.0,8490.0,6153.0,-2.163354099360731,-7.473199463993174,5.309845364632443,2,0,-319.61504161398625,42.659772498317665,-362.27481411230394,4,-1,41.45169024948535,9.866308479717357,0.0,2,0,0.0,0,0,0,0,0,0,False,True,0,0.0,0.0,0.0,0,0,0.0
2025-01-17 09:35:00+08:00,8490.0,8498.0,8485.0,8485.0,3683.0,-1.2942579923183075,-5.414586054285225,4.120328061966918,2,0,-1009.2001786793007,-307.7048337995671,-701.4953448797337,4,0,40.540819669591755,10.396688888793076,0.0,2,0,0.0,0,0,0,0,0,0,False,True,0,0.0,0.0,0.0,0,0,0.0
2025-01-17 09:40:00+08:00,8485.0,8497.0,8481.0,8490.0,5417.0,-0.020297003642554046,-3.6172353969801576,3.5969383933376036,2,0,-1253.0894292772928,-622.7975941904476,-630.2918350868451,4,0,41.41302769132122,10.660149274948314,0.0,2,0,0.0,0,0,0,0,0,0,False,True,0,0.0,0.0,0.0,0,0,0.0
2025-01-17 09:45:00+08:00,8490.0,8500.0,8486.0,8497.0,4160.0,1.7653008552952087,-1.8238341800035025,3.5891350352987113,2,0,-1557.8828399719923,-934.5295174953022,-623.3533224766901,4,0,44.54408759760058,11.018533442233025,0.0,2,0,0.0,0,0,0,0,0,0,False,True,0,0.0,0.0,0.0,0,0,0.0
2025-01-17 09:50:00+08:00,8497.0,8508.0,8494.0,8497.0,5874.0,2.984623089321758,-0.22147865525391253,3.2061017445756708,2,0,-1521.7316891212768,-1130.2795883804663,-391.45210074081047,4,0,46.19382138855684,11.240620359434775,0.0,2,0,0.0,0,0,0,0,0,0,False,True,0,0.0,0.0,0.0,0,0,0.0
2025-01-17 09:55:00+08:00,8496.0,8505.0,8494.0,8495.0,3728.0,3.5234208440579096,1.0244923096740293,2.4989285343838805,2,0,-1735.6786338848951,-1331.2374271447777,-404.4412067401174,4,0,46.110048637300444,11.154715296453318,0.0,2,0,0.0,0,0,0,0,0,0,False,True,0,0.0,0.0,0.0,0,0,0.0
2025-01-17 10:00:00+08:00,8495.0,8517.0,8494.0,8515.0,8117.0,6.366366680542342,2.8020729065637053,3.5642937739786364,2,2,-1292.3668591506812,-1317.8126914131826,25.445832262501426,3,1,52.505608058782435,11.673596250116923,0.0,2,0,0.0,0,0,0,0,0,0,False,True,0,0.0,0.0,0.0,0,0,0.0
2025-01-17 10:05:00+08:00,8515.0,8572.0,8510.0,8567.0,29069.0,14.834719247373869,6.809956727929757,8.024762519444112,2,0,1707.481025200279,-309.0505479524119,2016.5315731526907,2,0,73.40269815522475,14.447453344035956,0.0,2,10,0.0,0,0,0,0,0,0,False,True,0,0.0,0.0,0.0,0,0,0.0
2025-01-17 10:10:00+08:00,8568.0,8571.0,8548.0,8548.0,13488.0,18.066719138023473,10.559365108033292,7.50735402999018,2,0,1803.545187427526,395.1598831550052,1408.3853042725207,2,0,81.26157752242945,17.094387097916197,0.0,2,0,0.0,0,0,0,0,0,0,False,True,0,0.0,0.0,0.0,0,0,0.0
2025-01-17 10:30:00+08:00,8549.0,8568.0,8543.0,8568.0,9828.0,22.497930701383666,14.536228548828245,7.9617021525554215,2,0,1368.1915366291105,719.4922832707383,648.6992533583722,2,0,91.63775076580463,19.9147133895057,0.0,2,0,0.0,0,0,0,0,0,0,False,True,0,0.0,0.0,0.0,0,0,0.0
2025-01-17 10:35:00+08:00,8567.0,8568.0,8549.0,8556.0,6403.0,23.616167999431127,17.560745300994608,6.055422698436519,2,0,597.750702633306,678.7126267601352,-80.96192412682922,1,-1,92.156330842711,21.540378708024612,0.0,2,0,0.0,0,0,0,0,0,0,False,True,0,0.0,0.0,0.0,0,0,0.0
2025-01-17 10:40:00+08:00,8557.0,8562.0,8541.0,8543.0,6194.0,22.252675181125596,19.1232578909311,3.129417290194496,2,0,16.378343541337017,457.76117775981186,-441.38283421847484,4,0,86.48028519288934,21.513187168290983,0.0,2,0,0.0,0,0,0,0,0,0,False,True,0,0.0,0.0,0.0,0,0,0.0
2025-01-17 10:45:00+08:00,8544.0,8554.0,8544.0,8546.0,4267.0,21.20349836825153,19.815833048766077,1.3876653194854534,2,0,-637.7589678035747,92.47314174455079,-730.2321095481254,4,0,84.12577459711086,20.739316428757498,0.0,2,0,0.0,0,0,0,0,0,0,False,True,0,0.0,0.0,0.0,0,0,0.0
2025-01-17 10:50:00+08:00,8546.0,8559.0,8542.0,8545.0,5429.0,19.88956320321813,19.839860272371887,0.04970293084624444,2,0,-937.1544987402067,-250.9463887482629,-686.2081099919437,4,0,82.9136395509642,19.59783555706572,0.0,2,0,0.0,0,0,0,0,0,0,False,True,0,0.0,0.0,0.0,0,0,0.0
2025-01-17 10:55:00+08:00,8545.0,8554.0,8530.0,8554.0,8235.0,19.68695147262406,19.788552243822604,-0.10160077119854449,1,-1,-771.7658175447768,-424.7883041402414,-346.97751340453544,4,0,85.71643406132765,18.7377441371209,0.0,4,-1,0.0,0,0,0,0,0,0,True,False,0,0.0,0.0,0.0,0,0,0.0
2025-01-17 11:00:00+08:00,8554.0,8561.0,8548.0,8554.0,4877.0,19.127968862519992,19.568328898068767,-0.4403600355487747,4,0,-1065.5598432797678,-638.6549185957142,-426.90492468405364,4,0,87.43349721932586,17.947677163040687,0.0,4,0,0.0,0,0,0,0,0,0,True,False,0,0.0,0.0,0.0,0,0,0.0
2025-01-17 11:05:00+08:00,8554.0,8556.0,8549.0,8553.0,3388.0,18.20339083730869,19.113876786615705,-0.9104859493070165,4,0,-1438.912550921209,-905.6977418381332,-533.2148090830758,4,0,87.7606020791309,17.053367073259466,0.0,4,0,0.0,0,0,0,0,0,0,True,False,0,0.0,0.0,0.0,0,0,0.0
2025-01-17 11:10:00+08:00,8553.0,8554.0,8533.0,8537.0,6379.0,15.136424722304582,17.78909096844347,-2.652666246138889,4,0,-1291.4721346392198,-1034.601406726201,-256.87072791301875,4,0,81.94292966418878,15.327186915185152,0.0,4,0,0.0,0,0,0,0,0,0,True,False,0,0.0,0.0,0.0,0,0,0.0
2025-01-17 11:15:00+08:00,8537.0,8543.0,8527.0,8540.0,6838.0,13.039403056323863,16.207232350458252,-3.167829294134389,4,0,-1102.1441773818724,-1057.400362151564,-44.74381523030843,4,0,79.68082103875787,13.495595290496496,0.0,4,0,0.0,0,0,0,0,0,0,True,False,0,0.0,0.0,0.0,0,0,0.0
2025-01-17 11:20:00+08:00,8541.0,8544.0,8527.0,8529.0,4053.0,9.891567707638387,14.103672512157111,-4.212104804518724,4,0,-1299.3229733409407,-1138.341614896223,-160.98135844471767,4,0,74.99771394577668,11.32633519550535,0.0,4,0,0.0,0,0,0,0,0,0,True,False,0,0.0,0.0,0.0,0,0,0.0
2025-01-17 11:25:00+08:00,8528.0,8550.0,8520.0,8547.0,8803.0,9.75323411988029,12.65523029853538,-2.901996178655091,4,0,-807.3286129830176,-1028.1663587766523,220.83774579363467,2,1,79.14872846585395,10.089495686823398,0.0,4,0,0.0,0,0,0,0,0,0,True,False,0,0.0,0.0,0.0,0,0,0.0
2025-01-17 13:30:00+08:00,8554.0,8559.0,8540.0,8549.0,7521.0,9.704056396676606,11.673407298938873,-1.969350902262267,4,0,-606.9044150405061,-887.9529738266565,281.04855878615035,2,0,82.75193475311839,9.462849006031888,0.0,4,0,0.0,0,0,0,0,0,0,True,False,0,0.0,0.0,0.0,0,0,0.0
2025-01-17 13:35:00+08:00,8550.0,8563.0,8547.0,8555.0,5718.0,10.226916093706677,11.193598395046035,-0.9666823013393575,4,0,-682.0972226749964,-819.6115283032635,137.51430562826715,2,0,86.59352685303847,9.30704983843161,0.0,4,0,0.0,0,0,0,0,0,0,True,False,0,0.0,0.0,0.0,0,0,0.0
2025-01-17 13:40:00+08:00,8554.0,8566.0,8551.0,8558.0,6079.0,10.760021583238995,11.051517970818573,-0.29149638757957774,4,0,-674.726395675526,-771.5254157523088,96.79902007678288,2,0,89.48670628041806,9.368433767280251,0.0,4,0,0.0,0,0,0,0,0,0,True,False,0,0.0,0.0,0.0,0,0,0.0
2025-01-17 13:45:00+08:00,8557.0,8562.0,8552.0,8561.0,3961.0,11.289800300553907,11.134157013380682,0.15564328717322518,3,1,-924.2250436762442,-822.5999920263515,-101.62505164989273,1,-1,91.79061598696126,9.501797691656733,0.0,4,0,0.0,0,0,0,0,0,0,False,True,0,0.0,0.0,0.0,0,0,0.0
2025-01-17 13:50:00+08:00,8561.0,8564.0,8542.0,8543.0,7155.0,9.1367749237088,10.469758846999047,-1.3329839232902483,4,-1,-673.8228550721251,-772.3709774953041,98.54812242317905,2,1,86.21653242098391,8.67964874506211,0.0,4,0,0.0,0,0,0,0,0,-5,True,False,0,8543.0,0.0,0.0,0,0,0.0
2025-01-17 13:55:00+08:00,8542.0,8546.0,8530.0,8530.0,7574.0,5.776982805091393,8.906085907589793,-3.1291031024983997,4,0,-430.26327228916944,-657.9486624469829,227.68539015781346,2,0,78.05136919443888,6.8854816960016905,0.0,4,0,0.0,0,0,0,0,0,0,True,False,-1,8543.0,0.0,0.0,0,0,0.0
2025-01-17 14:00:00+08:00,8531.0,8544.0,8531.0,8540.0,4745.0,4.559875961076614,7.4574447843618,-2.8975688232851864,4,0,-608.9972322124022,-641.3270041896125,32.32977197721027,2,0,77.59403695877013,5.415028531675119,0.0,4,0,0.0,0,0,0,0,0,0,True,False,-1,8543.0,0.0,0.0,0,0,0.0
2025-01-17 14:05:00+08:00,8540.0,8548.0,8534.0,8545.0,3847.0,4.241546602666858,6.385308406184651,-2.1437618035177923,4,0,-836.0136257792601,-706.0769131820288,-129.93671259723135,4,-1,80.0166646023768,4.577357753270803,0.0,4,0,0.0,0,0,0,0,0,0,True,False,-1,8543.0,0.0,0.0,0,0,0.0
2025-01-17 14:10:00+08:00,8546.0,8549.0,8543.0,8547.0,3034.0,4.181432370787661,5.65026615419742,-1.4688337834097593,4,0,-1081.20780453288,-830.91134387871,-250.2964606541699,4,0,82.22959390582832,4.178377580419294,0.0,4,0,0.0,0,0,0,0,0,0,True,False,-1,8543.0,0.0,0.0,0,0,0.0
2025-01-17 14:15:00+08:00,8548.0,8549.0,8539.0,8541.0,2816.0,3.288814677258415,4.862871293248282,-1.5740566159898668,4,0,-1258.615416225778,-973.3761337586268,-285.23928246715127,4,0,81.0948349313032,3.656625046613499,0.0,4,0,0.0,0,0,0,0,0,0,True,False,-1,8543.0,0.0,0.0,0,0,0.0
2025-01-17 14:20:00+08:00,8541.0,8546.0,8536.0,8542.0,3262.0,2.7179612087311398,4.147622842020111,-1.429661633288971,4,0,-1300.1552687392532,-1082.1939808156246,-217.96128792362856,4,0,80.59231349953049,3.16357936958309,0.0,4,0,0.0,0,0,0,0,0,0,True,False,-1,8543.0,0.0,0.0,0,0,0.0
2025-01-17 14:25:00+08:00,8542.0,8543.0,8536.0,8539.0,2756.0,1.8774460224794893,3.390374443812291,-1.5129284213328016,4,0,-1366.0050954468647,-1176.6018571766797,-189.40323827018506,4,0,79.32612679218158,2.5898861340543675,0.0,4,0,0.0,0,0,0,0,0,0,True,False,-1,8543.0,0.0,0.0,0,0,0.0
2025-01-17 14:30:00+08:00,8538.0,8561.0,8537.0,8561.0,7423.0,4.0398556220443425,3.6064305315895013,0.4334250904548411,3,1,-790.8614305040028,-1047.9278745640597,257.06644406005694,2,1,86.65118496889743,3.0604013627444573,0.0,4,0,0.0,0,0,0,0,0,0,False,True,-1,0.0,0.0,0.0,0,0,0.0
2025-01-17 14:35:00+08:00,8561.0,8566.0,8548.0,8554.0,7780.0,4.586852301668841,3.9326076170712367,0.6542446845976047,2,0,-324.07759488465126,-806.5882913339985,482.5106964493473,2,0,86.73635860024037,3.336965470630915,0.0,4,0,0.0,0,0,0,0,0,0,False,True,0,0.0,0.0,0.0,0,0,0.0
2025-01-17 14:40:00+08:00,8554.0,8557.0,8546.0,8547.0,3766.0,3.9854465038897615,3.9493904739635934,0.036056029926168076,2,0,-498.3189767256563,-703.660679205823,205.34170248016676,2,0,81.8272490053166,2.8348898459264404,0.0,4,0,0.0,0,0,0,0,0,0,False,True,0,0.0,0.0,0.0,0,0,0.0
2025-01-17 14:45:00+08:00,8548.0,8566.0,8547.0,8562.0,5693.0,5.382793948523613,4.426681419677146,0.9561125288464671,2,2,-365.8494196866013,-591.0740389738254,225.22461928722407,2,0,86.20017626566448,2.9851099493156283,0.0,4,0,0.0,0,0,0,0,0,0,False,True,0,0.0,0.0,0.0,0,0,0.0
2025-01-17 14:50:00+08:00,8561.0,8568.0,8554.0,8556.0,6799.0,5.490148052882432,4.780644533930707,0.7095035189517249,2,0,-124.5216752637134,-435.6434985484009,311.1218232846875,2,0,85.28508490940851,2.9179477853241167,0.0,4,0,0.0,0,0,0,0,0,0,False,True,0,0.0,0.0,0.0,0,0,0.0
2025-01-17 14:55:00+08:00,8556.0,8561.0,8553.0,8559.0,6662.0,5.830573868783176,5.130325507250087,0.700248361533089,2,0,30.538640008921902,-280.3184203727502,310.8570603816721,2,0,85.46192571077255,2.826423472746484,0.0,4,0,0.0,0,0,0,0,0,0,False,True,0,0.0,0.0,0.0,0,0,0.0
2025-01-17 21:00:00+08:00,8556.0,8563.0,8533.0,8538.0,18292.0,3.2800203792430693,4.513283131678356,-1.2332627524352864,4,-1,1615.8543755312403,351.7043339174811,1264.1500416137592,2,0,72.81710272247399,1.1083919668726594,0.0,4,0,0.0,0,0,0,0,0,0,True,False,0,0.0,0.0,0.0,0,0,0.0
2025-01-17 21:05:00+08:00,8538.0,8548.0,8528.0,8528.0,8932.0,0.1459781489575107,3.0573496653844243,-2.9113715164269136,4,0,1508.6163231176624,737.2574398430125,771.3588832746499,2,0,59.52267650302903,-1.8053785052255051,0.0,4,0,0.0,0,0,0,0,0,0,True,False,0,0.0,0.0,0.0,0,0,0.0
2025-01-17 21:10:00+08:00,8528.0,8531.0,8509.0,8516.0,13629.0,-3.5865655029410846,0.8423891515071231,-4.428954654448208,4,0,1997.7717720486226,1157.4597019687476,840.312070079875,2,0,45.979254734436964,-5.535683894270306,0.0,4,-100,0.0,0,0,0,0,0,0,True,False,0,0.0,0.0,0.0,0,0,0.0
2025-01-17 21:15:00+08:00,8516.0,8516.0,8483.0,8495.0,19532.0,-8.803726645737697,-2.373042767880183,-6.430683877857515,4,0,3049.169808766208,1787.933418573965,1261.236390192243,2,0,25.903459445908013,-10.58788932095684,0.0,4,0,0.0,0,0,0,0,0,0,True,False,0,0.0,0.0,0.0,0,0,0.0
2025-01-17 21:20:00+08:00,8494.0,8502.0,8486.0,8501.0,8771.0,-11.52709547856648,-5.424683208103032,-6.102412270463448,4,0,2358.1232885761383,1978.0054851424227,380.1178034337156,2,0,19.83386675546351,-14.692722884319608,0.0,4,0,0.0,0,0,0,0,0,0,True,False,0,0.0,0.0,0.0,0,0,0.0
2025-01-17 21:25:00+08:00,8501.0,8508.0,8496.0,8507.0,7163.0,-12.437533650869227,-7.76239258401438,-4.675141066854847,4,0,1617.8071984678572,1858.0150524762128,-240.20785400835553,1,-1,22.42096598741554,-16.941259877113218,0.0,4,0,0.0,0,0,0,0,0,0,True,False,0,0.0,0.0,0.0,0,0,0.0
2025-01-17 21:30:00+08:00,8506.0,8520.0,8500.0,8519.0,7905.0,-11.290784086082567,-8.938230585274761,-2.3525535008078062,4,0,1156.6333643580929,1624.099336156931,-467.46597179883815,4,0,32.264968908411625,-16.918239150300487,0.0,4,0,0.0,0,0,0,0,0,0,True,False,0,0.0,0.0,0.0,0,0,0.0
2025-01-17 21:35:00+08:00,8518.0,8535.0,8518.0,8529.0,12865.0,-8.974887325526652,-8.95010516389826,-0.02478216162839253,4,0,1437.4491017141572,1561.7721772195662,-124.32307550540895,4,0,44.01043273908722,-15.051576233623841,0.0,4,0,0.0,0,0,0,0,0,0,True,False,0,0.0,0.0,0.0,0,0,0.0
2025-01-17 21:40:00+08:00,8529.0,8537.0,8524.0,8532.0,9230.0,-6.773995256397029,-8.22419685033287,1.4502015939358408,2,1,1142.9853342573751,1422.0297033137588,-279.04436905638363,4,0,51.95700691714302,-12.41019807776319,0.0,3,1,0.0,0,0,0,0,0,0,False,True,0,0.0,0.0,0.0,0,0,0.0
2025-01-17 21:45:00+08:00,8531.0,8533.0,8516.0,8526.0,6383.0,-5.843564314349351,-7.4300521248478,1.5864878104984497,2,0,550.0465366634635,1131.245484507625,-581.1989478441615,4,0,52.39278311699915,-10.223115815717456,0.0,2,0,0.0,0,0,0,0,0,0,False,True,0,0.0,0.0,0.0,0,0,0.0
2025-01-17 21:50:00+08:00,8525.0,8537.0,8525.0,8531.0,5791.0,-4.43020502400941,-6.429619533680105,1.9994145096706948,2,0,46.10710623864725,769.5578522437576,-723.4507460051103,4,0,54.98773852484224,-8.127201393310479,0.0,2,0,0.0,0,0,0,0,0,0,False,True,0,0.0,0.0,0.0,0,0,0.0
2025-01-17 21:55:00+08:00,8530.0,8533.0,8523.0,8524.0,4097.0,-4.231057714965573,-5.6966796825752,1.4656219676096276,2,0,-524.275910910218,338.60558331956963,-862.8814942297877,4,0,51.72703682041903,-6.890493898250078,0.0,2,0,0.0,0,0,0,0,0,0,False,True,0,0.0,0.0,0.0,0,0,0.0
2025-01-17 22:00:00+08:00,8523.0,8528.0,8513.0,8515.0,6440.0,-5.1442844705361495,-5.5125338616900486,0.3682493911538991,2,0,-617.1940403955232,20.112384875481098,-637.3064252710043,4,0,43.656526204248486,-6.898963988339247,0.0,2,0,0.0,0,0,0,0,0,0,False,True,0,0.0,0.0,0.0,0,0,0.0
2025-01-17 22:05:00+08:00,8515.0,8515.0,8503.0,8510.0,9740.0,-6.313262618245062,-5.779703350101099,-0.5335592681439634,4,-1,-250.33390787403096,-69.82550775008272,-180.50840012394823,4,0,36.095733340725616,-7.72127883964847,0.0,2,0,0.0,0,0,0,0,0,0,True,False,0,0.0,0.0,0.0,0,0,0.0
2025-01-17 22:10:00+08:00,8509.0,8512.0,8500.0,8504.0,5107.0,-7.764043048908206,-6.441235810584202,-1.3228072383240042,4,0,-575.394456812337,-238.37300443945642,-337.0214523728806,4,0,28.719767532053517,-9.076283818649294,0.0,4,-1,0.0,0,0,0,0,0,0,True,False,0,0.0,0.0,0.0,0,0,0.0
2025-01-17 22:15:00+08:00,8504.0,8511.0,8498.0,8498.0,4309.0,-9.382748763486234,-7.421993378359099,-1.9607553851271344,4,0,-893.3089813825381,-456.71576545902906,-436.5932159235091,4,0,21.457837320511914,-10.779297369037003,0.0,4,0,0.0,0,0,0,0,0,0,True,False,0,0.0,0.0,0.0,0,0,0.0
2025-01-17 22:20:00+08:00,8498.0,8503.0,8489.0,8494.0,6708.0,-10.831501663305971,-8.558976736598423,-2.2725249267075487,4,0,-793.3218875452194,-568.7888637548327,-224.53302379038666,4,0,15.582310476652978,-12.49416508414852,0.0,4,0,0.0,0,0,0,0,0,0,True,False,0,0.0,0.0,0.0,0,0,0.0
2025-01-17 22:25:00+08:00,8494.0,8494.0,8484.0,8490.0,6346.0,-12.129475610445297,-9.749314100279472,-2.3801615101658253,4,0,-752.301031351838,-630.0105518625937,-122.29047948924426,4,0,10.49952618503399,-14.074135979234526,0.0,4,0,0.0,0,0,0,0,0,0,True,False,0,0.0,0.0,0.0,0,0,0.0
2025-01-17 22:30:00+08:00,8488.0,8495.0,8480.0,8491.0,7531.0,-12.659399257237965,-10.71968757716139,-1.9397116800765755,4,0,-557.151925871035,-605.871623090455,48.71969721942003,3,1,10.71542437150664,-14.872094425460912,0.0,4,0,0.0,0,0,0,0,0,0,True,False,0,0.0,0.0,0.0,0,0,0.0
2025-01-17 22:35:00+08:00,8491.0,8499.0,8486.0,8491.0,5944.0,-12.76404317815286,-11.401089098428084,-1.3629540797247763,4,0,-609.5841830731015,-607.2490586477849,-2.3351244253166215,4,-1,11.478334044334474,-15.030548108888837,0.0,4,0,0.0,0,0,0,0,0,0,True,False,0,0.0,0.0,0.0,0,0,0.0
2025-01-17 22:40:00+08:00,8492.0,8499.0,8490.0,8498.0,4252.0,-11.678501701611822,-11.493378548185708,-0.18512315342611352,4,0,-848.4446634765454,-687.763710529405,-160.68095294714044,4,0,16.409255593858855,-14.19887620750054,0.0,4,0,0.0,0,0,0,0,0,0,True,False,0,0.0,0.0,0.0,0,0,0.0
2025-01-17 22:45:00+08:00,8498.0,8512.0,8496.0,8510.0,6579.0,-9.143496504371797,-10.709820176074524,1.5663236717027278,2,1,-703.1938924445703,-693.1008214339071,-10.093071010663266,4,0,26.75916320387138,-12.002827105935655,0.0,2,1,0.0,0,0,0,0,0,0,False,True,0,0.0,0.0,0.0,0,0,0.0
2025-01-17 22:50:00+08:00,8510.0,8512.0,8501.0,8503.0,3940.0,-8.055038935766788,-9.824742779393135,1.7697038436263473,2,0,-921.1306881309529,-769.1882714794395,-151.94241665151333,4,0,27.72027213294136,-10.0855544948117,0.0,2,0,0.0,0,0,0,0,0,0,False,True,0,0.0,0.0,0.0,0,0,0.0
2025-01-17 22:55:00+08:00,8503.0,8517.0,8502.0,8517.0,6497.0,-5.3406999303733755,-8.329821162251019,2.9891212318776432,2,0,-730.3506807942886,-756.3496333086879,25.99895251439932,3,1,36.00544602172334,-7.4783623032522435,0.0,2,0,0.0,0,0,0,0,0,0,False,True,0,0.0,0.0,0.0,0,0,0.0
2025-01-20 09:00:00+08:00,8534.0,8586.0,8534.0,8553.0,37806.0,1.2538745118927181,-5.135045628370719,6.388920140263437,2,0,3395.0516527115724,627.3175080890861,2767.7341446224864,2,0,55.417659478156786,-3.023822036171296,0.0,2,0,0.0,0,0,0,0,0,0,False,True,0,0.0,0.0,0.0,0,0,0.0
2025-01-20 09:05:00+08:00,8554.0,8562.0,8544.0,8552.0,9670.0,5.740741885780153,-1.5098416172332931,7.250583503013447,2,0,2653.5459836207447,1302.727650829945,1350.8183327907996,2,0,64.97140493608353,1.3880398767427735,0.0,2,0,0.0,0,0,0,0,0,0,False,True,0,0.0,0.0,0.0,0,0,0.0
2025-01-20 09:10:00+08:00,8551.0,8568.0,8551.0,8558.0,8122.0,9.53882969316146,2.173241365674644,7.365588327486817,2,0,1879.0603913839786,1494.8818393362437,384.1785520477349,2,0,71.40919781370424,5.276344545758505,0.0,2,0,0.0,0,0,0,0,0,0,False,True,0,0.0,0.0,0.0,0,0,0.0
2025-01-20 09:15:00+08:00,8556.0,8571.0,8554.0,8567.0,7391.0,13.152520046429345,5.833136447161267,7.319383599268078,2,0,1201.3255486683356,1396.9396491104746,-195.61410044213903,1,-1,78.58249206089697,8.794179097662486,0.0,2,100,0.0,0,0,0,0,0,0,False,True,0,0.0,0.0,0.0,0,0,0.0
2025-01-20 09:20:00+08:00,8567.0,8575.0,8545.0,8554.0,9452.0,13.76661644849628,8.477999300295359,5.28861714820092,2,0,960.6447995270828,1251.395366671692,-290.75056714460925,1,0,74.97725183687646,10.611321418408863,0.0,2,0,0.0,0,0,0,0,0,0,False,True,0,0.0,0.0,0.0,0,0,0.0
2025-01-20 09:25:00+08:00,8554.0,8556.0,8546.0,8556.0,3617.0,14.161863852208626,10.373369469774323,3.788494382434303,2,0,30.046411571776844,844.2409177554568,-814.19450618368,4,0,73.07693096933912,11.453601722281945,0.0,2,0,0.0,0,0,0,0,0,0,False,True,0,0.0,0.0,0.0,0,0,0.0
2025-01-20 09:30:00+08:00,8556.0,8558.0,8543.0,8547.0,4551.0,12.997529421603758,11.248772196835475,1.7487572247682834,2,0,-506.84138009082017,393.86026781562293,-900.7016479064431,4,0,67.51482334304649,11.08708272376726,0.0,2,0,0.0,0,0,0,0,0,0,False,True,0,0.0,0.0,0.0,0,0,0.0
2025-01-20 09:35:00+08:00,8546.0,8558.0,8543.0,8556.0,4749.0,13.045741849964543,11.848089377687495,1.1976524722770474,2,0,-848.4732093144194,-19.97847925639337,-828.494730058026,4,0,69.21716351904129,10.831046548039659,0.0,2,0,0.0,0,0,0,0,0,0,False,True,0,0.0,0.0,0.0,0,0,0.0
2025-01-20 09:40:00+08:00,8556.0,8571.0,8556.0,8563.0,6201.0,13.692534781584982,12.463231065809001,1.2293037157759805,2,0,-886.6255910750351,-308.7263053602094,-577.8992857148257,4,0,74.40827593355998,11.077971997456068,0.0,2,0,0.0,0,0,0,0,0,0,False,True,0,0.0,0.0,0.0,0,0,0.0
2025-01-20 09:45:00+08:00,8562.0,8569.0,8558.0,8561.0,3402.0,13.603877238092537,12.843653053952012,0.7602241841405242,2,0,-1250.135669031587,-622.4230045435609,-627.7126644880261,4,0,76.14949624649918,11.229130613371716,0.0,2,0,0.0,0,0,0,0,0,0,False,True,0,0.0,0.0,0.0,0,0,0.0
2025-01-20 09:50:00+08:00,8561.0,8580.0,8558.0,8576.0,5868.0,15.158202880438694,13.615204469977753,1.5429984104609407,2,2,-1166.362103239533,-803.675482192362,-362.6866210471711,4,0,84.45889936376663,12.153796284130259,0.0,2,10,0.0,0,0,0,0,0,0,False,True,0,0.0,0.0,0.0,0,0,0.0
2025-01-20 09:55:00+08:00,8576.0,8601.0,8572.0,8594.0,11370.0,18.21676914096315,15.148970506005496,3.067798634957656,2,0,-383.81383792370525,-663.4459141464723,279.63207622276707,3,1,90.97787369534166,13.377075147635686,0.0,2,0,0.0,0,0,0,0,0,0,False,True,0,0.0,0.0,0.0,0,0,0.0
2025-01-20 10:00:00+08:00,8593.0,8598.0,8585.0,8590.0,8464.0,19.475852061295882,16.591414683825246,2.884437377470636,2,0,-194.21704417351611,-507.001522740893,312.7844785673769,2,0,91.93418343506127,14.083072589451149,0.0,2,0,0.0,0,0,0,0,0,0,False,True,0,0.0,0.0,0.0,0,0,0.0
2025-01-20 10:05:00+08:00,8589.0,8590.0,8583.0,8588.0,5230.0,19.695731351524955,17.62631649600988,2.069414855515074,2,0,-467.3705429039619,-493.78021928849034,26.40967638452844,2,0,90.79784444188051,14.135823156033254,0.0,2,0,0.0,0,0,0,0,0,0,False,True,0,0.0,0.0,0.0,0,0,0.0
2025-01-20 10:10:00+08:00,8588.0,8595.0,8577.0,8580.0,7056.0,18.417776598027558,17.890264636187897,0.5275119618396609,2,0,-417.8244163270265,-468.45233391316157,50.627917586135084,2,0,86.28712391130185,13.309084652851396,0.0,2,0,0.0,0,0,0,0,0,0,False,True,0,0.0,0.0,0.0,0,0,0.0
2025-01-20 10:30:00+08:00,8580.0,8610.0,8577.0,8591.0,8662.0,18.526008862829258,18.10274808249621,0.4232607803330488,2,0,-170.11745563164277,-368.94245885203014,198.82500322038737,2,0,85.30885640491489,12.309917902589248,0.0,4,-1,0.0,0,0,0,0,0,0,True,True,0,0.0,0.0,0.0,0,0,0.0
2025-01-20 10:35:00+08:00,8593.0,8604.0,8591.0,8603.0,4510.0,19.7341823478655,18.647268161504762,1.0869141863607368,2,2,-519.5764507575359,-419.2279685595283,-100.34848219800762,1,-1,90.3240550833796,11.987284580988813,0.0,4,0,0.0,0,0,0,0,0,0,False,True,0,0.0,0.0,0.0,0,0,0.0
2025-01-20 10:40:00+08:00,8604.0,8607.0,8577.0,8581.0,9229.0,17.373136267999143,18.223167705770027,-0.850031437770884,4,-1,-155.31219251960192,-331.3646727474561,176.05248022785418,2,1,83.88067770298463,10.665370872405632,0.0,4,0,0.0,0,0,0,0,0,-5,True,False,0,8581.0,0.0,0.0,0,0,0.0
2025-01-20 10:45:00+08:00,8581.0,8596.0,8580.0,8596.0,4966.0,17.24888195796484,17.899016716606337,-0.6501347586414958,4,0,-437.1123963506998,-366.78054503182756,-70.33185131887222,1,-1,86.13136075857787,9.794031404386189,0.0,4,0,0.0,0,0,0,0,0,0,True,False,-1,8581.0,0.0,0.0,0,0,0.0
2025-01-20 10:50:00+08:00,8595.0,8595.0,8582.0,8585.0,4226.0,15.399623998171592,17.06641824519924,-1.6667942470276493,4,0,-720.094046095347,-484.6445485850134,-235.44949751033363,4,0,83.35249453874054,8.60844343903483,0.0,4,0,0.0,0,0,0,0,0,0,True,False,-1,8581.0,0.0,0.0,0,0,0.0
2025-01-20 10:55:00+08:00,8585.0,8588.0,8569.0,8572.0,6432.0,12.121746759399684,15.41876164879301,-3.297014889393326,4,0,-623.9320064027534,-531.2110472526264,-92.72095915012699,4,0,76.01717222360202,6.646637830061621,0.0,4,0,0.0,0,0,0,0,0,0,True,False,-1,8581.0,0.0,0.0,0,0,0.0
2025-01-20 11:00:00+08:00,8572.0,8573.0,8556.0,8563.0,9222.0,8.415573113694336,13.084697225899598,-4.669124112205262,4,0,-188.69593561974852,-417.07536299104635,228.37942737129782,2,1,68.30656527724722,4.140642470259138,0.0,4,0,0.0,0,0,0,0,0,0,True,False,-1,8581.0,0.0,0.0,0,0,0.0
2025-01-20 11:05:00+08:00,8562.0,8581.0,8560.0,8580.0,4851.0,7.788038734564907,11.319300648752769,-3.531261914187862,4,0,-433.36457457071083,-422.432147357147,-10.932427213563813,1,-1,71.98926854033124,2.7646380450269135,0.0,4,0,0.0,0,0,0,0,0,0,True,False,-1,8581.0,0.0,0.0,0,0,0.0
2025-01-20 11:10:00+08:00,8580.0,8580.0,8566.0,8572.0,2898.0,6.16588078098539,9.601745793939314,-3.435865012953924,4,0,-844.4011907040976,-563.0636068121487,-281.33758389194895,4,0,71.52739641702368,1.6774618680516085,0.0,4,0,0.0,0,0,0,0,0,0,True,False,-1,8581.0,0.0,0.0,0,0,0.0
2025-01-20 11:15:00+08:00,8572.0,8578.0,8570.0,8571.0,2712.0,4.767581890208021,7.9912056861149985,-3.2236237959069776,4,0,-1139.0755806799853,-754.7479702919354,-384.32761038804983,4,0,70.54735317203945,0.7486780043640096,0.0,4,0,0.0,0,0,0,0,0,0,True,False,-1,8581.0,0.0,0.0,0,0,0.0
2025-01-20 11:20:00+08:00,8570.0,8573.0,8560.0,8567.0,5256.0,3.1747223133570515,6.3863391735696196,-3.211616860212568,4,0,-999.4126436530987,-836.174325010793,-163.23831864230567,4,0,68.36084905820773,-0.1872334989150204,0.0,4,0,0.0,0,0,0,0,0,0,True,False,-1,8581.0,0.0,0.0,0,0,0.0
2025-01-20 13:30:00+08:00,8586.0,8592.0,8579.0,8592.0,9271.0,5.410208828467148,5.45112602878043,-0.04091720031328183,4,0,-497.4058677987532,-807.9134208414393,310.50755304268614,2,1,80.69346599005476,0.6842516060669226,0.0,4,0,0.0,0,0,0,0,0,0,True,False,0,8581.0,0.0,0.0,0,0,0.0
2025-01-20 13:35:00+08:00,8592.0,8592.0,8586.0,8587.0,4370.0,5.9080039180589665,5.603691918320654,0.3043119997383128,3,1,-603.1852370067127,-739.7553373902039,136.5701003834912,2,0,82.59273143955137,1.5818312362003866,0.0,3,1,0.0,0,0,0,0,2,0,False,True,0,8587.0,0.0,0.0,0,0,0.0
2025-01-20 13:40:00+08:00,8589.0,8591.0,8569.0,8572.0,5665.0,4.228439291260656,5.145425454959196,-0.9169861636985397,4,-1,-500.51973646641454,-660.1762436882801,159.65650722186558,2,0,76.4192680857058,1.3954985475321564,0.0,2,0,0.0,0,0,0,0,0,0,True,False,1,0.0,0.0,0.0,0,0,0.0
2025-01-20 13:45:00+08:00,8572.0,8575.0,8562.0,8565.0,4285.0,2.0677941517405998,4.1193395504823425,-2.0515453987417427,4,0,-592.8385469969944,-637.784701831819,44.9461548348246,2,0,69.6659451946797,0.367379054011991,0.0,4,-1,0.0,0,0,0,0,0,0,True,False,0,0.0,0.0,0.0,0,0,0.0
2025-01-20 13:50:00+08:00,8565.0,8567.0,8560.0,8563.0,3344.0,0.24951888506802788,2.829152751803785,-2.5796338667357572,4,0,-764.4763012358208,-679.8031328161924,-84.67316841962838,4,-1,65.57651566644583,-0.866333104113437,0.0,4,0,0.0,0,0,0,0,0,0,True,False,0,0.0,0.0,0.0,0,0,0.0
2025-01-20 13:55:00+08:00,8563.0,8571.0,8560.0,8569.0,3752.0,-0.27331995906752127,1.794863363865487,-2.068183322933008,4,0,-817.4975784969829,-725.7491828954162,-91.7483956015667,4,0,66.54094428122733,-1.597355948069918,0.0,4,-100,0.0,0,0,0,0,0,0,True,False,0,0.0,0.0,0.0,0,0,0.0
2025-01-20 14:00:00+08:00,8569.0,8570.0,8552.0,8559.0,6172.0,-1.9055966879896005,0.5609975391623516,-2.466594227151952,4,0,-530.2454461482539,-660.6555994632187,130.41015331496476,2,1,63.29648481622024,-2.502515011332619,0.0,4,0,0.0,0,0,0,0,0,0,True,False,0,0.0,0.0,0.0,0,0,0.0
2025-01-20 14:05:00+08:00,8558.0,8561.0,8549.0,8551.0,6054.0,-4.030069799782723,-0.969924733715309,-3.060145066067414,4,0,-331.79297795307957,-551.0233961632899,219.23041821021036,2,0,56.78073924049801,-3.896176427148589,0.0,4,0,0.0,0,0,0,0,0,0,True,False,0,0.0,0.0,0.0,0,0,0.0
2025-01-20 14:10:00+08:00,8552.0,8556.0,8547.0,8556.0,4360.0,-4.804812641647004,-2.2486205798103764,-2.5561920618366276,4,0,-400.1589196829036,-500.65982365497416,100.50090397207055,2,0,54.89158115387032,-5.034574196993333,0.0,4,0,0.0,0,0,0,0,0,0,True,False,0,0.0,0.0,0.0,0,0,0.0
2025-01-20 14:15:00+08:00,8555.0,8560.0,8553.0,8558.0,2758.0,-4.99455488678359,-3.1644392581154683,-1.8301156286681213,4,0,-643.3285918284419,-548.2514165701473,-95.07717525829457,1,-1,54.201856902573326,-5.796501111600577,0.0,4,0,0.0,0,0,0,0,0,0,True,False,0,0.0,0.0,0.0,0,0,0.0
2025-01-20 14:20:00+08:00,8557.0,8558.0,8548.0,8550.0,2851.0,-6.038247125388807,-4.122771389079122,-1.915475736309685,4,0,-788.9893868369718,-628.4934752161753,-160.4959116207965,4,0,48.839587771864494,-6.898549264009361,0.0,4,-10,0.0,0,0,0,0,0,0,True,False,0,0.0,0.0,0.0,0,0,0.0
2025-01-20 14:25:00+08:00,8550.0,8554.0,8532.0,8538.0,7890.0,-8.168951086712696,-5.472028162950891,-2.6969229237618046,4,-2,-234.9839721964372,-497.380081488355,262.3961092919178,2,1,39.47314621297609,-8.710868792453297,0.0,4,0,0.0,0,0,0,0,0,0,True,False,0,0.0,0.0,0.0,0,0,0.0
2025-01-20 14:30:00+08:00,8538.0,8547.0,8538.0,8544.0,4701.0,-8.73359678297129,-6.559680530307066,-2.173916252664224,4,0,-245.12530244322807,-413.3556830721597,168.23038062893164,2,0,24.79263216923939,-11.665064871185074,0.0,4,0,0.0,0,0,0,0,0,0,True,False,0,0.0,0.0,0.0,0,0,0.0
2025-01-20 14:35:00+08:00,8543.0,8547.0,8538.0,8546.0,3051.0,-8.692185253632488,-7.270923468536673,-1.4212617850958145,4,0,-456.62815641170073,-427.85528152391436,-28.772874887786372,1,-1,18.937732266753898,-14.263091374038595,0.0,4,0,0.0,0,0,0,0,0,0,True,False,0,0.0,0.0,0.0,0,0,0.0
2025-01-20 14:40:00+08:00,8548.0,8548.0,8539.0,8541.0,3115.0,-9.114151569272508,-7.885788999376181,-1.2283625698963272,4,0,-587.6968028376014,-481.2172155001014,-106.47958733749994,4,0,13.695376341844476,-16.439710185241303,0.0,4,0,0.0,0,0,0,0,0,0,True,False,0,0.0,0.0,0.0,0,0,0.0
2025-01-20 14:45:00+08:00,8540.0,8558.0,8539.0,8548.0,5565.0,-8.329824667885987,-8.03463618010809,-0.29518848777789763,4,0,-356.38511649608427,-439.6735451918856,83.28842869580131,2,1,16.488395172854332,-17.26044006936545,0.0,4,0,0.0,0,0,0,0,0,0,True,False,0,0.0,0.0,0.0,0,0,0.0
2025-01-20 14:50:00+08:00,8548.0,8552.0,8539.0,8541.0,4031.0,-8.49062501163462,-8.187410725187993,-0.30321428644662696,4,0,-380.8032884888207,-420.048083956021,39.24479546720028,2,0,13.774372914979525,-17.800963430186123,0.0,4,0,0.0,0,0,0,0,0,0,True,False,0,0.0,0.0,0.0,0,0,0.0
2025-01-20 14:55:00+08:00,8543.0,8549.0,8539.0,8543.0,4965.0,-8.169308747545074,-8.18122787930678,0.011919131761706225,3,1,-271.01614812054686,-370.081907073485,99.06575895293815,2,0,13.491384331580647,-17.81979327253797,0.0,4,0,0.0,0,0,0,0,0,0,False,True,0,0.0,0.0,0.0,0,0,0.0
2025-01-20 21:00:00+08:00,8541.0,8570.0,8532.0,8547.0,19124.0,-7.26252828788347,-7.875030965798889,0.612502677915419,2,0,1609.7797482189717,289.94193475743083,1319.837813461541,2,0,16.51693280602886,-17.060334240285073,0.0,4,0,0.0,0,0,0,0,0,0,False,True,0,0.0,0.0,0.0,0,0,0.0
2025-01-20 21:05:00+08:00,8547.0,8557.0,8547.0,8549.0,7339.0,-6.216391463629407,-7.321843819757221,1.105452356127814,2,0,1402.684155362018,660.8718895285915,741.8122658334264,2,0,19.736832764057937,-15.757714008010431,0.0,3,1,0.0,0,0,0,0,0,0,False,True,0,0.0,0.0,0.0,0,0,0.0
2025-01-20 21:10:00+08:00,8549.0,8550.0,8526.0,8536.0,14625.0,-6.999634810310454,-7.214373431271492,0.21473862096103868,2,0,2152.424341952441,1158.0256555885119,994.3986863639291,2,0,15.78376656705304,-14.997792881940065,0.0,2,0,0.0,0,0,0,0,0,0,False,True,0,0.0,0.0,0.0,0,0,0.0
2025-01-20 21:15:00+08:00,8536.0,8552.0,8532.0,8545.0,8119.0,-6.259970172217436,-6.896337504090405,0.636367331872969,2,0,1808.308301632699,1374.7644896500865,433.5438119826126,2,0,19.15795963131022,-13.714089685020117,0.0,2,0,0.0,0,0,0,0,0,0,False,True,0,0.0,0.0,0.0,0,0,0.0
2025-01-20 21:20:00+08:00,8545.0,8549.0,8536.0,8536.0,5067.0,-6.749853532022826,-6.847602083766309,0.09774855174348307,2,0,1140.2856077384859,1296.550072057403,-156.26446431891713,1,-1,15.506510323248975,-12.985250729131891,0.0,2,0,0.0,0,0,0,0,0,0,False,True,0,0.0,0.0,0.0,0,0,0.0
2025-01-20 21:25:00+08:00,8537.0,8547.0,8536.0,8542.0,4412.0,-6.189523412404014,-6.628030748516843,0.43850733611282866,2,0,562.966996848786,1052.0535579414013,-489.0865610926153,4,0,17.06691251957882,-11.999917508254036,0.0,2,0,0.0,0,0,0,0,0,0,False,True,0,0.0,0.0,0.0,0,0,0.0
2025-01-20 21:30:00+08:00,8541.0,8563.0,8533.0,8552.0,12079.0,-4.394311085721711,-5.883227966762126,1.4889168810404154,2,0,1118.4348016273898,1074.2575216235866,44.17728000380316,3,1,24.93050751080939,-10.052931460541313,0.0,2,0,0.0,0,0,0,0,0,0,False,True,0,0.0,0.0,0.0,0,0,0.0
2025-01-20 21:35:00+08:00,8552.0,8553.0,8537.0,8540.0,5698.0,-4.5618726193170005,-5.442645111165936,0.8807724918489352,2,0,675.2658310508723,941.2291552494189,-265.9633241985466,4,-1,21.30356938033314,-8.933695501610675,0.0,2,0,0.0,0,0,0,0,0,0,False,True,0,0.0,0.0,0.0,0,0,0.0
2025-01-20 21:40:00+08:00,8540.0,8557.0,8539.0,8556.0,6408.0,-2.5512409200673574,-4.478506785747122,1.9272658656797645,2,0,439.27216422572747,773.8846243909619,-334.61246016523444,4,0,29.007814809053155,-6.9855120105077155,0.0,2,0,0.0,0,0,0,0,0,0,False,True,0,0.0,0.0,0.0,0,0,0.0
2025-01-20 21:45:00+08:00,8555.0,8563.0,8549.0,8557.0,6474.0,-0.9556643930955033,-3.304235616345391,2.3485712232498877,2,0,272.3435040935965,606.7373769186161,-334.39387282501957,4,0,34.35710934556473,-4.801919818794314,0.0,2,0,0.0,0,0,0,0,0,0,False,True,0,0.0,0.0,0.0,0,0,0.0
2025-01-20 21:50:00+08:00,8558.0,8568.0,8552.0,8563.0,6270.0,0.9493419502614415,-1.8863253310269097,2.835667281288351,2,0,123.21934547625006,445.60241448102295,-322.3830690047729,4,0,41.45010551072144,-2.2709278593730318,0.0,2,0,0.0,0,0,0,0,0,0,False,True,0,0.0,0.0,0.0,0,0,0.0
2025-01-20 21:55:00+08:00,8563.0,8564.0,8553.0,8555.0,4056.0,1.2534192358725704,-0.8401873651940548,2.093606601066625,2,0,-265.3323778561471,208.78244379232933,-474.11482164847644,4,0,39.364098502979786,-0.7207840576957594,0.0,2,0,0.0,0,0,0,0,0,0,False,True,0,0.0,0.0,0.0,0,0,0.0
2025-01-20 22:00:00+08:00,8556.0,8561.0,8545.0,8547.0,5400.0,0.4250284114823444,-0.418766437843393,0.8437948493257375,2,0,-362.52235738651325,18.426893789013775,-380.949251175527,4,0,34.143751055975216,-0.28215325459656526,0.0,2,0,0.0,0,0,0,0,0,0,False,True,0,0.0,0.0,0.0,0,0,0.0
2025-01-20 22:05:00+08:00,8548.0,8548.0,8538.0,8543.0,5802.0,-0.6750381627971365,-0.5046176137901757,-0.1704205490069608,1,-1,-372.12711595697965,-111.6324372422211,-260.49467871475855,4,0,28.32960562536475,-0.7025064569951063,0.0,2,0,0.0,0,0,0,0,0,0,True,False,0,0.0,0.0,0.0,0,0,0.0
2025-01-20 22:10:00+08:00,8544.0,8559.0,8544.0,8559.0,4664.0,0.5966075045744219,-0.13812312172279878,0.7347306262972206,2,1,-515.4391553865762,-246.06336990357048,-269.37578548300576,4,0,39.628317846184245,0.4289664454677862,0.0,2,0,0.0,0,0,0,0,0,0,False,True,0,0.0,0.0,0.0,0,0,0.0
2025-01-20 22:15:00+08:00,8559.0,8576.0,8553.0,8571.0,8389.0,3.0027495911854203,0.908473828865405,2.094275762320015,2,0,-132.50106298775972,-208.20420326492373,75.70314027716401,3,1,56.75109792450599,3.3835762836012506,0.0,2,10,0.0,0,0,0,0,0,0,False,True,0,0.0,0.0,0.0,0,0,0.0
2025-01-20 22:20:00+08:00,8571.0,8572.0,8564.0,8570.0,5688.0,4.505571316669375,2.107361179486233,2.398210137183142,2,0,-203.2685764755961,-206.613477315516,3.344900839919916,3,0,64.48065982479304,6.3887296219559175,0.0,2,0,0.0,0,0,0,0,0,0,False,True,0,0.0,0.0,0.0,0,0,0.0
2025-01-20 22:25:00+08:00,8571.0,8589.0,8570.0,8586.0,15075.0,7.499434671850395,3.9045427562511454,3.5948919155992494,2,0,943.2803907866646,176.685361695296,766.5950290913686,2,0,80.48912777009438,10.388815795238827,0.0,2,0,0.0,0,0,0,0,0,0,False,True,0,0.0,0.0,0.0,0,0,0.0
2025-01-20 22:30:00+08:00,8586.0,8599.0,8582.0,8595.0,10090.0,10.590296615500847,6.132925195251676,4.457371420249171,2,0,1097.212436765626,483.6037922446581,613.608644520968,2,0,90.60713536086962,14.269980008147122,0.0,2,0,0.0,0,0,0,0,0,0,False,True,0,0.0,0.0,0.0,0,0,0.0
2025-01-20 22:35:00+08:00,8594.0,8608.0,8590.0,8594.0,15078.0,12.414395518793754,8.22674565892407,4.187649859869683,2,0,1815.6181684012172,927.5816804366666,888.0364879645506,2,0,88.08124918077743,16.39010593721006,0.0,2,0,0.0,0,0,0,0,0,0,False,True,0,0.0,0.0,0.0,0,0,0.0
2025-01-20 22:40:00+08:00,8594.0,8598.0,8589.0,8594.0,5640.0,13.435286994406852,9.962928316342483,3.472358678064369,2,0,1084.1895710056615,979.6967477336331,104.49282327202843,2,0,85.39142193070191,17.178191412239414,0.0,2,0,0.0,0,0,0,0,0,0,False,True,0,0.0,0.0,0.0,0,0,0.0
2025-01-20 22:45:00+08:00,8593.0,8603.0,8589.0,8602.0,6670.0,14.885359800691731,11.603870616505391,3.2814891841863396,2,0,677.2810536785437,878.7792233507901,-201.49816967224638,1,-1,89.35807195235094,17.8735944648938,0.0,2,0,0.0,0,0,0,0,0,0,False,True,0,0.0,0.0,0.0,0,0,0.0
2025-01-20 22:50:00+08:00,8602.0,8602.0,8591.0,8593.0,4660.0,14.447741479581964,12.551791293877391,1.8959501857045726,2,0,121.30565559736715,626.1444307756898,-504.83877517832263,4,0,85.69138858281275,17.506413950326753,0.0,2,0,0.0,0,0,0,0,0,0,False,True,0,0.0,0.0,0.0,0,0,0.0
2025-01-20 22:55:00+08:00,8593.0,8599.0,8584.0,8587.0,7130.0,13.07201010562494,12.72507539155809,0.34693471406685106,2,0,41.15371584448985,431.0419288360048,-389.88821299151493,4,0,79.09469684090712,16.047665898837664,0.0,2,0,0.0,0,0,0,0,0,0,False,True,0,0.0,0.0,0.0,0,0,0.0
2025-01-21 09:00:00+08:00,8576.0,8576.0,8489.0,8496.0,56066.0,0.2715793834595388,8.5737108698589,-8.302131486399361,4,-1,6197.985889395884,2353.284839426889,3844.7010499689954,2,1,37.627647941446035,9.423326653633183,0.0,4,-1,0.0,0,0,0,0,0,-1,True,False,0,8496.0,0.0,0.0,0,0,0.0
2025-01-21 09:05:00+08:00,8495.0,8532.0,8494.0,8524.0,19768.0,-5.186048587353071,3.9872258431560637,-9.173274430509135,4,0,5790.1071023709865,3498.8175659110425,2291.289536459944,2,0,27.88544166876042,3.3123537589221,0.0,4,0,0.0,0,0,0,0,0,0,True,False,-1,8496.0,0.0,0.0,0,0,0.0
2025-01-21 09:10:00+08:00,8524.0,8541.0,8523.0,8530.0,12861.0,-8.155031677291845,-0.060200730549354375,-8.09483094674249,4,0,4503.439782813111,3833.6146954409974,669.825087372114,2,0,29.540834180225765,-0.8401790044433568,0.0,4,0,0.0,0,0,0,0,0,0,True,False,-1,8496.0,0.0,0.0,0,0,0.0
2025-01-21 09:15:00+08:00,8529.0,8557.0,8527.0,8550.0,11508.0,-7.532130103692907,-2.5509334551055387,-4.981196648587368,4,0,3330.8432791592422,3665.9237537145987,-335.08047455535643,1,-1,41.154665850960015,-2.2658764370753985,0.0,4,0,0.0,0,0,0,0,0,0,True,False,-1,8496.0,0.0,0.0,0,0,0.0
2025-01-21 09:20:00+08:00,8551.0,8582.0,8548.0,8575.0,18483.0,-3.7595262324375653,-2.9536318375120962,-0.8058943949254691,4,0,3320.901085475294,3550.836245073015,-229.93515959772094,1,0,59.49626675096015,-0.8918897449043968,0.0,4,0,0.0,0,0,0,0,0,0,True,False,-1,8496.0,0.0,0.0,0,0,0.0
2025-01-21 09:25:00+08:00,8576.0,8592.0,8576.0,8579.0,10178.0,-0.5171588680732384,-2.1412809117808695,1.6241220437076311,2,1,2189.0341501143084,3096.855165343428,-907.8210152291194,4,0,70.68967693183117,1.5159599099632075,0.0,4,0,0.0,0,0,0,0,0,0,False,True,-1,0.0,0.0,0.0,0,0,0.0
2025-01-21 09:30:00+08:00,8578.0,8582.0,8558.0,8562.0,10975.0,-0.3830787983642949,-1.5548773534900397,1.1717985551257448,2,0,1447.374210918244,2546.9555907819713,-1099.5813798637273,4,0,67.1850896087751,2.721879746320141,0.0,3,1,0.0,0,0,0,0,0,0,False,True,0,0.0,0.0,0.0,0,0,0.0
2025-01-21 09:35:00+08:00,8561.0,8571.0,8560.0,8566.0,4054.0,0.22726141793827992,-0.9606222789799451,1.1878836969182252,2,0,16.128086249485932,1703.4319451640472,-1687.3038589145613,4,0,65.76985165106908,3.3310928369635207,0.0,2,0,0.0,0,0,0,0,0,0,False,True,0,0.0,0.0,0.0,0,0,0.0
2025-01-21 09:40:00+08:00,8566.0,8575.0,8562.0,8565.0,4441.0,0.5250936678385187,-0.465102246273826,0.9901959141123448,2,0,-942.3218236746488,821.5075210016935,-1763.8293446763423,4,0,64.71088960007266,3.5726230636699015,0.0,2,0,0.0,0,0,0,0,0,0,False,True,0,0.0,0.0,0.0,0,0,0.0
2025-01-21 09:45:00+08:00,8565.0,8568.0,8558.0,8563.0,3444.0,0.46938808001686994,-0.15358252038958098,0.6229706004064509,2,0,-1723.405766115653,-26.764009769422273,-1696.6417563462307,4,0,63.25613445481234,3.4586864540117404,0.0,2,0,0.0,0,0,0,0,0,0,False,True,0,0.0,0.0,0.0,0,0,0.0
2025-01-21 09:50:00+08:00,8562.0,8574.0,8560.0,8574.0,3466.0,1.816966355936529,0.5031797168780027,1.3137866390585264,2,0,-2233.6294764674412,-762.2108124198953,-1471.418664047546,4,0,67.64655716609902,3.8720205730124135,0.0,2,10,0.0,0,0,0,0,0,0,False,True,0,0.0,0.0,0.0,0,0,0.0
2025-01-21 09:55:00+08:00,8574.0,8576.0,8567.0,8567.0,3210.0,1.83850591522787,0.9487682843495088,0.8897376308783612,2,0,-2577.5561175489047,-1366.8584341893502,-1210.6976833595545,4,0,67.00723726400967,3.9860808034590605,0.0,2,0,0.0,0,0,0,0,0,0,False,True,0,0.0,0.0,0.0,0,0,0.0
2025-01-21 10:00:00+08:00,8567.0,8590.0,8566.0,8586.0,8796.0,4.2275682514246,2.042183671231101,2.185384580193499,2,2,-2056.079476022247,-1596.5951608857333,-459.4843151365137,4,0,75.06024439811233,4.991920235865848,0.0,2,10,0.0,0,0,0,0,0,0,False,True,0,0.0,0.0,0.0,0,0,0.0
2025-01-21 10:05:00+08:00,8588.0,8593.0,8583.0,8589.0,5919.0,6.200574063514068,3.4290002515364275,2.7715738119776407,2,0,-2010.9469448110613,-1734.7227554658537,-276.2241893452076,4,0,81.0619053120034,6.33707926366975,0.0,2,0,0.0,0,0,0,0,0,0,False,True,0,0.0,0.0,0.0,0,0,0.0
2025-01-21 10:10:00+08:00,8588.0,8601.0,8587.0,8587.0,7445.0,7.204192071227226,4.688308353044638,2.5158837181825877,2,0,-1742.7806969559306,-1737.3525428148062,-5.428154141124423,4,0,82.67516804020107,7.370067119687818,0.0,2,0,0.0,0,0,0,0,0,0,False,True,0,0.0,0.0,0.0,0,0,0.0
2025-01-21 10:30:00+08:00,8591.0,8595.0,8583.0,8588.0,4978.0,7.8849668171969824,5.75457947891599,2.1303873382809924,2,0,-1830.4641394633527,-1768.352970502989,-62.111168960363784,4,0,83.36436982204043,8.020976413752322,0.0,2,0,0.0,0,0,0,0,0,0,False,True,0,0.0,0.0,0.0,0,0,0.0
2025-01-21 10:35:00+08:00,8589.0,8591.0,8578.0,8583.0,5015.0,7.562298581367941,6.357773069478577,1.204525511889364,2,0,-1848.8559015327328,-1795.2772066968694,-53.578694835863416,4,0,81.17047943190292,8.031110017972011,0.0,2,0,0.0,0,0,0,0,0,0,False,True,0,0.0,0.0,0.0,0,0,0.0
2025-01-21 10:40:00+08:00,8583.0,8589.0,8576.0,8583.0,4752.0,7.175234888141858,6.630787605529162,0.5444472826126967,2,0,-1856.0786588625642,-1815.626251096582,-40.452407765982116,4,0,79.79481467158114,7.689313385603242,0.0,2,0,0.0,0,0,0,0,0,0,False,True,0,0.0,0.0,0.0,0,0,0.0
2025-01-21 10:45:00+08:00,8584.0,8612.0,8583.0,8597.0,12071.0,8.528896873825943,7.26401202882372,1.2648848450022223,2,2,-892.5251988309592,-1508.0295159058571,615.5043170748979,2,1,84.09949128477184,7.843850062015619,0.0,2,0,0.0,0,0,0,0,0,0,False,True,0,0.0,0.0,0.0,0,0,0.0
2025-01-21 10:50:00+08:00,8598.0,8598.0,8590.0,8597.0,3735.0,9.300996981035496,7.94343947013609,1.3575575108994062,2,0,-1254.084107627169,-1423.4287782566516,169.3446706294826,2,0,86.67337729081025,8.127546670937008,0.0,2,0,0.0,0,0,0,0,0,0,False,True,0,0.0,0.0,0.0,0,0,0.0
2025-01-21 10:55:00+08:00,8598.0,8600.0,8588.0,8590.0,3831.0,8.75850464379073,8.215383338495476,0.5431213052952533,2,0,-1469.7807011340847,-1438.9148499154473,-30.865851218637317,1,-1,84.52493058832513,7.89358236530812,0.0,2,0,0.0,0,0,0,0,0,0,False,True,0,0.0,0.0,0.0,0,0,0.0
2025-01-21 11:00:00+08:00,8588.0,8596.0,8588.0,8592.0,2589.0,8.445459901417053,8.29237320517722,0.15308669623983207,2,0,-1748.2134063390758,-1542.077764187823,-206.1356421512528,4,0,83.91397013708831,7.479795203659762,0.0,4,-1,0.0,0,0,0,0,0,0,True,True,0,0.0,0.0,0.0,0,0,0.0
2025-01-21 11:05:00+08:00,8591.0,8593.0,8582.0,8593.0,4422.0,8.173541389709499,8.25311358710282,-0.07957219739332189,1,-1,-1674.333059268317,-1586.1623848238362,-88.17067444448071,4,0,84.20870757540959,7.070169427792095,0.0,4,0,0.0,0,0,0,0,0,0,True,False,0,0.0,0.0,0.0,0,0,0.0
2025-01-21 11:10:00+08:00,8592.0,8601.0,8592.0,8598.0,4362.0,8.443931255573261,8.316809813775135,0.1271214417981259,2,1,-1594.541538767443,-1588.968995793864,-5.572542973578948,4,0,86.69210095517259,6.956232128345661,0.0,4,0,0.0,0,0,0,0,0,0,False,True,0,0.0,0.0,0.0,0,0,0.0
2025-01-21 11:15:00+08:00,8600.0,8606.0,8591.0,8594.0,4044.0,7.9473339401702106,8.193509009222574,-0.24617506905236297,4,-1,-1545.086787430616,-1574.4088804263708,29.32209299575493,3,1,86.26275828359057,6.687402377758332,0.0,4,0,0.0,0,0,0,0,0,-5,True,False,0,8594.0,0.0,0.0,0,0,0.0
2025-01-21 11:20:00+08:00,8594.0,8599.0,8586.0,8589.0,3274.0,6.794465100972957,7.726776722788336,-0.9323116218153791,4,0,-1575.3298044151288,-1574.7373716603836,-0.5924327547452322,4,-1,83.50015733441737,6.015563531563629,0.0,4,0,0.0,0,0,0,0,0,0,True,False,-1,8594.0,0.0,0.0,0,0,0.0
2025-01-21 13:30:00+08:00,8586.0,8598.0,8578.0,8594.0,7154.0,5.331887197728065,6.395698341882741,-1.063811144154676,4,0,-977.8913692040969,-1356.6918908489022,378.80052164480526,2,0,82.6036849849083,4.494388595843915,0.0,4,0,0.0,0,0,0,0,0,0,True,False,0,8594.0,0.0,0.0,0,0,0.0
2025-01-21 13:35:00+08:00,8593.0,8603.0,8591.0,8597.0,4585.0,5.599995018617847,6.129953701048733,-0.5299586824308866,4,0,-924.2069578041946,-1212.5396976767404,288.33273987254574,2,0,85.71096137551095,4.4538262242747635,0.0,4,0,0.0,0,0,0,0,0,0,True,False,0,8594.0,0.0,0.0,0,0,0.0
2025-01-21 13:40:00+08:00,8596.0,8631.0,8595.0,8630.0,13166.0,9.860496605193475,7.372954830329515,2.48754177486396,2,1,222.66700242170919,-734.251856862243,956.9188592839522,2,0,93.63241245372296,5.336385691423928,0.0,4,0,0.0,0,0,0,0,0,0,False,True,0,8594.0,0.0,0.0,0,0,0.0
2025-01-21 13:45:00+08:00,8632.0,8633.0,8615.0,8616.0,11118.0,10.871959495243573,8.538701752521114,2.3332577427224592,2,0,764.9530170076305,-234.60346169936798,999.5564787069984,2,0,91.63146955922912,5.587028618054674,0.0,3,1,0.0,0,0,0,0,0,0,False,True,0,8594.0,0.0,0.0,0,0,0.0
2025-01-21 13:50:00+08:00,8616.0,8624.0,8613.0,8623.0,6136.0,12.242680136250783,9.773049464173855,2.469630672076928,2,0,498.2751951431637,10.124140516257825,488.1510546269059,2,0,92.35007840991261,5.726981788513356,0.0,2,0,0.0,0,0,0,0,0,0,False,True,0,8594.0,0.0,0.0,0,0,0.0
2025-01-21 13:55:00+08:00,8623.0,8625.0,8618.0,8624.0,3708.0,13.074884404228214,10.873179045870312,2.201705358357902,2,0,-8.523384001154227,3.9912002205240924,-12.51458422167832,1,-1,93.28327606970674,5.84066001217974,0.0,2,0,0.0,0,0,0,0,0,0,False,True,0,8594.0,0.0,0.0,0,0,0.0
2025-01-21 14:00:00+08:00,8624.0,8631.0,8621.0,8625.0,5471.0,13.511000629287082,11.752287035561436,1.7587135937256466,2,0,-141.17724983041535,-44.4002886018525,-96.77696122856284,1,0,94.09578245490081,5.896528224385207,0.0,2,0,0.0,0,0,0,0,0,0,False,True,0,8594.0,0.0,0.0,0,0,0.0
2025-01-21 14:05:00+08:00,8625.0,8627.0,8614.0,8621.0,4771.0,13.023968572148078,12.176009823843549,0.8479587483045297,2,0,-320.46418485422964,-136.45759443219484,-184.0065904220348,4,0,92.89418341139863,5.683763957689678,0.0,4,0,0.0,0,0,0,0,0,0,False,True,0,8594.0,0.0,0.0,0,0,0.0
2025-01-21 14:10:00+08:00,8621.0,8623.0,8613.0,8615.0,4331.0,11.643417661165586,11.998084403977293,-0.3546667428117072,1,-1,-495.68967758152485,-256.20154046772336,-239.48813711380149,4,0,89.79415933721508,5.019115121075615,0.0,4,0,0.0,0,0,0,0,0,0,True,False,0,8594.0,0.0,0.0,0,0,0.0
2025-01-21 14:15:00+08:00,8614.0,8627.0,8602.0,8605.0,8961.0,9.155508142144754,11.050113937938768,-1.8946057957940141,4,0,-20.617368345084287,-177.71836784069274,157.10099949560845,2,1,84.287512044488,3.7448539651761905,0.0,4,0,0.0,0,0,0,0,0,0,True,False,0,8594.0,0.0,0.0,0,0,0.0
2025-01-21 14:20:00+08:00,8604.0,8612.0,8600.0,8602.0,7365.0,6.829959842532844,9.642977506042618,-2.8130176635097737,4,0,111.42479784441002,-81.40736853459526,192.8321663790053,2,0,80.3315305853786,2.268327479283897,0.0,4,0,0.0,0,0,0,0,0,0,True,False,0,8594.0,0.0,0.0,0,0,0.0
2025-01-21 14:25:00+08:00,8601.0,8609.0,8601.0,8603.0,3656.0,5.176076471187116,8.15385201309679,-2.977775541909674,4,0,-268.90880426741023,-143.87818653848745,-125.03061772892278,4,-1,79.07164103375528,1.0301139539340198,0.0,4,0,0.0,0,0,0,0,0,0,True,False,0,8594.0,0.0,0.0,0,0,0.0
2025-01-21 14:30:00+08:00,8604.0,8607.0,8597.0,8605.0,5018.0,4.1566006840239424,6.821261620396125,-2.664660936372183,4,0,-357.957197370818,-215.26126819855554,-142.69592917226245,4,0,79.59418247921533,0.18395074853681592,0.0,4,0,0.0,0,0,0,0,0,0,True,False,0,8594.0,0.0,0.0,0,0,0.0
2025-01-21 14:35:00+08:00,8605.0,8615.0,8601.0,8612.0,5216.0,4.23977152207226,5.96031395715643,-1.7205424350841696,4,0,-387.9319940575988,-272.8641846708298,-115.067809386769,4,0,82.49020913082651,-0.04157571523045078,0.0,4,0,0.0,0,0,0,0,0,0,True,False,0,8594.0,0.0,0.0,0,0,0.0
2025-01-21 14:40:00+08:00,8611.0,8616.0,8604.0,8606.0,5058.0,3.4466833415426663,5.122104598938557,-1.6754212573958904,4,0,-420.872920159004,-322.23085515913755,-98.64206499986648,4,0,78.87808386151292,-0.708199061799192,0.0,4,0,0.0,0,0,0,0,0,0,True,False,0,8594.0,0.0,0.0,0,0,0.0
2025-01-21 14:45:00+08:00,8606.0,8606.0,8593.0,8602.0,7201.0,2.3079101145831373,4.183975352634394,-1.8760652380512566,4,0,-162.94646960754835,-269.0918190494552,106.14534944190683,2,1,73.94067597824571,-1.8053871039392249,0.0,4,0,0.0,0,0,0,0,0,0,True,False,0,8594.0,0.0,0.0,0,0,0.0
2025-01-21 14:50:00+08:00,8602.0,8604.0,8594.0,8597.0,4262.0,0.8228435367764177,3.0636017869485803,-2.2407582501721626,4,0,-351.2194165814344,-296.45100731281497,-54.76840926861945,4,-1,64.23122334057689,-3.763246795043358,0.0,4,0,0.0,0,0,0,0,0,0,True,False,0,8594.0,0.0,0.0,0,0,0.0
2025-01-21 14:55:00+08:00,8597.0,8603.0,8592.0,8600.0,5777.0,0.1411845259808615,2.089325714246003,-1.9481411882651414,4,0,-283.8995749897422,-292.2597847063693,8.36020971662714,3,1,58.35144518036033,-5.831341817230651,0.0,4,0,0.0,0,0,0,0,0,0,True,False,0,8594.0,0.0,0.0,0,0,0.0
2025-01-21 21:00:00+08:00,8581.0,8600.0,8574.0,8577.0,18492.0,-3.262364889094897,0.3050978426875002,-3.5674627317823973,4,0,1384.1141939604486,266.5642950275449,1117.5498989329037,2,0,39.044698409696146,-9.591528592021177,0.0,4,0,0.0,0,0,0,0,0,0,True,False,0,8594.0,0.0,0.0,0,0,0.0
2025-01-21 21:05:00+08:00,8577.0,8589.0,8571.0,8586.0,10369.0,-4.445327464643924,-1.2784239173577465,-3.1669035472861777,4,0,1497.1267845064094,676.7871672813044,820.339617225105,2,0,35.48287010192481,-12.485754277657243,0.0,4,0,0.0,0,0,0,0,0,0,True,False,0,8594.0,0.0,0.0,0,0,0.0
2025-01-21 21:10:00+08:00,8586.0,8598.0,8578.0,8592.0,7847.0,-4.421522326969352,-2.3259034626976787,-2.0956188642716738,4,0,1224.6368942530744,859.3583860048843,365.27850824819006,2,0,40.025970187585855,-13.674086581057466,0.0,4,0,0.0,0,0,0,0,0,0,True,False,0,8594.0,0.0,0.0,0,0,0.0
2025-01-21 21:15:00+08:00,8591.0,8598.0,8587.0,8592.0,6363.0,-4.311556747961731,-2.9879559879181525,-1.3236007600435786,4,0,818.5940715588058,845.8022106720756,-27.208139113269795,1,-1,43.170024714829665,-13.83392791781101,0.0,4,0,0.0,0,0,0,0,0,0,True,False,0,8594.0,0.0,0.0,0,0,0.0
2025-01-21 21:20:00+08:00,8592.0,8596.0,8588.0,8594.0,3701.0,-3.8888772333521047,-3.288320824956213,-0.6005564083958919,4,0,177.52640066131153,623.0895858207184,-445.5631851594069,4,0,45.3110584594553,-13.39225552952714,0.0,4,0,0.0,0,0,0,0,0,0,True,False,0,8594.0,0.0,0.0,0,0,0.0
2025-01-21 21:25:00+08:00,8594.0,8596.0,8584.0,8586.0,5476.0,-4.525019376800628,-3.700612175334562,-0.8244072014660664,4,0,-52.009734868123815,398.04175295169296,-450.05148781981677,4,0,36.95852266719756,-13.883819514562987,0.0,4,0,0.0,0,0,0,0,0,0,True,False,0,8594.0,0.0,0.0,0,0,0.0
2025-01-21 21:30:00+08:00,8586.0,8589.0,8579.0,8586.0,5116.0,-4.87704267578556,-4.092927479015321,-0.7841151967702391,4,0,-258.1410918758156,179.30979900086422,-437.45089087667986,4,0,32.01186211805351,-14.549991387649321,0.0,4,0,0.0,0,0,0,0,0,0,True,False,0,8594.0,0.0,0.0,0,0,0.0
2025-01-21 21:35:00+08:00,8586.0,8594.0,8573.0,8579.0,7221.0,-5.910658802282342,-4.6991815183019146,-1.211477283980427,4,-2,-130.379818922529,76.12488052306966,-206.50469944559867,4,0,20.656653447420787,-16.136184481466785,0.0,4,-10,0.0,0,0,0,0,0,0,True,False,0,8594.0,0.0,0.0,0,0,0.0
2025-01-21 21:40:00+08:00,8580.0,8583.0,8576.0,8582.0,3941.0,-6.131630740521359,-5.176612757940778,-0.9550179825805811,4,0,-454.23781420320574,-100.64218824986204,-353.5956259533437,4,0,17.480741562144782,-17.319372076034874,0.0,4,0,0.0,0,0,0,0,0,0,True,False,0,8594.0,0.0,0.0,0,0,0.0
2025-01-21 21:45:00+08:00,8581.0,8583.0,8574.0,8580.0,4493.0,-6.411503498438833,-5.588366671737506,-0.8231368267013268,4,0,-602.4810647561371,-267.9543273456061,-334.52673741053104,4,0,15.142438042393469,-18.051683822180443,0.0,4,0,0.0,0,0,0,0,0,0,True,False,0,8594.0,0.0,0.0,0,0,0.0
2025-01-21 21:50:00+08:00,8579.0,8580.0,8557.0,8565.0,11825.0,-8.377486470573785,-6.518138441078773,-1.8593480294950124,4,-2,236.99959355223473,-99.66029625083775,336.6598898030725,2,1,12.053794641206327,-18.559759725353953,0.0,4,0,0.0,0,0,0,0,0,0,True,False,0,8594.0,0.0,0.0,0,0,0.0
2025-01-21 21:55:00+08:00,8565.0,8570.0,8562.0,8569.0,4471.0,-9.075695592466218,-7.370687115981979,-1.705008476484239,4,0,-110.86534086026131,-103.18382100096308,-7.681519859298234,4,-1,13.56709815519961,-18.336002865352015,0.0,4,0,0.0,0,0,0,0,0,0,True,False,0,8594.0,0.0,0.0,0,0,0.0
2025-01-21 22:00:00+08:00,8569.0,8577.0,8566.0,8577.0,4954.0,-8.358805273121106,-7.699829535294393,-0.6589757378267134,4,0,-292.1729340413467,-166.1962427690703,-125.97669127227641,4,0,20.669010822417427,-16.888323714846106,0.0,3,1,0.0,0,0,0,0,0,0,True,True,0,8594.0,0.0,0.0,0,0,0.0
2025-01-21 22:05:00+08:00,8577.0,8577.0,8571.0,8575.0,1956.0,-7.931281229648448,-7.776700183006742,-0.1545810466417059,4,0,-794.0650816040325,-375.3027736845291,-418.76230791950337,4,0,23.139644727301555,-15.178324694470458,0.0,2,0,0.0,0,0,0,0,0,0,True,False,0,8594.0,0.0,0.0,0,0,0.0
2025-01-21 22:10:00+08:00,8575.0,8575.0,8564.0,8564.0,5030.0,-8.859190699949977,-8.13711863215216,-0.7220720677978179,4,-2,-740.238264634304,-496.9405324105299,-243.29773222377406,4,0,15.78597504717738,-14.585338307698468,0.0,2,0,0.0,0,0,0,0,0,0,True,False,0,8594.0,0.0,0.0,0,0,0.0
2025-01-21 22:15:00+08:00,8564.0,8573.0,8556.0,8560.0,6835.0,-9.832825356057583,-8.702240163898077,-1.130585192159506,4,0,-457.5159834708147,-483.8199645169222,26.30398104610748,3,1,9.096790169335838,-14.680698938506811,0.0,2,0,0.0,0,0,0,0,0,0,True,False,0,8594.0,0.0,0.0,0,0,0.0
2025-01-21 22:20:00+08:00,8560.0,8565.0,8552.0,8564.0,7636.0,-9.8018789455964,-9.068643507543161,-0.7332354380532387,4,0,-147.20301009324248,-371.6650522101466,224.46204211690412,2,0,11.381319715847336,-14.229909825326946,0.0,2,0,0.0,0,0,0,0,0,0,True,False,0,8594.0,0.0,0.0,0,0,0.0
2025-01-21 22:25:00+08:00,8563.0,8566.0,8559.0,8562.0,2628.0,-9.826434974083895,-9.320954087824243,-0.5054808862596527,4,0,-561.5681063847715,-434.9237603776545,-126.64434600711695,4,-1,12.032626053325151,-13.518772522576212,0.0,2,0,0.0,0,0,0,0,0,0,True,False,0,8594.0,0.0,0.0,0,0,0.0
2025-01-21 22:30:00+08:00,8563.0,8578.0,8562.0,8572.0,8993.0,-8.36590223211897,-9.002376130433626,0.636473898314657,2,1,-33.112531383324495,-301.0407424033141,267.9282110199896,2,1,19.08727142973471,-11.846470496553774,0.0,2,0,0.0,0,0,0,0,5,0,False,True,0,8572.0,0.0,0.0,0,0,0.0
2025-01-21 22:35:00+08:00,8574.0,8576.0,8554.0,8555.0,6748.0,-9.319619237408915,-9.107783944076486,-0.21183529333242923,4,-1,54.42010412901436,-182.56311842264154,236.9832225516559,2,0,11.38010556680911,-11.394424389062895,0.0,2,0,0.0,0,0,0,0,0,0,True,False,1,0.0,0.0,0.0,0,0,0.0
2025-01-21 22:40:00+08:00,8555.0,8560.0,8542.0,8546.0,8970.0,-10.936402480499964,-9.717089461086967,-1.219313019412997,4,0,397.0205627306059,10.620865322284118,386.3996974083218,2,0,6.669471847347804,-11.416738937994204,0.0,2,0,0.0,0,0,0,0,0,0,True,False,0,0.0,0.0,0.0,0,0,0.0
2025-01-21 22:45:00+08:00,8545.0,8553.0,8543.0,8548.0,5633.0,-11.588492377557486,-10.340503147478238,-1.2479892300792486,4,0,205.92670458989323,75.6823964896769,130.24430810021633,2,0,5.981431958333626,-11.27091381208651,0.0,2,0,0.0,0,0,0,0,0,0,True,False,0,0.0,0.0,0.0,0,0,0.0
2025-01-21 22:50:00+08:00,8549.0,8549.0,8533.0,8537.0,7050.0,-13.198942922428614,-11.293020941999695,-1.9059219804289196,4,0,246.95880099721307,132.67522760326375,114.28357339394933,2,0,4.6707756862551815,-11.115840939313111,0.0,2,0,0.0,0,0,0,0,0,0,True,False,0,0.0,0.0,0.0,0,0,0.0
2025-01-21 22:55:00+08:00,8537.0,8543.0,8522.0,8527.0,6286.0,-15.322900274652056,-12.636251101702,-2.686649172950057,4,0,173.58683158416352,146.2315592802207,27.355272303942826,2,0,4.330519479837924,-10.81277504817393,0.0,2,0,0.0,0,0,0,0,0,0,True,False,0,0.0,0.0,0.0,0,0,0.0
2025-01-22 09:00:00+08:00,8549.0,8575.0,8541.0,8546.0,19724.0,-14.080784821275302,-13.117937835382522,-0.9628469858927797,4,0,1824.760325868012,705.7405198041255,1119.0198060638863,2,0,13.819184707448766,-9.16692589351796,0.0,2,0,0.0,0,0,0,0,0,0,True,False,0,0.0,0.0,0.0,0,0,0.0
2025-01-22 09:05:00+08:00,8547.0,8568.0,8545.0,8567.0,7113.0,-10.24173944218819,-12.159069526826617,1.9173300846384258,2,1,1346.6140110602973,919.3018752446485,427.31213581564884,2,0,30.185766981749662,-5.739718133146237,0.0,2,0,0.0,0,0,0,0,0,0,False,True,0,0.0,0.0,0.0,0,0,0.0
2025-01-22 09:10:00+08:00,8567.0,8580.0,8565.0,8576.0,10010.0,-6.180352773748382,-10.165850706851826,3.985497933103444,2,0,1349.527614410651,1062.67411996009,286.85349445056113,2,0,43.07692058085219,-1.5619685271220654,0.0,2,0,0.0,0,0,0,0,0,0,False,True,0,0.0,0.0,0.0,0,0,0.0
2025-01-22 09:15:00+08:00,8577.0,8595.0,8574.0,8590.0,12490.0,-1.4138245127287519,-7.248324259448917,5.834499746720165,2,0,1637.8803604402965,1254.3282865882234,383.55207385207314,2,0,55.75299364658352,3.006066202532711,0.0,2,0,0.0,0,0,0,0,0,0,False,True,0,0.0,0.0,0.0,0,0,0.0
2025-01-22 09:20:00+08:00,8591.0,8598.0,8584.0,8585.0,7023.0,1.3357563628633216,-4.386488652968994,5.722245015832316,2,0,1112.0677968470382,1206.9932341440629,-94.9254372970247,1,-1,60.115074572648965,6.724463446462529,0.0,2,0,0.0,0,0,0,0,0,0,False,True,0,0.0,0.0,0.0,0,0,0.0
2025-01-22 09:25:00+08:00,8585.0,8586.0,8574.0,8575.0,4673.0,1.9726072963294428,-2.2663531138168125,4.238960410146255,2,0,420.007493409018,944.6416905248298,-524.6341971158117,4,0,55.79063567753984,8.653644666870015,0.0,2,0,0.0,0,0,0,0,0,0,False,True,0,0.0,0.0,0.0,0,0,0.0
2025-01-22 09:30:00+08:00,8575.0,8578.0,8564.0,8571.0,7207.0,1.8711134343084268,-0.8868236445207192,2.757937078829146,2,0,245.9664974865982,711.8027264198753,-465.8362289332771,4,0,50.5691816724029,9.162330330195388,0.0,2,0,0.0,0,0,0,0,0,0,False,True,0,0.0,0.0,0.0,0,0,0.0
2025-01-22 09:35:00+08:00,8570.0,8590.0,8566.0,8588.0,7204.0,3.918896462153498,0.7154436894763689,3.203452772677129,2,0,117.996765178842,513.9925922211537,-395.9958270423117,4,0,60.99280354706997,10.650054020218775,0.0,2,0,0.0,0,0,0,0,0,0,False,True,0,0.0,0.0,0.0,0,0,0.0
2025-01-22 09:40:00+08:00,8589.0,8593.0,8584.0,8589.0,6022.0,5.40413868923315,2.27877670949447,3.1253619797386802,2,0,-124.77816053236347,301.04539002682435,-425.8235505591878,4,0,67.97641213827296,12.349058291722145,0.0,2,0,0.0,0,0,0,0,0,0,False,True,0,0.0,0.0,0.0,0,0,0.0
2025-01-22 09:45:00+08:00,8590.0,8591.0,8572.0,8574.0,6292.0,4.4298410585433885,2.995825566362205,1.4340154921811834,2,0,-258.6067188434836,114.55708387710956,-373.16380272059314,4,0,61.98129572739958,12.51317163256909,0.0,2,0,0.0,0,0,0,0,0,0,False,True,0,0.0,0.0,0.0,0,0,0.0
2025-01-22 09:50:00+08:00,8574.0,8586.0,8574.0,8585.0,3430.0,5.047271935412937,3.679639550038684,1.367632385374253,2,0,-710.7782826688599,-160.54397333013964,-550.2343093387203,4,0,64.28258828092795,12.662212118022616,0.0,2,0,0.0,0,0,0,0,0,0,False,True,0,0.0,0.0,0.0,0,0,0.0
2025-01-22 09:55:00+08:00,8586.0,8586.0,8573.0,8574.0,2783.0,3.976525630791002,3.7771176346006365,0.19940799619036564,2,0,-1095.3979295146573,-471.5087237413156,-623.8892057733417,4,0,59.61801277809986,11.908940060071345,0.0,2,0,0.0,0,0,0,0,0,0,False,True,0,0.0,0.0,0.0,0,0,0.0
2025-01-22 10:00:00+08:00,8575.0,8575.0,8554.0,8563.0,8641.0,1.7422850138937065,3.0979026245650503,-1.3556176106713438,4,-1,-599.4836372858945,-514.1101986503268,-85.37343863556771,4,0,53.104400127682766,10.294487720334274,0.0,1,-1,0.0,0,0,0,0,0,0,True,False,0,0.0,0.0,0.0,0,0,0.0
2025-01-22 10:05:00+08:00,8563.0,8567.0,8556.0,8558.0,3509.0,-0.501690365943432,1.8973673961159192,-2.399057762059351,4,0,-889.4891788060522,-639.1803850751907,-250.30879373086157,4,0,47.14989645134591,8.181739028628819,0.0,4,0,0.0,0,0,0,0,0,0,True,False,0,0.0,0.0,0.0,0,0,0.0
2025-01-22 10:10:00+08:00,8557.0,8583.0,8556.0,8578.0,5726.0,0.46949289375334047,1.4208656849603216,-0.9513727912069811,4,0,-793.3327639454164,-690.6277964306063,-102.70496751481016,4,0,58.4930015433288,7.956438197075343,0.0,4,0,0.0,0,0,0,0,0,0,True,False,0,0.0,0.0,0.0,0,0,0.0
2025-01-22 10:30:00+08:00,8575.0,8576.0,8545.0,8555.0,9868.0,-1.7771549642566242,0.3549009894675841,-2.1320559537242083,4,0,-182.81608444416088,-521.3199367301364,338.50385228597554,2,1,50.695576066051586,6.636504145648821,0.0,4,0,0.0,0,0,0,0,0,0,True,False,0,0.0,0.0,0.0,0,0,0.0
2025-01-22 10:35:00+08:00,8555.0,8563.0,8553.0,8555.0,3886.0,-3.320460781442307,-0.870133730176186,-2.450327051266121,4,0,-509.077536957293,-517.3355499954437,8.258013038150693,2,0,45.787630775635265,4.936579542440903,0.0,4,0,0.0,0,0,0,0,0,0,True,False,0,0.0,0.0,0.0,0,0,0.0
2025-01-22 10:40:00+08:00,8555.0,8581.0,8551.0,8578.0,6181.0,-1.415752333947239,-1.052099182843792,-0.3636531511034471,4,0,-436.4864486514007,-490.47970622438703,53.99325757298635,2,0,60.59913493205225,5.4971471763874575,0.0,4,0,0.0,0,0,0,0,0,0,True,False,0,0.0,0.0,0.0,0,0,0.0
2025-01-22 10:45:00+08:00,8579.0,8592.0,8576.0,8591.0,9712.0,1.6052612707317166,-0.1664715976480482,1.7717328683797648,2,1,72.04389586985599,-303.2044676674296,375.24836353728557,2,0,79.04254650657097,8.103745934230297,0.0,2,1,0.0,0,0,0,0,2,0,False,True,0,8591.0,0.0,0.0,0,0,0.0
2025-01-22 10:50:00+08:00,8590.0,8592.0,8578.0,8583.0,5063.0,2.6811092241241568,0.782408050387142,1.8987011737370147,2,0,-162.00253333621004,-256.34346003696163,94.3409267007516,2,0,82.15459804440627,10.167480363154084,0.0,2,0,0.0,0,0,0,0,0,0,False,True,1,8591.0,0.0,0.0,0,0,0.0
2025-01-22 10:55:00+08:00,8584.0,8585.0,8565.0,8565.0,9463.0,1.0955299592442316,0.8863510547637371,0.20917890448049448,2,0,235.40098998343547,-92.64129111431316,328.0422810977486,2,0,68.76199156265588,9.702494883975788,0.0,2,0,0.0,0,0,0,0,0,0,False,True,1,8591.0,0.0,0.0,0,0,0.0
2025-01-22 11:00:00+08:00,8565.0,8579.0,8562.0,8576.0,4097.0,1.3536895908528095,1.0420735572826287,0.31161603357018075,2,0,-171.3890526719024,-119.1170861678366,-52.27196650406579,1,-1,68.71445647478008,9.182808454655238,0.0,2,0,0.0,0,0,0,0,0,0,False,True,1,8591.0,0.0,0.0,0,0,0.0
2025-01-22 11:05:00+08:00,8577.0,8586.0,8570.0,8585.0,3678.0,2.649622143868328,1.5779319799637381,1.0716901639045897,2,2,-507.2216125880768,-248.6557041382303,-258.5659084498465,4,0,76.53854613671719,9.599665471112864,0.0,2,0,0.0,0,0,0,0,0,0,False,True,1,8591.0,0.0,0.0,0,0,0.0
2025-01-22 11:10:00+08:00,8585.0,8587.0,8573.0,8583.0,4361.0,3.251807980957892,2.1361572221906657,1.1156507587672264,2,0,-646.0763831805689,-381.25545129117165,-264.82093188939723,4,0,79.53438702945628,10.072991383302117,0.0,2,10,0.0,0,0,0,0,0,0,False,True,1,8591.0,0.0,0.0,0,0,0.0
2025-01-22 11:15:00+08:00,8583.0,8588.0,8579.0,8582.0,4176.0,3.4801128154140315,2.5846763181168684,0.8954364972971631,2,0,-753.5294304522058,-505.37206800679564,-248.15736244541017,4,0,79.69571954676276,10.208402832288584,0.0,2,0,0.0,0,0,0,0,0,0,False,True,1,8591.0,0.0,0.0,0,0,0.0
2025-01-22 11:20:00+08:00,8583.0,8589.0,8576.0,8583.0,3819.0,3.6943448879937932,2.955207123442878,0.7391377645509154,2,0,-858.5817049592006,-623.1763951720716,-235.405309787129,4,0,80.15671826689652,10.149032591047657,0.0,2,0,0.0,0,0,0,0,0,0,False,True,1,8591.0,0.0,0.0,0,0,0.0
2025-01-22 13:30:00+08:00,8573.0,8590.0,8565.0,8586.0,7579.0,3.4262010580987408,3.067895782428551,0.3583052756701899,2,1,-346.2551285500358,-559.723204919143,213.46807636910717,2,1,79.26019832627944,8.901688247367218,0.0,4,0,0.0,0,0,0,0,0,0,False,True,0,8591.0,0.0,0.0,0,0,0.0
2025-01-22 13:35:00+08:00,8585.0,8592.0,8582.0,8586.0,4339.0,3.828977801162182,3.322320680314594,0.5066571208475881,2,0,-464.66302055487904,-528.1755260960642,63.51250554118519,2,0,82.52450705962801,8.934031270513842,0.0,4,0,0.0,0,0,0,0,0,0,False,True,0,8591.0,0.0,0.0,0,0,0.0
2025-01-22 13:40:00+08:00,8586.0,8605.0,8586.0,8600.0,8774.0,5.809419755742056,4.1521697478602295,1.6572500078818262,2,0,25.068425656081672,-343.82536741458125,368.8937930706629,2,0,89.32953736418729,9.639060546820303,0.0,2,1,0.0,0,0,0,0,0,0,False,True,0,8591.0,0.0,0.0,0,0,0.0
2025-01-22 13:45:00+08:00,8600.0,8602.0,8592.0,8595.0,4044.0,6.445280759156958,4.917256904401996,1.528023854754962,2,0,-231.5828327292238,-306.56552781538215,74.98269508615834,2,0,89.4803931721999,9.958216946834327,0.0,2,0,0.0,0,0,0,0,0,0,False,True,0,8591.0,0.0,0.0,0,0,0.0
2025-01-22 13:50:00+08:00,8595.0,8596.0,8586.0,8589.0,3722.0,5.992958761984482,5.275012590155319,0.7179461718291638,2,0,-447.3915054755962,-352.8944914060018,-94.4970140695944,1,-1,84.80525205841577,9.379895675711438,0.0,1,0,0.0,0,0,0,0,0,0,False,True,0,8591.0,0.0,0.0,0,0,0.0
2025-01-22 13:55:00+08:00,8588.0,8592.0,8586.0,8591.0,2180.0,5.8019455176818155,5.450169641690615,0.3517758759912004,2,0,-785.9924437803738,-497.152019670988,-288.8404241093858,4,0,83.4102576122527,8.608944923002198,0.0,4,0,0.0,0,0,0,0,0,0,False,True,0,8591.0,0.0,0.0,0,0,0.0
2025-01-22 14:00:00+08:00,8591.0,8595.0,8588.0,8593.0,2973.0,5.798595673979435,5.565831060295564,0.23276461368387036,2,0,-906.9683723267563,-633.7051931150546,-273.26317921170164,4,0,84.4044606992376,8.013231166538446,0.0,4,0,0.0,0,0,0,0,0,0,False,True,0,8591.0,0.0,0.0,0,0,0.0
2025-01-22 14:05:00+08:00,8593.0,8594.0,8580.0,8581.0,5256.0,4.149901458391469,5.093661991608516,-0.9437605332170476,4,-1,-682.9973304601854,-650.0930132549496,-32.90431720523577,4,0,77.08929040500925,6.504919538943881,0.0,4,0,0.0,0,0,0,0,0,0,True,False,0,8591.0,0.0,0.0,0,0,0.0
2025-01-22 14:10:00+08:00,8581.0,8583.0,8574.0,8575.0,5185.0,2.1402101016665256,4.109246899036952,-1.9690367973704266,4,0,-519.8160097709542,-606.5098773960468,86.6938676250926,3,1,68.83877018303502,4.258267190363398,0.0,4,0,0.0,0,0,0,0,0,0,True,False,0,8591.0,0.0,0.0,0,0,0.0
2025-01-22 14:15:00+08:00,8574.0,8585.0,8572.0,8574.0,4966.0,0.5536807935586694,2.924090785810804,-2.3704099922521347,4,0,-421.88241379025203,-544.9285193453032,123.04610555505121,2,0,64.25987807104461,2.0178333922528395,0.0,4,0,0.0,0,0,0,0,0,0,True,False,0,8591.0,0.0,0.0,0,0,0.0
2025-01-22 14:20:00+08:00,8575.0,8575.0,8565.0,8572.0,5320.0,-0.8288037794645788,1.672823063042864,-2.501626842507443,4,0,-299.0426737853577,-462.8967702637308,163.8540964783731,2,0,61.24125514050286,-0.020655784895240004,0.0,4,0,0.0,0,0,0,0,0,0,True,False,0,8591.0,0.0,0.0,0,0,0.0
2025-01-22 14:25:00+08:00,8571.0,8578.0,8570.0,8574.0,3852.0,-1.5300605112752237,0.6050470997421085,-2.1351076110173324,4,0,-392.72147745915754,-439.4860249245857,46.764547465428166,2,0,61.438130251616315,-1.4210698375416797,0.0,4,0,0.0,0,0,0,0,0,0,True,False,0,8591.0,0.0,0.0,0,0,0.0
2025-01-22 14:30:00+08:00,8573.0,8585.0,8565.0,8576.0,7299.0,-1.7372381134719035,-0.1758775515719626,-1.5613605618999409,4,0,-12.650425061468013,-297.2232274864541,284.5728024249861,2,0,57.52788654295183,-2.862615704758568,0.0,4,0,0.0,0,0,0,0,0,0,True,False,0,8591.0,0.0,0.0,0,0,0.0
2025-01-22 14:35:00+08:00,8577.0,8584.0,8573.0,8583.0,3260.0,-0.9569993569202779,-0.43602860572602464,-0.5209707511942533,4,0,-257.7054046929634,-283.96134323968465,26.255938546721268,2,0,60.16834243682746,-3.476948909290769,0.0,4,-100,0.0,0,0,0,0,0,0,True,False,0,8591.0,0.0,0.0,0,0,0.0
2025-01-22 14:40:00+08:00,8584.0,8584.0,8573.0,8573.0,2520.0,-1.6576107812543341,-0.843124921267894,-0.8144858599864402,4,0,-518.69034892341,-362.15793869662673,-156.53241022678333,4,-1,52.85649420822472,-4.743195500531819,0.0,4,0,0.0,0,0,0,0,0,0,True,False,0,8591.0,0.0,0.0,0,0,0.0
2025-01-22 14:45:00+08:00,8573.0,8576.0,8561.0,8563.0,5450.0,-3.3854476775632065,-1.6905406696926124,-1.6949070078705941,4,-2,-319.38581432400497,-347.9395641027573,28.55374977875232,2,1,39.231529190058396,-7.262882288735689,0.0,4,-10,0.0,0,0,0,0,0,0,True,False,0,8591.0,0.0,0.0,0,0,0.0
2025-01-22 14:50:00+08:00,8563.0,8575.0,8562.0,8568.0,4034.0,-3.894513801269568,-2.424946609193053,-1.4695671920765148,4,0,-352.1419693664802,-349.33099313616816,-2.8109762303120647,4,-1,36.91732417197719,-9.15432199784447,0.0,4,0,0.0,0,0,0,0,0,0,True,False,0,8591.0,0.0,0.0,0,0,0.0
2025-01-22 14:55:00+08:00,8568.0,8569.0,8557.0,8564.0,6523.0,-4.678193744366581,-3.1757727684396935,-1.5024209759268876,4,0,-51.68741860645241,-250.11949501486976,198.43207640841734,2,1,33.38526305366363,-10.74502418474956,0.0,4,0,0.0,0,0,0,0,0,0,True,False,0,8591.0,0.0,0.0,0,0,0.0
2025-01-22 21:00:00+08:00,8557.0,8579.0,8528.0,8576.0,22819.0,-3.6069430469906365,-3.319380665710997,-0.2875623812796393,4,0,2230.185671662358,576.6604124932613,1653.5252591690964,2,0,48.79778240654446,-9.666904152079269,0.0,4,0,0.0,0,0,0,0,0,0,True,False,0,8591.0,0.0,0.0,0,0,0.0
2025-01-22 21:05:00+08:00,8578.0,8580.0,8566.0,8573.0,9075.0,-3.1578151579014957,-3.2655291882290256,0.10771403032752991,3,1,2043.4379264218833,1065.557173695304,977.8807527265792,2,0,55.832125592761805,-7.811661088171618,0.0,3,1,0.0,0,0,0,0,2,0,False,True,0,8573.0,0.0,0.0,0,0,0.0
2025-01-22 21:10:00+08:00,8572.0,8583.0,8567.0,8579.0,7086.0,-2.013303147552506,-2.848382634028451,0.8350794864759452,2,0,1616.2685697706665,1249.1652379328978,367.1033318377688,2,0,62.62033071875652,-5.48733816297279,0.0,2,0,0.0,0,0,0,0,0,0,False,True,1,8573.0,0.0,0.0,0,0,0.0
2025-01-22 21:15:00+08:00,8578.0,8582.0,8575.0,8577.0,4724.0,-1.4194070249832293,-2.3723943621326784,0.952987337149449,2,0,981.4989090814252,1159.9483349957666,-178.44942591434142,1,-1,64.22937565107644,-3.522261062796076,0.0,2,0,0.0,0,0,0,0,0,0,False,True,1,8573.0,0.0,0.0,0,0,0.0
2025-01-22 21:20:00+08:00,8578.0,8591.0,8576.0,8590.0,8124.0,0.6794918533087184,-1.355232244107923,2.0347240974166416,2,0,945.845844201317,1088.6438078359085,-142.7979636345915,1,0,73.72572177177435,-0.8397952955074786,0.0,2,0,0.0,0,0,0,0,0,0,False,True,1,8573.0,0.0,0.0,0,0,0.0
2025-01-22 21:25:00+08:00,8590.0,8595.0,8586.0,8595.0,7502.0,2.7770235125208274,0.022072302307931446,2.754951210212896,2,0,821.6646098601514,999.6157074102006,-177.9510975500492,4,0,82.4465816516885,2.175369860257277,0.0,2,0,0.0,0,0,0,0,0,0,False,True,1,8573.0,0.0,0.0,0,0,0.0
2025-01-22 21:30:00+08:00,8595.0,8596.0,8583.0,8586.0,5935.0,3.0513832257947797,1.0317063508114734,2.0196768749833063,2,0,517.8981685184717,839.010539475968,-321.1123709574963,4,0,79.83170262950952,3.9081968161962664,0.0,2,0,0.0,0,0,0,0,0,0,False,True,1,8573.0,0.0,0.0,0,0,0.0
2025-01-22 21:35:00+08:00,8587.0,8594.0,8581.0,8592.0,4085.0,3.941651918390562,2.0014660484427096,1.9401858699478525,2,0,58.22210736732541,578.6914849345285,-520.4693775672031,4,0,81.65775572215253,5.262515165277691,0.0,2,0,0.0,0,0,0,0,0,0,False,True,1,8573.0,0.0,0.0,0,0,0.0
2025-01-22 21:40:00+08:00,8593.0,8600.0,8584.0,8585.0,9218.0,3.595708455235581,2.532596564669144,1.0631118905664367,2,0,385.36920665759953,514.249480471772,-128.88027381417248,4,0,77.78690401884761,5.614744853839554,0.0,2,0,0.0,0,0,0,0,0,0,False,True,1,8573.0,0.0,0.0,0,0,0.0
2025-01-22 21:45:00+08:00,8585.0,8595.0,8581.0,8593.0,6388.0,4.291966251257691,3.1187635860306786,1.173202665227012,2,0,248.01278104322319,425.4562707444617,-177.4434897012385,4,0,81.11636895822717,6.15052541128847,0.0,2,0,0.0,0,0,0,0,0,0,False,True,1,8573.0,0.0,0.0,0,0,0.0
2025-01-22 21:50:00+08:00,8593.0,8597.0,8590.0,8591.0,3864.0,4.437033150057687,3.5578787221084887,0.8791544279491981,2,0,-174.39597537283953,225.4743946829778,-399.8703700558173,4,0,81.91636574346967,6.524160029737587,0.0,2,0,0.0,0,0,0,0,0,0,False,True,1,8573.0,0.0,0.0,0,0,0.0
2025-01-22 21:55:00+08:00,8590.0,8596.0,8588.0,8594.0,2779.0,4.825651293545889,3.9797512929602092,0.8459000005856794,2,0,-605.5647569379589,-51.40543153455519,-554.1593254034037,4,0,84.18518884442554,6.905650319742804,0.0,2,0,0.0,0,0,0,0,0,0,False,True,1,8573.0,0.0,0.0,0,0,0.0
2025-01-22 22:00:00+08:00,8595.0,8598.0,8588.0,8591.0,4068.0,4.615957795771465,4.191184031459584,0.4247737643118805,2,0,-732.5861293489015,-278.46007011357875,-454.12605923532277,4,0,83.19836181330611,6.890124963515987,0.0,2,0,0.0,0,0,0,0,0,0,False,True,1,8573.0,0.0,0.0,0,0,0.0
2025-01-22 22:05:00+08:00,8592.0,8593.0,8585.0,8591.0,3082.0,4.3707908367869095,4.250639760005654,0.12015107678125592,2,0,-931.6656273654471,-496.18363088078127,-435.48199648466584,4,0,82.38184335223451,6.63445509468761,0.0,2,0,0.0,0,0,0,0,0,0,False,True,1,8573.0,0.0,0.0,0,0,0.0
2025-01-22 22:10:00+08:00,8591.0,8598.0,8587.0,8596.0,3625.0,4.74063783841666,4.41360885594939,0.3270289824672705,2,2,-983.1519414003296,-658.5566310266086,-324.5953103737211,4,0,85.6013776079274,6.724944375698314,0.0,2,0,0.0,0,0,0,0,0,0,False,True,1,8573.0,0.0,0.0,0,0,0.0
2025-01-22 22:15:00+08:00,8596.0,8612.0,8593.0,8609.0,10335.0,6.551864578374079,5.126545885808176,1.4253186925659032,2,0,-146.42404777090633,-487.8026446609442,341.3785968900379,3,1,92.01045162097166,7.447347958545194,0.0,2,10,0.0,0,0,0,0,0,0,False,True,1,8573.0,0.0,0.0,0,0,0.0
2025-01-22 22:20:00+08:00,8608.0,8624.0,8608.0,8612.0,10640.0,8.068467469794996,6.107094588280079,1.961372881514917,2,0,484.2314707818132,-163.74100562321212,647.9724764050253,2,0,90.34549321987731,7.578046147427969,0.0,2,0,0.0,0,0,0,0,0,0,False,True,1,8573.0,0.0,0.0,0,0,0.0
2025-01-22 22:25:00+08:00,8613.0,8613.0,8601.0,8605.0,5474.0,8.076198808799745,6.763524122874715,1.31267468592503,2,0,261.71029687631744,-21.9478192423895,283.65811611870697,2,0,84.65869197727284,6.798149681638151,0.0,1,0,0.0,0,0,0,0,0,0,False,True,1,8573.0,0.0,0.0,0,0,0.0
2025-01-22 22:30:00+08:00,8605.0,8611.0,8599.0,8604.0,6003.0,7.783714895644152,7.103621035437329,0.6800938602068234,2,0,166.74428510063353,40.91900324330909,125.82528185732444,2,0,80.97198355840828,5.643370114244533,0.0,4,0,0.0,0,0,0,0,0,0,False,True,1,8573.0,0.0,0.0,0,0,0.0
2025-01-22 22:35:00+08:00,8604.0,8609.0,8601.0,8605.0,4804.0,7.540283532702233,7.249332936235913,0.2909505964663204,2,0,-55.89951747536452,8.591677246459646,-64.49119472182417,1,-1,80.03171919231123,4.608124472013088,0.0,4,0,0.0,0,0,0,0,0,0,False,True,1,8573.0,0.0,0.0,0,0,0.0
2025-01-22 22:40:00+08:00,8605.0,8620.0,8603.0,8619.0,6599.0,8.98718402925806,7.828747707590169,1.1584363216678915,2,2,16.530895421161404,11.182746546656688,5.348148874504716,2,1,88.01197740084493,4.798687151395896,0.0,4,0,0.0,0,0,0,0,0,0,False,True,1,8573.0,0.0,0.0,0,0,0.0
2025-01-22 22:45:00+08:00,8619.0,8628.0,8612.0,8616.0,7210.0,9.433986111651393,8.36371462292069,1.0702714887307039,2,0,144.82834818751053,55.77267020129359,89.05567798621693,2,0,88.90109752431455,4.936353840355693,0.0,4,0,0.0,0,0,0,0,0,0,False,True,1,8573.0,0.0,0.0,0,0,0.0
2025-01-22 22:50:00+08:00,8615.0,8615.0,8603.0,8605.0,5927.0,8.15186213616471,8.292959393015694,-0.14109725685098518,1,-1,69.09020482918186,60.21067435613585,8.87953047304601,2,0,82.4921637775643,4.094882939942252,0.0,4,0,0.0,0,0,0,0,0,0,True,False,1,0.0,0.0,0.0,0,0,0.0
2025-01-22 22:55:00+08:00,8606.0,8606.0,8593.0,8598.0,7513.0,6.188306615485999,7.5913899490696926,-1.4030833335836936,4,0,215.71512658110169,112.03294505475782,103.68218152634387,2,0,74.8410353630655,2.4698466576471247,0.0,4,0,0.0,0,0,0,0,0,0,True,False,0,0.0,0.0,0.0,0,0,0.0
2025-01-23 09:00:00+08:00,8548.0,8590.0,8539.0,8584.0,34352.0,2.897819868858278,6.026872510463669,-3.1290526416053908,4,0,3722.3510586133198,1315.3634819097435,2406.9875767035765,2,0,63.36808499600978,-0.1705266245205621,0.0,4,0,0.0,0,0,0,0,0,0,True,False,0,0.0,0.0,0.0,0,0,0.0
2025-01-23 09:05:00+08:00,8584.0,8593.0,8579.0,8579.0,9566.0,-0.11404465390478435,3.979823849832671,-4.093868503737456,4,0,2963.8210798136442,1864.807460432508,1099.0136193811363,2,0,54.91631476606919,-3.113152989625192,0.0,4,0,0.0,0,0,0,0,0,0,True,False,0,0.0,0.0,0.0,0,0,0.0
2025-01-23 09:10:00+08:00,8579.0,8586.0,8572.0,8576.0,5814.0,-2.6119403790180513,1.7826061351012692,-4.3945465141193205,4,0,1890.8904235527643,1873.4883495189029,17.40207403386148,2,0,49.72994252680222,-5.759867725653081,0.0,4,-100,0.0,0,0,0,0,0,0,True,False,0,0.0,0.0,0.0,0,0,0.0
2025-01-23 09:15:00+08:00,8575.0,8579.0,8564.0,8569.0,5810.0,-5.203276922433361,-0.5459445396827736,-4.657332382750587,4,0,1095.342041503798,1614.0992311399095,-518.7571896361114,1,-1,43.909242218350165,-8.252143918056092,0.0,4,0,0.0,0,0,0,0,0,0,True,False,0,0.0,0.0,0.0,0,0,0.0
2025-01-23 09:20:00+08:00,8569.0,8582.0,8568.0,8578.0,4642.0,-5.773842452943427,-2.288528306026775,-3.485314146916652,4,0,363.96684740160526,1197.3404687796392,-833.3736213780339,4,0,46.28727006316696,-9.538116966425832,0.0,4,0,0.0,0,0,0,0,0,0,True,False,0,0.0,0.0,0.0,0,0,0.0
2025-01-23 09:25:00+08:00,8578.0,8579.0,8572.0,8578.0,2370.0,-6.05301125693768,-3.5431848989791943,-2.5098263579584854,4,0,-446.87270946177523,649.2720585631639,-1096.1447680249391,4,0,48.36048200591705,-9.997881932759903,0.0,4,0,0.0,0,0,0,0,0,0,True,False,0,0.0,0.0,0.0,0,0,0.0
2025-01-23 09:30:00+08:00,8577.0,8583.0,8572.0,8575.0,3777.0,-6.502435585425701,-4.529586239592599,-1.9728493458331018,4,0,-829.3546928086062,156.38409402853193,-985.7387868371382,4,0,47.73228910207068,-10.162582500418708,0.0,4,0,0.0,0,0,0,0,0,0,True,False,0,0.0,0.0,0.0,0,0,0.0
2025-01-23 09:35:00+08:00,8574.0,8582.0,8572.0,8580.0,2777.0,-6.046602609547335,-5.035660458602173,-1.0109421509451622,4,0,-1207.6994696004967,-298.0952561044416,-909.6042134960551,4,0,49.9878602866286,-9.814857314693946,0.0,4,0,0.0,0,0,0,0,0,0,True,False,0,0.0,0.0,0.0,0,0,0.0
2025-01-23 09:40:00+08:00,8580.0,8592.0,8580.0,8589.0,5580.0,-4.4548701324893045,-4.842251774000454,0.3873816415111495,3,1,-1092.5651085122227,-562.8625332426071,-529.7025752696155,4,0,56.34706862269736,-8.578818484751167,0.0,3,1,0.0,0,0,0,0,0,0,False,True,0,0.0,0.0,0.0,0,0,0.0
2025-01-23 09:45:00+08:00,8588.0,8621.0,8588.0,8614.0,14658.0,-0.06592628677572065,-3.250336546325257,3.1844102595495363,2,0,164.34053312403012,-320.4177737397167,484.75830686374684,3,1,73.61765821587146,-5.319981358792774,0.0,2,0,0.0,0,0,0,0,0,0,False,True,0,0.0,0.0,0.0,0,0,0.0
2025-01-23 09:50:00+08:00,8613.0,8617.0,8609.0,8611.0,5301.0,2.6429231488218647,-1.2861691542737421,3.929092303095607,2,0,-142.86345905299186,-261.2219113534455,118.35845230045362,2,0,81.06567410213057,-1.9476908555866643,0.0,2,0,0.0,0,0,0,0,0,0,False,True,0,0.0,0.0,0.0,0,0,0.0
2025-01-23 09:55:00+08:00,8612.0,8615.0,8601.0,8602.0,4248.0,3.350721262077059,0.2596031588611216,3.091118103215937,2,0,-489.5737854742456,-337.1803302771447,-152.39345519710088,4,-1,78.43249772447044,0.1292739493933226,0.0,2,0,0.0,0,0,0,0,0,0,False,True,0,0.0,0.0,0.0,0,0,0.0
2025-01-23 10:00:00+08:00,8603.0,8606.0,8586.0,8590.0,6953.0,2.254370447461042,0.9249099015977946,1.3294605458632476,2,0,-379.8498394171629,-351.41818057768893,-28.431658839473982,4,0,69.34303986737257,0.4029459180221835,0.0,2,0,0.0,0,0,0,0,0,0,False,True,0,0.0,0.0,0.0,0,0,0.0
2025-01-23 10:05:00+08:00,8590.0,8596.0,8583.0,8584.0,4737.0,0.6735053364627674,0.8416474526856549,-0.16814211622288744,1,-1,-575.9627896053134,-426.24833042319426,-149.71445918211919,4,0,60.98941830673283,-0.4741536373027344,0.0,2,0,0.0,0,0,0,0,0,0,True,False,0,0.0,0.0,0.0,0,0,0.0
2025-01-23 10:10:00+08:00,8584.0,8590.0,8577.0,8577.0,4624.0,-1.3418596278606856,0.11445376635670457,-1.45631339421739,4,0,-716.0587261770343,-522.773363148626,-193.28536302840826,4,0,53.24810906815995,-2.063380262108339,0.0,1,-1,0.0,0,0,0,0,0,0,True,False,0,0.0,0.0,0.0,0,0,0.0
2025-01-23 10:30:00+08:00,8576.0,8581.0,8572.0,8581.0,6548.0,-2.223633741170488,-0.6643067070172027,-1.5593270341532852,4,0,-555.2993621233627,-533.6726578959249,-21.626704227437813,4,0,51.9798879913816,-3.304149304497244,0.0,4,0,0.0,0,0,0,0,0,0,True,False,0,0.0,0.0,0.0,0,0,0.0
2025-01-23 10:35:00+08:00,8581.0,8584.0,8552.0,8567.0,10878.0,-4.57490368231629,-1.9674132380885418,-2.607490444227748,4,0,119.3764752768675,-316.0759507528825,435.45242602975,2,1,40.17716306408337,-5.611812921677725,0.0,4,0,0.0,0,0,0,0,0,0,True,False,0,0.0,0.0,0.0,0,0,0.0
2025-01-23 10:40:00+08:00,8567.0,8567.0,8552.0,8557.0,8686.0,-7.402719863044695,-3.7790384447137333,-3.6236814183309614,4,0,313.41218618035055,-106.18350651359333,419.5956926939439,2,0,27.47847641945965,-8.713180417855156,0.0,4,0,0.0,0,0,0,0,0,0,True,False,0,0.0,0.0,0.0,0,0,0.0
2025-01-23 10:45:00+08:00,8556.0,8559.0,8539.0,8540.0,11002.0,-11.394375820493224,-6.31704806410892,-5.077327756384304,4,0,737.3177798140405,174.93909152054567,562.3786882934949,2,0,10.97212381871141,-12.818153684994428,0.0,4,0,0.0,0,0,0,0,0,0,True,False,0,0.0,0.0,0.0,0,0,0.0
2025-01-23 10:50:00+08:00,8540.0,8540.0,8509.0,8527.0,24785.0,-15.612739676969795,-9.415065429158943,-6.197674247810852,4,0,2770.2146237672405,1039.9732654418303,1730.2413583254101,2,0,10.849049059406592,-15.430073107003203,0.0,4,0,0.0,0,0,0,0,0,0,True,False,0,0.0,0.0,0.0,0,0,0.0
2025-01-23 10:55:00+08:00,8527.0,8528.0,8491.0,8493.0,17687.0,-22.568398277235246,-13.799223125484948,-8.769175151750298,4,0,3240.7481439320873,1773.462821734563,1467.2853221975242,2,0,5.076319652349098,-17.672893437557295,0.0,4,0,0.0,0,0,0,0,0,0,True,False,0,0.0,0.0,0.0,0,0,0.0
2025-01-23 11:00:00+08:00,8493.0,8512.0,8488.0,8508.0,11146.0,-25.080668670956584,-17.559433205269716,-7.521235465686868,4,0,2672.6507784625774,2073.0911841070874,599.5595943554899,2,0,9.160025711796743,-18.33313863722794,0.0,4,0,0.0,0,0,0,0,0,0,True,False,0,0.0,0.0,0.0,0,0,0.0
2025-01-23 11:05:00+08:00,8508.0,8515.0,8500.0,8508.0,6144.0,-26.31795593413517,-20.47891708590149,-5.839038848233681,4,0,1581.1387389583579,1909.0274132181673,-327.8886742598095,1,-1,12.20788271840014,-18.011154789525655,0.0,4,0,0.0,0,0,0,0,0,0,True,False,0,0.0,0.0,0.0,0,0,0.0
2025-01-23 11:10:00+08:00,8508.0,8510.0,8499.0,8501.0,3983.0,-27.52065042304639,-22.8262511296272,-4.694399293419192,4,0,505.2508474251881,1441.1231459041194,-935.8722984789313,4,0,10.850250454846403,-17.578393921942492,0.0,4,0,0.0,0,0,0,0,0,0,True,False,0,0.0,0.0,0.0,0,0,0.0
2025-01-23 11:15:00+08:00,8501.0,8508.0,8495.0,8506.0,4958.0,-27.149751167655268,-24.267607371898936,-2.882143795756331,4,0,-138.89639891828847,914.3196496235078,-1053.2160485417962,4,0,11.789409242972942,-16.7731561707183,0.0,4,0,0.0,0,0,0,0,0,0,True,False,0,0.0,0.0,0.0,0,0,0.0
2025-01-23 11:20:00+08:00,8506.0,8523.0,8499.0,8512.0,7563.0,-25.55181600036667,-24.695423658709306,-0.8563923416573651,4,0,-258.34490019995974,523.4300178872638,-781.7749180872236,4,0,14.848288192654163,-15.45023352791127,0.0,2,1,0.0,0,0,0,0,0,0,True,True,0,0.0,0.0,0.0,0,0,0.0
2025-01-23 11:25:00+08:00,8512.0,8541.0,8511.0,8537.0,8673.0,-20.712539941050636,-23.368139348185476,2.65559940713484,2,1,-195.9513821802575,283.6629716303547,-479.6143538106122,4,0,26.4162158722032,-12.726495062184423,0.0,2,0,0.0,0,0,0,0,0,0,False,True,0,0.0,0.0,0.0,0,0,0.0
2025-01-23 13:30:00+08:00,8535.0,8535.0,8512.0,8518.0,7859.0,-19.281692998283688,-22.00647412084094,2.7247811225572534,2,0,-251.31452658028866,105.30966351787174,-356.6241900981604,4,0,25.112741739095604,-10.708709507388832,0.0,2,0,0.0,0,0,0,0,0,0,False,True,0,0.0,0.0,0.0,0,0,0.0
2025-01-23 13:35:00+08:00,8517.0,8521.0,8508.0,8509.0,4113.0,-19.009329063914265,-21.00756795339567,1.9982388894814065,2,0,-760.6569682019017,-183.38543024210992,-577.2715379597918,4,0,19.573039398033764,-9.762003242331442,0.0,2,0,0.0,0,0,0,0,0,0,False,True,0,0.0,0.0,0.0,0,0,0.0
2025-01-23 13:40:00+08:00,8510.0,8512.0,8502.0,8504.0,4133.0,-19.050341113652394,-20.35533378357508,1.3049926699226866,2,0,-1100.37833603109,-489.0183779780358,-611.3599580530541,4,0,14.490767977992313,-9.537170102162015,0.0,2,0,0.0,0,0,0,0,0,0,False,True,0,0.0,0.0,0.0,0,0,0.0
2025-01-23 13:45:00+08:00,8504.0,8512.0,8504.0,8507.0,3544.0,-18.29548174824231,-19.66923924716685,1.3737574989245402,2,0,-1391.0263102885,-789.7375653335781,-601.288744954922,4,0,13.332078401973403,-9.318181425649641,0.0,2,0,0.0,0,0,0,0,0,0,False,True,0,0.0,0.0,0.0,0,0,0.0
2025-01-23 13:50:00+08:00,8508.0,8516.0,8505.0,8515.0,2936.0,-16.36137354613129,-18.56718087115055,2.2058073250192614,2,0,-1643.0427161741218,-1073.9498072412857,-569.092908932836,4,0,16.391617413561562,-8.587462394752801,0.0,2,0,0.0,0,0,0,0,0,0,False,True,0,0.0,0.0,0.0,0,0,0.0
2025-01-23 13:55:00+08:00,8514.0,8519.0,8510.0,8516.0,3046.0,-14.526726467944172,-17.22047306929375,2.693746601349577,2,0,-1771.8676243777063,-1306.6226786840925,-465.2449456936138,4,0,18.68576781848401,-7.580167899641172,0.0,2,0,0.0,0,0,0,0,0,0,False,True,0,0.0,0.0,0.0,0,0,0.0
2025-01-23 14:00:00+08:00,8516.0,8521.0,8511.0,8518.0,3242.0,-12.67402125467197,-15.704846219266363,3.0308249645943928,2,0,-1800.0947193300426,-1471.1033367108478,-328.99138261919484,4,0,20.49366542040885,-6.493117294317312,0.0,2,0,0.0,0,0,0,0,0,0,False,True,0,0.0,0.0,0.0,0,0,0.0
2025-01-23 14:05:00+08:00,8518.0,8522.0,8514.0,8514.0,2832.0,-11.60974612357677,-14.339493688296537,2.7297475647197675,2,0,-1833.8604309057605,-1591.9547949817368,-241.90563592402373,4,0,19.689739213174033,-5.722818426758966,0.0,2,0,0.0,0,0,0,0,0,0,False,True,0,0.0,0.0,0.0,0,0,0.0
2025-01-23 14:10:00+08:00,8514.0,8522.0,8506.0,8509.0,4745.0,-11.250034776438042,-13.309436338321289,2.059401561883247,2,0,-1575.9538793182155,-1586.6291606223642,10.675281304148712,3,1,17.044022027960914,-5.395708038116993,0.0,2,0,0.0,0,0,0,0,0,0,False,True,0,0.0,0.0,0.0,0,0,0.0
2025-01-23 14:15:00+08:00,8509.0,8520.0,8508.0,8515.0,3337.0,-9.996994020662896,-12.20518818934127,2.2081941686783733,2,0,-1539.9461383700868,-1571.113508980644,31.1673706105571,3,0,17.986519842185487,-4.9609105183199205,0.0,2,0,0.0,0,0,0,0,0,0,False,True,0,0.0,0.0,0.0,0,0,0.0
2025-01-23 14:20:00+08:00,8515.0,8516.0,8504.0,8508.0,3675.0,-9.792712856809885,-11.401115647008043,1.6084027901981575,2,0,-1439.043259652497,-1527.0768272981106,88.03356764561363,2,0,16.428674100595565,-4.717281188389112,0.0,2,0,0.0,0,0,0,0,0,0,False,True,0,0.0,0.0,0.0,0,0,0.0
2025-01-23 14:25:00+08:00,8507.0,8512.0,8505.0,8509.0,3011.0,-9.31429986909825,-10.705183085868098,1.3908832167698488,2,0,-1421.85514245281,-1491.9516358609344,70.09649340812439,2,0,15.879066240850815,-4.526062234455214,0.0,2,0,0.0,0,0,0,0,0,0,False,True,0,0.0,0.0,0.0,0,0,0.0
2025-01-23 14:30:00+08:00,8510.0,8518.0,8505.0,8513.0,4776.0,-8.272476560947325,-9.893935087607671,1.621458526660346,2,0,-1155.5975619427436,-1379.8468376197084,224.24927567696477,2,0,17.402811155669728,-4.102054800960971,0.0,2,0,0.0,0,0,0,0,0,0,False,True,0,0.0,0.0,0.0,0,0,0.0
2025-01-23 14:35:00+08:00,8514.0,8516.0,8508.0,8512.0,2538.0,-7.49119868073285,-9.092708978690746,1.601510297957896,2,0,-1227.8936244620731,-1329.139902112994,101.24627765092077,2,0,17.918019520843558,-3.670889210061837,0.0,2,0,0.0,0,0,0,0,0,0,False,True,0,0.0,0.0,0.0,0,0,0.0
2025-01-23 14:40:00+08:00,8512.0,8514.0,8486.0,8493.0,8778.0,-9.195423665709313,-9.126571031308284,-0.06885263440102918,1,-1,-460.51013697092185,-1039.655512164896,579.1453751939741,2,0,10.917564560740573,-4.176748323138799,0.0,2,0,0.0,0,0,0,0,0,0,True,False,0,0.0,0.0,0.0,0,0,0.0
2025-01-23 14:45:00+08:00,8494.0,8505.0,8491.0,8502.0,7033.0,-9.057423840111369,-9.103416073876598,0.04599223376522943,2,1,-132.37121412141732,-737.3017792127691,604.9305650913518,2,0,10.596384342882256,-4.48178980089388,0.0,1,-1,0.0,0,0,0,0,0,0,True,True,0,0.0,0.0,0.0,0,0,0.0
2025-01-23 14:50:00+08:00,8502.0,8508.0,8495.0,8495.0,3924.0,-9.657661947323504,-9.288223938424222,-0.3694380088992819,4,-1,-293.3956206351386,-589.3394154215356,295.943794786397,2,0,8.258729432833443,-4.919674251837831,0.0,4,0,0.0,0,0,0,0,0,0,True,False,0,0.0,0.0,0.0,0,0,0.0
2025-01-23 14:55:00+08:00,8495.0,8504.0,8493.0,8496.0,7132.0,-9.748784331595743,-9.441894392759169,-0.30688993883657467,4,0,6.800604602777639,-390.69151172730676,397.4921163300844,2,0,7.425215665625495,-5.225561830916581,0.0,4,0,0.0,0,0,0,0,0,0,True,False,0,0.0,0.0,0.0,0,0,0.0
2025-01-23 21:00:00+08:00,8506.0,8534.0,8500.0,8524.0,16251.0,-6.050967448789379,-8.311645383200855,2.2606779344114756,2,1,1375.9307495691355,198.18452857183024,1177.7462209973053,2,0,18.74961749418818,-3.9070003892175897,0.0,2,0,0.0,0,0,0,0,0,0,False,True,0,0.0,0.0,0.0,0,0,0.0
2025-01-23 21:05:00+08:00,8524.0,8539.0,8521.0,8532.0,8267.0,-2.305356899236358,-6.310055724582513,4.004698825346155,2,0,1296.5003581274677,564.3558655088107,732.1444926186571,2,0,28.58060129653517,-1.6375353075009116,0.0,2,0,0.0,0,0,0,0,0,0,False,True,0,0.0,0.0,0.0,0,0,0.0
2025-01-23 21:10:00+08:00,8533.0,8533.0,8521.0,8523.0,4342.0,-0.7637908121250803,-4.461850947430821,3.6980601353057407,2,0,714.6732281433269,614.4385445977144,100.23468354561248,2,0,29.291696253832683,0.07922245705666953,0.0,2,0,0.0,0,0,0,0,0,0,False,True,0,0.0,0.0,0.0,0,0,0.0
2025-01-23 21:15:00+08:00,8523.0,8528.0,8514.0,8519.0,5248.0,-0.17056475736717402,-3.031671029789823,2.861106272422649,2,0,405.1979393827014,544.7076357596146,-139.5096963769132,1,-1,26.957246025132942,0.9964504037325632,0.0,2,0,0.0,0,0,0,0,0,0,False,True,0,0.0,0.0,0.0,0,0,0.0
2025-01-23 21:20:00+08:00,8518.0,8521.0,8506.0,8507.0,5159.0,-1.273112044804293,-2.445494329815707,1.1723822850114138,2,0,167.58369729316746,419.0511487020219,-251.46745140885446,4,0,20.777104146580513,0.8379100537417088,0.0,2,0,0.0,0,0,0,0,0,0,False,True,0,0.0,0.0,0.0,0,0,0.0
2025-01-23 21:25:00+08:00,8506.0,8509.0,8466.0,8485.0,17623.0,-4.815763736991357,-3.235664849797441,-1.5800988871939161,4,-1,1579.553150236271,805.9215222417165,773.6316279945545,2,1,15.62702708597665,0.06645310028833507,0.0,2,0,0.0,0,0,0,0,0,0,True,False,0,0.0,0.0,0.0,0,0,0.0
2025-01-23 21:30:00+08:00,8486.0,8502.0,8483.0,8499.0,7195.0,-5.429244647486485,-3.9671098963027767,-1.462134751183708,4,0,1215.5586488133886,942.5118907738754,273.0467580395132,2,0,19.339566681010567,0.0066003517199284545,0.0,2,0,0.0,0,0,0,0,0,0,True,False,0,0.0,0.0,0.0,0,0,0.0
2025-01-23 21:35:00+08:00,8499.0,8501.0,8492.0,8493.0,4298.0,-6.508009528186449,-4.814324516458977,-1.6936850117274718,4,0,565.7351601574974,816.8796368011841,-251.14447664368674,1,-1,20.45308466798475,0.12253075935721114,0.0,2,0,0.0,0,0,0,0,0,0,True,False,0,0.0,0.0,0.0,0,0,0.0
2025-01-23 21:40:00+08:00,8494.0,8495.0,8484.0,8489.0,4341.0,-7.637396320982589,-5.755592817824877,-1.8818035031577116,4,0,101.96921341678717,578.5731938459112,-476.603980429124,4,0,19.516319889884954,0.07692291497260584,0.0,2,0,0.0,0,0,0,0,0,0,True,False,0,0.0,0.0,0.0,0,0,0.0
2025-01-23 21:45:00+08:00,8490.0,8497.0,8486.0,8493.0,2881.0,-7.762556687735923,-6.424753312216841,-1.3378033755190826,4,0,-411.952989142369,248.38290564392418,-660.3358947862932,4,0,21.282269098116966,0.2588399284725007,0.0,2,0,0.0,0,0,0,0,0,0,True,False,0,0.0,0.0,0.0,0,0,0.0
2025-01-23 21:50:00+08:00,8494.0,8502.0,8494.0,8500.0,2493.0,-6.797550936738844,-6.549241337916931,-0.24830959882191284,4,0,-814.121795167016,-105.76759579736711,-708.3541993696489,4,0,25.67209079091555,0.9344699253484201,0.0,2,0,0.0,0,0,0,0,0,0,True,False,0,0.0,0.0,0.0,0,0,0.0
2025-01-23 21:55:00+08:00,8501.0,8520.0,8501.0,8515.0,7326.0,-4.069674174237662,-5.722730059451971,1.6530558852143091,2,1,-465.9448927166968,-225.58871584462761,-240.3561768720692,4,0,38.924401812969876,3.0695359989598714,0.0,2,0,0.0,0,0,0,0,0,0,False,True,0,0.0,0.0,0.0,0,0,0.0
2025-01-23 22:00:00+08:00,8514.0,8520.0,8512.0,8519.0,3313.0,-1.5561600679739058,-4.334040752479543,2.7778806845056367,2,0,-720.8169603313563,-390.62848195494536,-330.18847837641096,4,0,50.67340805836379,6.012104132909144,0.0,2,0,0.0,0,0,0,0,0,0,False,True,0,0.0,0.0,0.0,0,0,0.0
2025-01-23 22:05:00+08:00,8519.0,8521.0,8513.0,8519.0,2671.0,0.24578077280784782,-2.8073424988120035,3.0531232716198513,2,0,-966.426068074853,-582.5199467170885,-383.9061213577645,4,0,63.5083126838053,9.579021772079066,0.0,2,0,0.0,0,0,0,0,0,0,False,True,0,0.0,0.0,0.0,0,0,0.0
2025-01-23 22:10:00+08:00,8519.0,8520.0,8510.0,8513.0,2835.0,0.7467093883078633,-1.6225852323675394,2.3692946206754026,2,0,-1098.0622773221758,-754.4092105707896,-343.6530667513862,4,0,64.99324279847986,12.05752670121948,0.0,2,0,0.0,0,0,0,0,0,0,False,True,0,0.0,0.0,0.0,0,0,0.0
2025-01-23 22:15:00+08:00,8514.0,8519.0,8510.0,8515.0,2013.0,1.337840558942844,-0.635289385766129,1.973129944708973,2,0,-1271.7221256863227,-926.772435558999,-344.9496901273237,4,0,65.82212992718509,13.650703370657922,0.0,2,0,0.0,0,0,0,0,0,0,False,True,0,0.0,0.0,0.0,0,0,0.0
2025-01-23 22:20:00+08:00,8514.0,8516.0,8505.0,8512.0,2792.0,1.3446792357572122,0.02519481394549017,1.319484421811722,2,0,-1268.1612525159653,-1040.575638791666,-227.58561372429926,4,0,63.731135116677024,14.200095864496532,0.0,2,0,0.0,0,0,0,0,0,0,False,True,0,0.0,0.0,0.0,0,0,0.0
2025-01-23 22:25:00+08:00,8512.0,8515.0,8509.0,8512.0,1555.0,1.3209149553404131,0.45737625916442926,0.8635386961759839,2,0,-1395.9315504672281,-1159.066714808445,-236.86483565878302,4,0,62.339076342474996,14.1055558758273,0.0,2,0,0.0,0,0,0,0,0,0,False,True,0,0.0,0.0,0.0,0,0,0.0
2025-01-23 22:30:00+08:00,8509.0,8531.0,8508.0,8528.0,7158.0,3.3081760472869064,1.40803755108819,1.9001384961987164,2,2,-744.8747974390644,-1021.0951338495364,276.220336410472,2,1,73.54223993624502,15.16235381059191,0.0,2,0,0.0,0,0,0,0,0,0,False,True,0,0.0,0.0,0.0,0,0,0.0
2025-01-23 22:35:00+08:00,8528.0,8529.0,8519.0,8524.0,2879.0,4.128688409931783,2.3152469988318156,1.8134414110999675,2,0,-814.2587175933886,-952.160332636401,137.90161504301238,2,0,77.04104979840866,16.01455943274896,0.0,2,0,0.0,0,0,0,0,0,0,False,True,0,0.0,0.0,0.0,0,0,0.0
2025-01-23 22:40:00+08:00,8525.0,8535.0,8524.0,8534.0,4556.0,5.888558550639573,3.506614474009956,2.3819440766296167,2,0,-632.9161387062909,-845.769830159033,212.85369145274205,2,0,85.25165940476464,17.325001339766494,0.0,2,10,0.0,0,0,0,0,0,0,False,True,0,0.0,0.0,0.0,0,0,0.0
2025-01-23 22:45:00+08:00,8535.0,8550.0,8532.0,8541.0,7824.0,7.891162604855708,4.968254925976323,2.922907678879385,2,0,-76.97231240270958,-589.5665107890893,512.5941983863797,2,0,88.68643510589868,18.319469613252075,0.0,2,0,0.0,0,0,0,0,0,0,False,True,0,0.0,0.0,0.0,0,0,0.0
2025-01-23 22:50:00+08:00,8539.0,8559.0,8539.0,8549.0,8178.0,10.149299573104145,6.695397179835409,3.453902393268736,2,0,360.7960478115074,-272.8582248151437,633.6542726266512,2,0,89.67787468608046,18.760945331411882,0.0,2,0,0.0,0,0,0,0,0,0,False,True,0,0.0,0.0,0.0,0,0,0.0
2025-01-23 22:55:00+08:00,8549.0,8557.0,8543.0,8553.0,5939.0,12.031415479024872,8.47409438337923,3.5573210956456425,2,0,376.9118419508204,-56.32055852418961,433.23240047501,2,0,92.16641927584803,18.992502060294612,0.0,2,0,0.0,0,0,0,0,0,0,False,True,0,0.0,0.0,0.0,0,0,0.0
2025-01-24 09:00:00+08:00,8544.0,8549.0,8504.0,8505.0,17622.0,7.00600517658313,7.984758711423709,-0.9787535348405783,1,-1,1863.7813697185047,583.626214814187,1280.1551549043177,2,0,64.7123754743942,15.26541398676573,0.0,4,0,0.0,0,0,0,0,0,0,True,False,0,0.0,0.0,0.0,0,0,0.0
2025-01-24 09:05:00+08:00,8504.0,8504.0,8473.0,8485.0,16488.0,0.7817357978201471,5.583854745208842,-4.802118947388695,4,0,2726.6979321257822,1297.958634927019,1428.7392971987633,2,0,36.88858763803252,8.816395806396642,0.0,4,0,0.0,0,0,0,0,0,0,True,False,0,0.0,0.0,0.0,0,0,0.0
2025-01-24 09:10:00+08:00,8487.0,8504.0,8485.0,8498.0,8841.0,-1.9637510929878772,3.0683519388640206,-5.032103031851898,4,0,2305.2137764533227,1633.7225676370624,671.4912088162603,2,0,31.701840679081293,3.4439724982651043,0.0,4,0,0.0,0,0,0,0,0,0,True,False,0,0.0,0.0,0.0,0,0,0.0
2025-01-24 09:15:00+08:00,8498.0,8516.0,8496.0,8513.0,7145.0,-1.9495131602488982,1.3959442445445553,-3.3454574047934535,4,0,1744.4450927856406,1670.6245985116268,73.82049427401375,2,0,40.79261443409093,0.7540068838734371,0.0,4,0,0.0,0,0,0,0,0,0,True,False,0,0.0,0.0,0.0,0,0,0.0
2025-01-24 09:20:00+08:00,8513.0,8522.0,8510.0,8517.0,5877.0,-1.3905808972995146,0.4670047821123434,-1.8575856794118581,4,0,1151.8515028873771,1497.6556127024655,-345.8041098150884,1,-1,49.17111420243736,-0.08899160657871619,0.0,4,0,0.0,0,0,0,0,0,0,True,False,0,0.0,0.0,0.0,0,0,0.0
2025-01-24 09:25:00+08:00,8516.0,8516.0,8505.0,8506.0,4502.0,-2.3646749922245363,-0.4769847409357477,-1.8876902512887885,4,0,535.8339349776097,1176.9891545594446,-641.1552195818349,4,0,46.61275512637458,-0.9983837448390176,0.0,4,0,0.0,0,0,0,0,0,0,True,False,0,0.0,0.0,0.0,0,0,0.0
2025-01-24 09:30:00+08:00,8507.0,8520.0,8504.0,8517.0,4163.0,-1.6034088034648448,-0.8526571439127404,-0.7507516595521044,4,0,47.95824017338509,800.6052054288657,-752.6469652554806,4,0,50.92300772853442,-1.071282250368462,0.0,4,0,0.0,0,0,0,0,0,0,True,False,0,0.0,0.0,0.0,0,0,0.0
2025-01-24 09:35:00+08:00,8517.0,8530.0,8512.0,8526.0,5081.0,0.10938760198223463,-0.5318504167926503,0.641238018774885,2,1,-179.51354967002408,474.1398577114568,-653.6534073814809,4,0,58.987848208262676,-0.057047326185141856,0.0,4,0,0.0,0,0,0,0,0,0,False,True,0,0.0,0.0,0.0,0,0,0.0
2025-01-24 09:40:00+08:00,8527.0,8541.0,8526.0,8536.0,5609.0,2.5820813216705574,0.506099433052376,2.0759818886181813,2,0,-268.87613199942825,226.52765494757608,-495.40378694700433,4,0,69.08693908450431,1.9304986256030716,0.0,3,1,0.0,0,0,0,0,0,0,False,True,0,0.0,0.0,0.0,0,0,0.0
2025-01-24 09:45:00+08:00,8536.0,8552.0,8533.0,8535.0,8305.0,4.140353092776422,1.717364781053039,2.4229883117233832,2,0,16.24350985631645,156.44651457554392,-140.20300471922747,4,0,73.34269574901028,3.8269493758514344,0.0,2,0,0.0,0,0,0,0,0,0,False,True,0,0.0,0.0,0.0,0,0,0.0
2025-01-24 09:50:00+08:00,8535.0,8537.0,8522.0,8531.0,4620.0,4.641135256706548,2.6916343022718014,1.9495009544347464,2,0,-251.40740500671745,20.496079481776093,-271.9034844884935,4,0,72.23624372898104,4.913855186162358,0.0,2,0,0.0,0,0,0,0,0,0,False,True,0,0.0,0.0,0.0,0,0,0.0
2025-01-24 09:55:00+08:00,8531.0,8542.0,8529.0,8540.0,2909.0,6.038065467304477,3.806764804562361,2.2313006627421164,2,2,-651.2463784567008,-202.9908525500692,-448.25552590663153,4,0,76.4250320790294,6.125283928516552,0.0,2,0,0.0,0,0,0,0,0,0,False,True,0,0.0,0.0,0.0,0,0,0.0
2025-01-24 10:00:00+08:00,8541.0,8554.0,8541.0,8548.0,5244.0,7.909108643005311,5.173882491414398,2.735226151590913,2,0,-622.6475119592478,-342.8464203259922,-279.8010916332556,4,0,83.59330526919983,7.7381372532030355,0.0,2,0,0.0,0,0,0,0,0,0,False,True,0,0.0,0.0,0.0,0,0,0.0
2025-01-24 10:05:00+08:00,8548.0,8549.0,8531.0,8547.0,5412.0,8.931147561628677,6.425815451532975,2.5053321100957024,2,0,-568.0901295447084,-417.97788430149774,-150.11224524321062,4,0,86.56838231227277,9.092460238856972,0.0,2,0,0.0,0,0,0,0,0,0,False,True,0,0.0,0.0,0.0,0,0,0.0
2025-01-24 10:10:00+08:00,8546.0,8551.0,8542.0,8545.0,3726.0,9.207266832103414,7.352486807597797,1.854780024505617,2,0,-731.8127154996528,-522.668367690524,-209.14434780912882,4,0,86.24979660629259,9.813130701800873,0.0,2,0,0.0,0,0,0,0,0,0,False,True,0,0.0,0.0,0.0,0,0,0.0
2025-01-24 10:30:00+08:00,8544.0,8546.0,8532.0,8545.0,4327.0,9.206651653212248,7.970114474382901,1.236537178829347,2,0,-755.1729466634897,-600.1879335270909,-154.98501313639883,4,0,85.67094009665118,10.029056194400567,0.0,2,0,0.0,0,0,0,0,0,0,False,True,0,0.0,0.0,0.0,0,0,0.0
2025-01-24 10:35:00+08:00,8544.0,8547.0,8534.0,8539.0,2538.0,8.249506883066715,8.062952765838713,0.18655411722800253,2,0,-982.8821710503707,-727.8399164116182,-255.04225463875252,4,0,81.71825381643933,9.465695355328933,0.0,2,0,0.0,0,0,0,0,0,0,False,True,0,0.0,0.0,0.0,0,0,0.0
2025-01-24 10:40:00+08:00,8539.0,8544.0,8529.0,8529.0,3617.0,6.131402167573469,7.4187589619340075,-1.2873567943605382,4,-1,-985.3396230000244,-813.773892628586,-171.56573037143835,4,0,73.52317882675192,7.83224464933231,0.0,4,-1,0.0,0,0,0,0,0,0,True,False,0,0.0,0.0,0.0,0,0,0.0
2025-01-24 10:45:00+08:00,8530.0,8539.0,8527.0,8529.0,3123.0,4.511187846168468,6.44936568111988,-1.9381778349514116,4,0,-1029.0023524152766,-885.6482672780286,-143.35408513724803,4,0,69.27107815902282,6.010105845223947,0.0,4,0,0.0,0,0,0,0,0,0,True,False,0,0.0,0.0,0.0,0,0,0.0
2025-01-24 10:50:00+08:00,8529.0,8534.0,8527.0,8532.0,2198.0,3.6565741271533625,5.518332965235083,-1.8617588380817205,4,0,-1155.3780625728627,-975.630282399385,-179.74778017347774,4,0,69.52507061075089,4.62676272964049,0.0,4,0,0.0,0,0,0,0,0,0,True,False,0,0.0,0.0,0.0,0,0,0.0
2025-01-24 10:55:00+08:00,8531.0,8533.0,8518.0,8518.0,3522.0,1.2003694045524753,4.079264279413427,-2.8788948748609515,4,0,-1051.6288253323,-1000.9250555325395,-50.703769799760494,4,0,61.817464984092865,2.5716874103245004,0.0,4,0,0.0,0,0,0,0,0,0,True,False,0,0.0,0.0,0.0,0,0,0.0
2025-01-24 11:00:00+08:00,8518.0,8519.0,8506.0,8517.0,5364.0,-0.6803980145468813,2.4929641696044995,-3.173362184151381,4,0,-722.5999526994178,-908.2522917852536,185.65233908583582,2,1,54.854517441553796,0.1779693012013297,0.0,4,0,0.0,0,0,0,0,0,0,True,False,0,0.0,0.0,0.0,0,0,0.0
2025-01-24 11:05:00+08:00,8518.0,8528.0,8512.0,8523.0,4260.0,-1.2274786882626358,1.2531238654442443,-2.48060255370688,4,0,-615.8895562664429,-810.8132689111911,194.9237126447482,2,0,55.63049009232223,-1.4167271837454933,0.0,4,0,0.0,0,0,0,0,0,0,True,False,0,0.0,0.0,0.0,0,0,0.0
2025-01-24 11:10:00+08:00,8524.0,8530.0,8517.0,8518.0,2602.0,-2.221450267268665,0.09512798927630928,-2.3165782565449744,4,0,-738.2501449835695,-786.5889672565787,48.338822273009214,2,0,53.64667900231069,-2.75329837704291,0.0,4,0,0.0,0,0,0,0,0,0,True,False,0,0.0,0.0,0.0,0,0,0.0
2025-01-24 11:15:00+08:00,8518.0,8524.0,8514.0,8516.0,2140.0,-3.127990802826389,-0.9792101276818856,-2.1487806751445033,4,0,-867.5029839240724,-813.6297635134765,-53.87322041059588,1,-1,51.24652040996706,-3.938838431757162,0.0,4,-100,0.0,0,0,0,0,0,-6,True,False,0,8516.0,0.0,0.0,0,0,0.0
2025-01-24 11:20:00+08:00,8516.0,8530.0,8516.0,8523.0,2479.0,-2.8109175548215717,-1.5898273891039003,-1.2210901657176714,4,0,-897.0594728757787,-841.5013963887135,-55.55807648706525,4,0,54.668296417797464,-4.252448454372612,0.0,4,0,0.0,0,0,0,0,0,0,True,False,-1,8516.0,0.0,0.0,0,0,0.0
2025-01-24 13:30:00+08:00,8518.0,8533.0,8509.0,8531.0,4671.0,-1.779814170951795,-2.030831800305612,0.2510176293538171,3,1,-458.0469541132243,-679.3354760631731,221.28852194994886,2,0,60.829149299920374,-3.7431598509765394,0.0,4,0,0.0,0,0,0,0,0,0,False,True,0,8516.0,0.0,0.0,0,0,0.0
2025-01-24 13:35:00+08:00,8531.0,8534.0,8526.0,8530.0,1645.0,-0.806427582851029,-1.6226874331101964,0.8162598502591674,2,0,-671.5551957551306,-676.7347414400703,5.179545684939626,2,0,64.77766633775096,-2.5497362617235666,0.0,3,1,0.0,0,0,0,0,0,0,False,True,0,8516.0,0.0,0.0,0,0,0.0
2025-01-24 13:40:00+08:00,8530.0,8532.0,8518.0,8522.0,2393.0,-1.1206012329621444,-1.4556385998454797,0.3350373668833353,2,0,-712.5918644877056,-688.6693571653776,-23.922507322327988,1,-1,61.045476028570135,-2.124157017875355,0.0,2,0,0.0,0,0,0,0,0,0,False,True,0,8516.0,0.0,0.0,0,0,0.0
2025-01-24 13:45:00+08:00,8523.0,8524.0,8511.0,8515.0,2940.0,-2.2071428930776165,-1.7066487579426672,-0.5004941351349492,4,-1,-656.6975202512913,-677.7832531665123,21.085732915221,2,1,53.94858017249233,-2.6701501205436884,0.0,1,-1,0.0,0,0,0,0,0,-1,True,False,0,8515.0,0.0,0.0,0,0,0.0
2025-01-24 13:50:00+08:00,8516.0,8519.0,8506.0,8511.0,3210.0,-3.433725031460199,-2.283440494451176,-1.1502845370090227,4,0,-568.8131331237096,-640.93913198997,72.12599886626037,2,0,47.676180612991914,-3.787311824555914,0.0,4,0,0.0,0,0,0,0,0,0,True,False,-1,8515.0,0.0,0.0,0,0,0.0
2025-01-24 13:55:00+08:00,8512.0,8516.0,8511.0,8515.0,1779.0,-3.716242104595949,-2.761872623855077,-0.9543694807408722,4,0,-677.0056185716744,-652.8933315038215,-24.11228706785289,1,-1,47.439580081941685,-4.515896237846512,0.0,4,0,0.0,0,0,0,0,0,0,True,False,-1,8515.0,0.0,0.0,0,0,0.0
2025-01-24 14:00:00+08:00,8515.0,8515.0,8508.0,8511.0,2418.0,-4.344471618618627,-3.2901787189543192,-1.0542928996643077,4,0,-657.7942954640148,-654.5900841431245,-3.2042113208902947,1,0,45.42264034953655,-5.206252071534514,0.0,4,0,0.0,0,0,0,0,0,0,True,False,-1,8515.0,0.0,0.0,0,0,0.0
2025-01-24 14:05:00+08:00,8511.0,8513.0,8501.0,8502.0,2758.0,-5.837768031800806,-4.140254893557945,-1.6975131382428614,4,0,-587.2272317543875,-632.2298535703927,45.00262181600522,2,1,38.562667252974435,-6.4473263128923435,0.0,4,0,0.0,0,0,0,0,0,0,True,False,-1,8515.0,0.0,0.0,0,0,0.0
2025-01-24 14:10:00+08:00,8503.0,8513.0,8503.0,8508.0,3154.0,-6.003027071348697,-4.761747678408244,-1.241279392940453,4,0,-474.8793835914498,-579.8754925544484,104.99610896299862,2,0,38.80697957715611,-7.15321587973299,0.0,4,0,0.0,0,0,0,0,0,0,True,False,-1,8515.0,0.0,0.0,0,0,0.0
2025-01-24 14:15:00+08:00,8508.0,8524.0,8508.0,8519.0,4536.0,-4.595377592489967,-4.706668660456967,0.11129106796699961,3,1,-210.29926201269336,-456.77835955509147,246.4790975423981,2,0,46.80919710359022,-6.491099080213438,0.0,4,0,0.0,0,0,0,0,0,0,False,True,-1,0.0,0.0,0.0,0,0,0.0
2025-01-24 14:20:00+08:00,8520.0,8542.0,8519.0,8542.0,6278.0,-0.5865761618060787,-3.333279338949649,2.74670317714357,2,0,201.55320515018911,-237.39964375124222,438.95284890143137,2,0,66.24973992490722,-3.396744030644868,0.0,2,1,0.0,0,0,0,0,0,0,False,True,0,0.0,0.0,0.0,0,0,0.0
2025-01-24 14:25:00+08:00,8541.0,8561.0,8541.0,8555.0,9952.0,3.8975034003397013,-0.9231265501111485,4.82062995045085,2,0,953.5971039365286,159.49987211219332,794.0972318243353,2,0,83.66670967513656,1.0767178733024068,0.0,2,0,0.0,0,0,0,0,0,0,False,True,0,0.0,0.0,0.0,0,0,0.0
2025-01-24 14:30:00+08:00,8555.0,8560.0,8548.0,8557.0,5198.0,7.224535136010672,1.7927577251036046,5.431777410907068,2,0,858.9071959368184,392.519606584385,466.38758935243345,2,0,92.73704035204143,5.3496400906103005,0.0,2,0,0.0,0,0,0,0,0,0,False,True,0,0.0,0.0,0.0,0,0,0.0
2025-01-24 14:35:00+08:00,8557.0,8590.0,8556.0,8583.0,14870.0,12.714934180463388,5.433917155189899,7.2810170252734885,2,0,2002.4123583954624,929.17810909115,1073.2342493043125,2,0,95.10208763113064,8.544458030968272,0.0,2,100,0.0,0,0,0,0,0,0,False,True,0,0.0,0.0,0.0,0,0,0.0
2025-01-24 14:40:00+08:00,8583.0,8585.0,8572.0,8580.0,5050.0,15.928769913105498,8.932793820824909,6.995976092280589,2,0,1517.596441308051,1125.206932568213,392.389508739838,2,0,93.30964265399385,10.353020295404875,0.0,2,0,0.0,0,0,0,0,0,0,False,True,0,0.0,0.0,0.0,0,0,0.0
2025-01-24 14:45:00+08:00,8580.0,8580.0,8550.0,8552.0,6548.0,14.297962364655177,10.721902376207417,3.57605998844776,2,0,1334.4832039849416,1194.832742894319,139.65046109062268,2,0,74.6839096128216,9.004093971475385,0.0,2,0,0.0,0,0,0,0,0,0,False,True,0,0.0,0.0,0.0,0,0,0.0
2025-01-24 14:50:00+08:00,8550.0,8551.0,8536.0,8537.0,5967.0,10.943117157847155,10.796315986093393,0.1468011717537614,2,0,1103.6220870171192,1164.3417990680468,-60.71971205092768,1,-1,53.55747898779259,5.178129923107804,0.0,1,-1,0.0,0,0,0,0,0,0,True,True,0,0.0,0.0,0.0,0,0,0.0
2025-01-24 14:55:00+08:00,8536.0,8544.0,8534.0,8542.0,5985.0,8.985828832317566,10.193540045741162,-1.2077112134235968,4,-1,920.044320901291,1082.7959965704515,-162.75167566916048,4,0,46.58460847694186,1.4844872334132475,0.0,4,0,0.0,0,0,0,0,0,0,True,False,0,0.0,0.0,0.0,0,0,0.0
2025-01-24 21:00:00+08:00,8563.0,8574.0,8536.0,8563.0,14384.0,10.085067354435523,10.158034863437182,-0.07296750900165883,4,0,1837.8951420754302,1334.377089459928,503.51805261550226,2,1,58.04030971263241,0.2995957107242262,0.0,4,0,0.0,0,0,0,0,0,0,True,False,0,0.0,0.0,0.0,0,0,0.0
2025-01-24 21:05:00+08:00,8564.0,8565.0,8552.0,8554.0,4853.0,9.502554428387157,9.94027893365406,-0.4377245052669032,4,0,1234.642693010861,1301.073156465557,-66.43046345469611,1,-1,59.84751139028771,-0.3217141429311354,0.0,4,0,0.0,0,0,0,0,0,0,True,False,0,0.0,0.0,0.0,0,0,0.0
2025-01-24 21:10:00+08:00,8554.0,8560.0,8546.0,8554.0,4672.0,8.891672706811732,9.591454415933532,-0.6997817091217993,4,0,761.0572812592791,1121.0589273285927,-360.00164606931367,4,0,59.84789539794086,-0.7611814389945835,0.0,4,0,0.0,0,0,0,0,0,0,True,False,0,0.0,0.0,0.0,0,0,0.0
2025-01-24 21:15:00+08:00,8553.0,8564.0,8551.0,8563.0,3210.0,9.416446208970228,9.533652261313156,-0.11720605234292769,4,0,226.01405825413713,822.6835367509134,-596.6694784967763,4,0,65.29954803576213,-0.3470237547645709,0.0,4,0,0.0,0,0,0,0,0,0,True,False,0,0.0,0.0,0.0,0,0,0.0
2025-01-24 21:20:00+08:00,8563.0,8585.0,8562.0,8577.0,7623.0,11.364155880422913,10.144176324545642,1.2199795558772717,2,1,405.12982434102014,683.5059601712999,-278.37613583027974,4,0,77.12832850764116,1.4612262316135798,0.0,2,1,0.0,0,0,0,0,0,0,False,True,0,0.0,0.0,0.0,0,0,0.0
2025-01-24 21:25:00+08:00,8576.0,8579.0,8566.0,8575.0,3980.0,12.240264594638575,10.84312863073242,1.3971359639061554,2,0,60.26749934631425,476.017804256918,-415.75030491060375,4,0,82.01375185376742,3.343793388869358,0.0,2,0,0.0,0,0,0,0,0,0,False,True,0,0.0,0.0,0.0,0,0,0.0
2025-01-24 21:30:00+08:00,8575.0,8596.0,8572.0,8589.0,6576.0,14.375011753514627,12.0201571600203,2.354854593494327,2,0,145.9030734306416,366.1253258386334,-220.2222524079918,4,0,88.77783854905839,5.448543710382836,0.0,2,0,0.0,0,0,0,0,0,0,False,True,0,0.0,0.0,0.0,0,0,0.0
2025-01-24 21:35:00+08:00,8589.0,8601.0,8589.0,8596.0,6218.0,16.46176713210116,13.500365774930659,2.9614013571705,2,0,157.6607573525298,296.791412803389,-139.1306554508592,4,0,93.30908052908433,7.397849610149052,0.0,2,0,0.0,0,0,0,0,0,0,False,True,0,0.0,0.0,0.0,0,0,0.0
2025-01-24 21:40:00+08:00,8595.0,8601.0,8590.0,8600.0,3644.0,18.08984530705129,15.030013082091925,3.059832224959367,2,0,-164.32835055613668,143.14027342195754,-307.46862397809423,4,0,97.29342969844836,9.12111917094991,0.0,2,0,0.0,0,0,0,0,0,0,False,True,0,0.0,0.0,0.0,0,0,0.0
2025-01-24 21:45:00+08:00,8600.0,8608.0,8596.0,8600.0,4902.0,18.852420781311594,16.30377132473051,2.548649456581085,2,0,-227.76047896811906,19.483473795764795,-247.24395276388384,4,0,95.37227015797848,9.890912706805821,0.0,2,0,0.0,0,0,0,0,0,0,False,True,0,0.0,0.0,0.0,0,0,0.0
2025-01-24 21:50:00+08:00,8601.0,8603.0,8587.0,8587.0,4458.0,17.33927926544675,16.648663686217382,0.690615579229366,2,0,-323.89935704626714,-94.94030086851353,-228.9590561777536,4,0,87.0209692833426,9.188964176540239,0.0,2,0,0.0,0,0,0,0,0,0,False,True,0,0.0,0.0,0.0,0,0,0.0
2025-01-24 21:55:00+08:00,8587.0,8589.0,8583.0,8584.0,3253.0,15.52702670589315,16.275009798881044,-0.7479830929878943,4,-1,-537.5272337576189,-242.26652083615858,-295.2607129214603,4,0,80.84519818389161,7.709940663740156,0.0,1,-1,0.0,0,0,0,0,0,0,True,False,0,0.0,0.0,0.0,0,0,0.0
2025-01-24 22:00:00+08:00,8583.0,8588.0,8573.0,8579.0,3904.0,13.288774602388003,15.280306725326243,-1.9915321229382403,4,0,-593.8824272529264,-359.3769993093789,-234.5054279435475,4,0,75.58361553456226,5.85423628457589,0.0,4,0,0.0,0,0,0,0,0,0,True,False,0,0.0,0.0,0.0,0,0,0.0
2025-01-24 22:05:00+08:00,8578.0,8584.0,8575.0,8581.0,2860.0,11.686157079537224,14.082550819158854,-2.3963937396216295,4,0,-753.5917829765394,-490.754383074275,-262.83739990226445,4,0,74.32198243721069,4.263555075146741,0.0,4,0,0.0,0,0,0,0,0,0,True,False,0,0.0,0.0,0.0,0,0,0.0
2025-01-24 22:10:00+08:00,8581.0,8583.0,8569.0,8572.0,2608.0,9.16805778507478,12.44447681241992,-3.27641902734514,4,0,-882.0674331860546,-621.2048188253623,-260.8626143606923,4,0,69.54950978426976,2.448947527713912,0.0,4,0,0.0,0,0,0,0,0,0,True,False,0,0.0,0.0,0.0,0,0,0.0
2025-01-24 22:15:00+08:00,8571.0,8576.0,8560.0,8563.0,4193.0,6.05891331809471,10.315784598799906,-4.256871280705196,4,0,-752.5441365608986,-664.9999685196502,-87.54416804124833,4,0,62.38088181786081,0.2420092902821267,0.0,4,0,0.0,0,0,0,0,0,0,True,False,0,0.0,0.0,0.0,0,0,0.0
2025-01-24 22:20:00+08:00,8564.0,8569.0,8558.0,8559.0,3170.0,3.2345022192112083,7.954918770535386,-4.720416551324178,4,0,-775.20322878057,-701.5850836608116,-73.61814511975842,4,0,56.79538587236753,-2.0721157883108106,0.0,4,0,0.0,0,0,0,0,0,0,True,False,0,0.0,0.0,0.0,0,0,0.0
2025-01-24 22:25:00+08:00,8559.0,8563.0,8551.0,8551.0,3688.0,0.16290044869856501,5.357494922608551,-5.194594473909986,4,0,-709.1184378613257,-704.1239157559936,-4.9945221053320665,4,0,50.29231296263649,-4.523290552940537,0.0,4,-100,0.0,0,0,0,0,0,0,True,False,0,0.0,0.0,0.0,0,0,0.0
2025-01-24 22:30:00+08:00,8555.0,8564.0,8551.0,8559.0,4530.0,-0.9862402019498404,3.2427869713310775,-4.229027173280918,4,0,-540.7410891899135,-649.7360447896584,108.99495559974491,2,1,51.43547833583004,-6.010310539941578,0.0,4,0,0.0,0,0,0,0,0,0,True,False,0,0.0,0.0,0.0,0,0,0.0
2025-01-24 22:35:00+08:00,8561.0,8569.0,8560.0,8568.0,4003.0,-0.6311861216145189,1.9513419048811742,-2.582528026495693,4,0,-477.74517784447426,-592.4770328646479,114.73185502017361,2,0,57.529805925719934,-6.150440339723502,0.0,4,0,0.0,0,0,0,0,0,0,True,False,0,0.0,0.0,0.0,0,0,0.0
2025-01-24 22:40:00+08:00,8568.0,8571.0,8564.0,8567.0,2598.0,-0.4949480137693172,1.135828246691421,-1.630776260460738,4,0,-601.7639641005703,-595.6724959130844,-6.09146818748593,1,-1,60.44755033573432,-5.746365284017578,0.0,4,0,0.0,0,0,0,0,0,0,True,False,0,0.0,0.0,0.0,0,0,0.0
2025-01-24 22:45:00+08:00,8565.0,8572.0,8557.0,8562.0,3151.0,-1.0234866838291055,0.4160247513317008,-1.4395114351608063,4,0,-606.0762950619696,-599.2160299029971,-6.860265158972538,1,0,58.92197711002727,-5.55457087268519,0.0,4,0,0.0,0,0,0,0,0,0,True,False,0,0.0,0.0,0.0,0,0,0.0
2025-01-24 22:50:00+08:00,8562.0,8568.0,8560.0,8566.0,2264.0,-0.8654909156248323,-0.010861315867349841,-0.8546295997574824,4,0,-708.8838391480908,-635.7981308234366,-73.0857083246542,4,0,59.818415738782306,-5.187979086271113,0.0,4,0,0.0,0,0,0,0,0,0,True,False,0,0.0,0.0,0.0,0,0,0.0
2025-01-24 22:55:00+08:00,8565.0,8570.0,8561.0,8561.0,2951.0,-1.3709003493604541,-0.46397441120738453,-0.9069259381530697,4,0,-679.0563826557059,-650.3008243566487,-28.755558299057157,4,0,57.86223034516308,-5.061545942363644,0.0,4,0,0.0,0,0,0,0,0,0,True,False,0,0.0,0.0,0.0,0,0,0.0
2025-01-27 09:00:00+08:00,8560.0,8560.0,8522.0,8545.0,14769.0,-3.7292363573815237,-1.5521625398450416,-2.177073817536482,4,-2,856.9632876474461,-147.98155801349685,1004.944845660943,2,1,48.34710242157668,-6.0602440004885025,0.0,4,-10,0.0,0,0,0,0,0,0,True,False,0,0.0,0.0,0.0,0,0,0.0
2025-01-27 09:05:00+08:00,8545.0,8546.0,8507.0,8509.0,12892.0,-9.881293383681623,-4.3283439941187085,-5.552949389562914,4,0,1681.3881342720097,461.7364963794799,1219.6516378925298,2,0,24.45817261156434,-9.669148679483406,0.0,4,0,0.0,0,0,0,0,0,0,True,False,0,0.0,0.0,0.0,0,0,0.0
2025-01-27 09:10:00+08:00,8509.0,8511.0,8491.0,8506.0,13171.0,-14.38228314110529,-7.679448957236797,-6.702834183868493,4,0,2261.3188850219076,1061.4819575289212,1199.8369274929864,2,0,14.891797274245384,-13.232037623410903,0.0,4,0,0.0,0,0,0,0,0,0,True,False,0,0.0,0.0,0.0,0,0,0.0
2025-01-27 09:15:00+08:00,8505.0,8540.0,8504.0,8529.0,10044.0,-14.324941445191143,-9.89474714525691,-4.430194299934234,4,0,2224.569419451106,1449.1712170873318,775.3982023637743,2,0,22.959595119525716,-14.432813425058733,0.0,4,0,0.0,0,0,0,0,0,0,True,False,0,0.0,0.0,0.0,0,0,0.0
2025-01-27 09:20:00+08:00,8530.0,8540.0,8528.0,8538.0,3714.0,-12.838471482324167,-10.876010798519031,-1.9624606838051353,4,0,1347.7785415803928,1415.331423570031,-67.55288198963808,1,-1,33.01738326473601,-13.683772853242672,0.0,4,0,0.0,0,0,0,0,0,0,True,False,0,0.0,0.0,0.0,0,0,0.0
2025-01-27 09:25:00+08:00,8538.0,8549.0,8535.0,8537.0,5373.0,-11.647604104800848,-11.133129331794889,-0.5144747730059596,4,0,912.9511049052489,1247.8676787924137,-334.91657388716476,1,0,37.59537983412488,-12.283243056625508,0.0,4,0,0.0,0,0,0,0,0,0,True,False,0,0.0,0.0,0.0,0,0,0.0
2025-01-27 09:30:00+08:00,8538.0,8542.0,8528.0,8533.0,3647.0,-11.071089826693424,-11.11245986583175,0.04137003913832693,3,1,368.4480550886974,954.7090582700529,-586.2610031813555,4,0,37.300023810843506,-11.078140617194606,0.0,2,1,0.0,0,0,0,0,0,0,False,True,0,0.0,0.0,0.0,0,0,0.0
2025-01-27 09:35:00+08:00,8533.0,8537.0,8518.0,8520.0,4537.0,-12.081309097311532,-11.434885333747761,-0.6464237635637708,4,-1,90.67677552083751,666.8512531874147,-576.1744776665772,4,0,30.44630428322685,-10.859001821839428,0.0,2,0,0.0,0,0,0,0,0,0,True,False,0,0.0,0.0,0.0,0,0,0.0
2025-01-27 09:40:00+08:00,8520.0,8520.0,8473.0,8477.0,16015.0,-17.996484743205656,-13.621352778149788,-4.375131965055868,4,0,1350.7840357729783,894.9209457224758,455.8630900505025,2,1,14.41551445593453,-12.502431724954064,0.0,4,-1,0.0,0,0,0,0,0,-4,True,False,0,8477.0,0.0,0.0,0,0,0.0
2025-01-27 09:45:00+08:00,8477.0,8492.0,8460.0,8491.0,11062.0,-20.000229255194427,-15.74695330440013,-4.253275950794297,4,0,1579.9483505511198,1123.30011275661,456.6482377945099,2,0,16.007615266740856,-13.184743350618714,0.0,4,0,0.0,0,0,0,0,0,0,True,False,-1,8477.0,0.0,0.0,0,0,0.0
2025-01-27 09:50:00+08:00,8490.0,8504.0,8488.0,8497.0,4628.0,-20.2249645806005,-17.23897652640357,-2.9859880541969304,4,0,890.7421891960776,1045.7944110593112,-155.05222186323363,1,-1,20.867024086757386,-12.752745918901432,0.0,4,0,0.0,0,0,0,0,0,0,True,False,-1,8477.0,0.0,0.0,0,0,0.0
2025-01-27 09:55:00+08:00,8497.0,8511.0,8495.0,8508.0,3886.0,-18.559068053662486,-17.67927212000609,-0.8797959336563963,4,0,292.84812781620894,794.9878878136724,-502.13975999746344,4,0,27.715912359346515,-11.286638634197516,0.0,2,1,0.0,0,0,0,0,0,0,True,True,-1,0.0,0.0,0.0,0,0,0.0
2025-01-27 10:00:00+08:00,8508.0,8527.0,8507.0,8519.0,5815.0,-15.597888581258303,-16.98636323400004,1.3884746527417384,2,1,111.07500193711985,567.3519109914571,-456.27690905433724,4,0,35.28664645405625,-9.060355965805709,0.0,2,0,0.0,0,0,0,0,0,0,False,True,0,0.0,0.0,0.0,0,0,0.0
2025-01-27 10:05:00+08:00,8519.0,8520.0,8487.0,8489.0,8278.0,-16.9932870280918,-16.98915619028386,-0.004130837807938548,1,-1,293.3642289656482,476.0895970678358,-182.72536810218764,4,0,27.606447639106854,-8.283377907875074,0.0,2,0,0.0,0,0,0,0,0,0,True,False,0,0.0,0.0,0.0,0,0,0.0
2025-01-27 10:10:00+08:00,8490.0,8491.0,8479.0,8487.0,5666.0,-17.869543800059546,-17.282984536046698,-0.5865592640128483,4,0,83.6900127418794,345.2853012808243,-261.5952885389449,4,0,21.667944778500292,-8.317827431796754,0.0,2,0,0.0,0,0,0,0,0,0,True,False,0,0.0,0.0,0.0,0,0,0.0
2025-01-27 10:30:00+08:00,8486.0,8516.0,8484.0,8512.0,6153.0,-14.933499543300059,-16.500224232751613,1.5667246894515543,2,1,-3.8124294881308742,228.8935685964521,-232.70599808458297,4,0,28.408544310088864,-7.330599764189895,0.0,2,0,0.0,0,0,0,0,0,0,False,True,0,0.0,0.0,0.0,0,0,0.0
2025-01-27 10:35:00+08:00,8512.0,8512.0,8499.0,8501.0,3019.0,-13.948405990382525,-15.650153546580263,1.7017475561977378,2,0,-463.32943000785235,-1.9175790648660893,-461.41185094298623,4,0,28.72547422995482,-6.4545917215767865,0.0,2,0,0.0,0,0,0,0,0,0,False,True,0,0.0,0.0,0.0,0,0,0.0
2025-01-27 10:40:00+08:00,8501.0,8507.0,8487.0,8488.0,3599.0,-14.610646955772609,-15.30394238665601,0.693295430883401,2,0,-703.267387544658,-235.78420113492277,-467.48318640973525,4,0,23.367084561100754,-6.365804538380651,0.0,2,0,0.0,0,0,0,0,0,0,False,True,0,0.0,0.0,0.0,0,0,0.0
2025-01-27 10:45:00+08:00,8489.0,8501.0,8487.0,8497.0,2885.0,-13.624301868034308,-14.74401854786298,1.119716679828672,2,0,-947.823450167034,-473.1283703006368,-474.69507986639724,4,0,23.65555626333626,-6.146214733587559,0.0,2,0,0.0,0,0,0,0,0,0,False,True,0,0.0,0.0,0.0,0,0,0.0
2025-01-27 10:50:00+08:00,8498.0,8512.0,8496.0,8505.0,2853.0,-11.625778800307671,-13.704375007907485,2.078596207599814,2,0,-1103.9770028475132,-683.4606577746856,-420.51634507282756,4,0,27.367196295848014,-5.374517807256787,0.0,2,0,0.0,0,0,0,0,0,0,False,True,0,0.0,0.0,0.0,0,0,0.0
2025-01-27 10:55:00+08:00,8504.0,8523.0,8504.0,8523.0,3967.0,-7.687635412661621,-11.69860408634842,4.010968673686799,2,0,-1049.0233892544738,-805.3397652784366,-243.6836239760372,4,0,36.22649999502567,-3.5848770911654384,0.0,2,0,0.0,0,0,0,0,0,0,False,True,0,0.0,0.0,0.0,0,0,0.0
2025-01-27 11:00:00+08:00,8523.0,8575.0,8520.0,8574.0,16458.0,1.722402261897514,-7.224917526316871,8.947319788214385,2,0,597.9402806304242,-337.66225031763315,935.6025309480574,2,1,60.018852814275355,0.7750560980482604,0.0,2,0,0.0,0,0,0,0,0,0,False,True,0,0.0,0.0,0.0,0,0,0.0
2025-01-27 11:05:00+08:00,8575.0,8576.0,8547.0,8561.0,10420.0,6.657178677865886,-2.597403283852975,9.254581961718861,2,0,977.4677721389344,100.59242482133845,876.8753473175959,2,0,67.67896531698305,4.796354846004149,0.0,2,0,0.0,0,0,0,0,0,0,False,True,0,0.0,0.0,0.0,0,0,0.0
2025-01-27 11:10:00+08:00,8561.0,8586.0,8558.0,8576.0,9424.0,11.893734733588644,2.2331537743626226,9.66058095922602,2,0,1097.397043663109,432.7822712392626,664.6147724238463,2,0,75.09212630343286,8.462358732956794,0.0,2,100,0.0,0,0,0,0,0,0,False,True,0,0.0,0.0,0.0,0,0,0.0
2025-01-27 11:15:00+08:00,8576.0,8580.0,8565.0,8567.0,4631.0,14.184112347384144,6.216916973189601,7.967195374194542,2,0,549.8908359390443,471.71959609055017,78.17123984849417,2,0,74.9013602974002,10.846464527829497,0.0,2,0,0.0,0,0,0,0,0,0,False,True,0,0.0,0.0,0.0,0,0,0.0
2025-01-27 11:20:00+08:00,8567.0,8569.0,8559.0,8562.0,3302.0,14.86095323540576,9.098541571618417,5.762411663787342,2,0,-15.752836594182554,309.18761964992694,-324.9404562441095,1,-1,73.29852503543634,12.09114986732093,0.0,2,0,0.0,0,0,0,0,0,0,False,True,0,0.0,0.0,0.0,0,0,0.0
2025-01-27 11:25:00+08:00,8562.0,8572.0,8562.0,8565.0,3246.0,15.403656374768616,11.200438302011616,4.203218072757,2,0,-420.6426923206591,65.81667988701997,-486.45937220767905,4,0,77.84065167046997,13.268380358564684,0.0,2,0,0.0,0,0,0,0,0,0,False,True,0,0.0,0.0,0.0,0,0,0.0
2025-01-27 13:30:00+08:00,8565.0,8616.0,8565.0,8607.0,15047.0,20.79297711646541,14.398183023295697,6.394794093169711,2,2,801.8532438966158,311.0667957855908,490.78644811102504,2,1,87.61680246545639,15.046260068897332,0.0,2,0,0.0,0,0,0,0,0,0,False,True,0,0.0,0.0,0.0,0,0,0.0
2025-01-27 13:35:00+08:00,8607.0,8615.0,8605.0,8607.0,4885.0,24.145412212685187,17.647451960145077,6.497960252540111,2,0,354.7962254849199,325.616854739594,29.17937074532591,2,0,92.63606890940767,16.60737550536613,0.0,2,0,0.0,0,0,0,0,0,0,False,True,0,0.0,0.0,0.0,0,0,0.0
2025-01-27 13:40:00+08:00,8607.0,8650.0,8606.0,8646.0,9121.0,30.946098319651355,22.080668799870104,8.865429519781252,2,0,570.5952309766108,407.2546824643777,163.34054851223306,2,0,96.43480178226761,17.85161325552638,0.0,2,0,0.0,0,0,0,0,0,0,False,True,0,0.0,0.0,0.0,0,0,0.0
2025-01-27 13:45:00+08:00,8647.0,8660.0,8637.0,8646.0,12591.0,35.077045738311426,26.41326319307894,8.663782545232486,2,0,1150.96424381209,655.09589348751,495.86835032458,2,0,95.23837042028796,18.21017876056733,0.0,2,0,0.0,0,0,0,0,0,0,False,True,0,0.0,0.0,0.0,0,0,0.0
2025-01-27 13:50:00+08:00,8646.0,8656.0,8645.0,8652.0,5145.0,38.00267629069094,30.27595732932202,7.726718961368924,2,0,589.6950209467441,633.4394731246184,-43.74445217787434,1,-1,95.73130185985079,18.142758973075487,0.0,2,0,0.0,0,0,0,0,0,0,False,True,0,0.0,0.0,0.0,0,0,0.0
2025-01-27 13:55:00+08:00,8653.0,8656.0,8645.0,8649.0,3544.0,38.87573697420521,33.14176264106769,5.7339743331375175,2,0,-20.988613151624122,415.4698115800126,-436.45842473163674,4,0,95.21584319315724,17.6444108727609,0.0,2,0,0.0,0,0,0,0,0,0,False,True,0,0.0,0.0,0.0,0,0,0.0
2025-01-27 14:00:00+08:00,8650.0,8654.0,8638.0,8639.0,4561.0,37.39757349237516,34.55981753593785,2.837755956437306,2,0,-321.22708964073627,169.9592382584572,-491.18632789919343,4,0,92.05114792209909,16.526550292439637,0.0,1,0,0.0,0,0,0,0,0,0,False,True,0,0.0,0.0,0.0,0,0,0.0
2025-01-27 14:05:00+08:00,8639.0,8650.0,8638.0,8644.0,3848.0,36.20082620469657,35.10639758983228,1.0944286148642917,2,0,-616.2801158909879,-92.10840276681782,-524.1717131241701,4,0,91.6710368154819,15.313322889101258,0.0,4,0,0.0,0,0,0,0,0,0,False,True,0,0.0,0.0,0.0,0,0,0.0
2025-01-27 14:10:00+08:00,8644.0,8652.0,8639.0,8644.0,3109.0,34.592443542462206,34.93468339749766,-0.3422398550354515,1,-1,-904.7263183535124,-362.98838705639673,-541.7379312971157,4,0,91.77213516341578,14.120495064684704,0.0,4,0,0.0,0,0,0,0,0,0,True,False,0,0.0,0.0,0.0,0,0,0.0
2025-01-27 14:15:00+08:00,8643.0,8658.0,8643.0,8646.0,4096.0,32.982301258509324,34.283422085231784,-1.3011208267224603,4,0,-963.2396178951076,-563.0905551503449,-400.14906274476266,4,0,92.43876065722085,13.058160827897623,0.0,4,0,0.0,0,0,0,0,0,0,True,False,0,0.0,0.0,0.0,0,0,0.0
2025-01-27 14:20:00+08:00,8647.0,8651.0,8641.0,8647.0,2303.0,31.27813877511835,33.28125517995064,-2.0031164048322907,4,0,-1211.693825038229,-779.288863307364,-432.4049617308651,4,0,93.09488496165518,12.142041798666355,0.0,4,0,0.0,0,0,0,0,0,0,True,False,0,0.0,0.0,0.0,0,0,0.0
2025-01-27 14:25:00+08:00,8646.0,8648.0,8643.0,8645.0,1790.0,29.16323825530344,31.90851399501609,-2.7452757397126497,4,0,-1426.006648482878,-994.8370199466159,-431.16962853626217,4,0,92.84747967224489,11.194677576754387,0.0,4,0,0.0,0,0,0,0,0,0,True,False,0,0.0,0.0,0.0,0,0,0.0
2025-01-27 14:30:00+08:00,8644.0,8674.0,8642.0,8663.0,8412.0,29.343605032898267,31.05360950364234,-1.710004470744071,4,0,-705.7808014696202,-898.4942649401657,192.71346347054555,3,1,93.94860471790241,10.42292415402278,0.0,4,0,0.0,0,0,0,0,0,0,True,False,0,0.0,0.0,0.0,0,0,0.0
2025-01-27 14:35:00+08:00,8663.0,8668.0,8647.0,8648.0,4302.0,26.944626998996682,29.6838946136172,-2.739267614620516,4,0,-705.8625414010221,-834.2346898167199,128.37214841569778,2,0,90.69897450289834,9.245469108738178,0.0,4,0,0.0,0,0,0,0,0,0,True,False,0,0.0,0.0,0.0,0,0,0.0
2025-01-27 14:40:00+08:00,8648.0,8664.0,8646.0,8661.0,3240.0,26.33682985514315,28.568010868149848,-2.2311810130066974,4,0,-825.8704188617558,-831.4384514345124,5.568032572756692,2,0,92.11592440000953,8.410431973663464,0.0,4,0,0.0,0,0,0,0,0,0,True,False,0,0.0,0.0,0.0,0,0,0.0
2025-01-27 14:45:00+08:00,8662.0,8664.0,8651.0,8664.0,2768.0,25.73274840935119,27.622835266391803,-1.8900868570406146,4,0,-952.7980070742428,-871.9038084325961,-80.89419864164677,4,-1,94.02838040350775,7.8648664094739615,0.0,4,0,0.0,0,0,0,0,0,0,True,False,0,0.0,0.0,0.0,0,0,0.0
2025-01-27 14:50:00+08:00,8663.0,8667.0,8655.0,8656.0,3691.0,23.747391237724514,26.331156108003533,-2.583764870279019,4,0,-904.7320771508266,-882.8430042309125,-21.889072919914156,4,0,92.90515563451918,7.173606224015401,0.0,4,0,0.0,0,0,0,0,0,0,True,False,0,0.0,0.0,0.0,0,0,0.0
2025-01-27 14:55:00+08:00,8656.0,8681.0,8655.0,8664.0,7282.0,22.86357843683072,25.175409444338978,-2.311831007508257,4,0,-395.7413578832293,-720.4554939394029,324.71413605617363,2,1,92.46896457185552,6.488816779215966,0.0,4,0,0.0,0,0,0,0,0,0,True,False,0,0.0,0.0,0.0,0,0,0.0
